source,source_id,smiles,d3_sa_score,d3_electron_reorg_eV,d3_hole_reorg_eV,d3_solv_reduction_potential_raw,d3_solv_oxidation_potential_raw,parent_smiles,parent_families,parent_in_library,status,grafted_smiles,graft,families,multi_e,evidence,grafted_in_library,MW,n_e_nominal,capacity_nominal_mAh_g,SA_grafted,sa_note,charge_resting,heavy_atoms,d3_lambda_valid
D3TaLES,05PNOK,CCN1c2c(C)cc(C(F)(F)F)cc2Sc2cc(C(F)(F)F)cc(C)c21,2.88,6.777,0.5276,5.436,1.151,CCN1c2c(C)cc(C(F)(F)F)cc2Sc2cc(C(F)(F)F)cc(C)c21,phenothiazine,False,no graft handle,,,phenothiazine,False,,,,,,,,,,False
D3TaLES,05PTMH,CCN1c2c(C)cccc2Sc2cccc(C)c21,2.37,4.46,0.5362,5.506,0.905,CCN1c2c(C)cccc2Sc2cccc(C)c21,phenothiazine,False,no graft handle,,,phenothiazine,False,,,,,,,,,,False
D3TaLES,05TRCY,CCN1c2ccccc2Sc2ccc(C(F)(F)F)cc21,2.19,1.972,0.6309,6.142,0.762,CCN1c2ccccc2Sc2ccc(C(F)(F)F)cc21,phenothiazine,False,no graft handle,,,phenothiazine,False,,,,,,,,,,False
D3TaLES,05JHCB,CCN1c2ccc(OCCOCCOC)cc2Sc2cc(OCCOCCOC)ccc21,2.59,3.885,0.5915,5.637,0.289,CCN1c2ccc(OCCOCCOC)cc2Sc2cc(OCCOCCOC)ccc21,phenothiazine,False,no graft handle,,,phenothiazine,False,,,,,,,,,,False
D3TaLES,05UYEV,CCN1c2ccc(C(F)(F)C(F)(F)F)cc2Sc2cc(C(F)(F)C(F)(F)F)ccc21,3.01,1.93,0.4543,6.263,0.924,CCN1c2ccc(C(F)(F)C(F)(F)F)cc2Sc2cc(C(F)(F)C(F)(F)F)ccc21,phenothiazine,False,no graft handle,,,phenothiazine,False,,,,,,,,,,False
D3TaLES,05BCMO,CCN1c2ccc(C(F)(F)F)cc2Sc2cc(C(F)(F)F)ccc21,2.47,2.112,0.4841,6.206,0.901,CCN1c2ccc(C(F)(F)F)cc2Sc2cc(C(F)(F)F)ccc21,phenothiazine,False,no graft handle,,,phenothiazine,False,,,,,,,,,,False
D3TaLES,05PJTD,COCCOCCN1c2ccc(C(F)(F)F)cc2Sc2cc(C(F)(F)F)ccc21,2.6,2.59,0.4726,6.277,0.765,COCCOCCN1c2ccc(C(F)(F)F)cc2Sc2cc(C(F)(F)F)ccc21,phenothiazine,False,no graft handle,,,phenothiazine,False,,,,,,,,,,False
D3TaLES,05MJZZ,CCN1c2ccc(Br)cc2Sc2cc(Br)ccc21,2.36,1.353,0.3828,6.021,0.746,CCN1c2ccc(Br)cc2Sc2cc(Br)ccc21,phenothiazine,False,no graft handle,,,phenothiazine,False,,,,,,,,,,True
D3TaLES,05KFIE,CCN1c2ccc(Cl)cc2Sc2cc(Cl)ccc21,2.2,1.32,0.3958,6.024,0.728,CCN1c2ccc(Cl)cc2Sc2cc(Cl)ccc21,phenothiazine,False,no graft handle,,,phenothiazine,False,,,,,,,,,,True
D3TaLES,05KCEN,CCN1c2ccc(C#N)cc2Sc2cc(C#N)ccc21,2.57,1.477,0.3681,6.647,1.038,CCN1c2ccc(C#N)cc2Sc2cc(C#N)ccc21,phenothiazine,False,no graft handle,,,phenothiazine,False,,,,,,,,,,True
D3TaLES,05PESY,CCN1c2ccc(C)cc2Sc2cc(C)ccc21,2.16,1.462,0.379,5.661,0.377,CCN1c2ccc(C)cc2Sc2cc(C)ccc21,phenothiazine,False,no graft handle,,,phenothiazine,False,,,,,,,,,,True
D3TaLES,05FYOH,CCN1c2ccc(OC)cc2Sc2cc(OC)ccc21,2.13,1.977,0.4399,5.66,0.317,CCN1c2ccc(OC)cc2Sc2cc(OC)ccc21,phenothiazine,False,no graft handle,,,phenothiazine,False,,,,,,,,,,False
D3TaLES,05XIVB,COCCOCCN1c2ccc(OC)cc2Sc2cc(OC)ccc21,2.31,2.029,0.5294,5.697,0.353,COCCOCCN1c2ccc(OC)cc2Sc2cc(OC)ccc21,phenothiazine,False,no graft handle,,,phenothiazine,False,,,,,,,,,,False
D3TaLES,05NLZW,CCN1c2ccccc2Sc2ccccc21,1.9,,,,,CCN1c2ccccc2Sc2ccccc21,phenothiazine,False,no graft handle,,,phenothiazine,False,,,,,,,,,,False
D3TaLES,05WEXS,CC(C)N1c2ccccc2Sc2ccccc21,2.1,1.796,0.4317,5.682,0.593,CC(C)N1c2ccccc2Sc2ccccc21,phenothiazine,False,no graft handle,,,phenothiazine,False,,,,,,,,,,False
D3TaLES,05DLTF,COCCOC(C)CN1c2ccccc2Sc2ccccc21,2.75,3.533,0.5621,5.557,0.724,COCCOC(C)CN1c2ccccc2Sc2ccccc21,phenothiazine,False,no graft handle,,,phenothiazine,False,,,,,,,,,,False
D3TaLES,05MYHH,COCCOCCN1c2ccccc2Sc2ccccc21,2.1,1.945,0.5247,5.605,0.631,COCCOCCN1c2ccccc2Sc2ccccc21,phenothiazine,False,no graft handle,,,phenothiazine,False,,,,,,,,,,False
D3TaLES,05EEZH,COCCN1c2ccccc2Sc2ccccc21,1.95,1.44,0.5443,5.612,0.633,COCCN1c2ccccc2Sc2ccccc21,phenothiazine,False,no graft handle,,,phenothiazine,False,,,,,,,,,,True
D3TaLES,05MEGG,CN1c2ccccc2Sc2ccccc21,1.87,1.231,0.5229,5.628,0.688,CN1c2ccccc2Sc2ccccc21,phenothiazine,True,no graft handle,,,phenothiazine,False,,,,,,,,,,True
D3TaLES,05STTW,c1ccc(N2c3ccccc3Sc3ccccc32)cc1,1.82,,0.4822,,0.597,c1ccc(N2c3ccccc3Sc3ccccc32)cc1,phenothiazine,False,no graft handle,,,phenothiazine,False,,,,,,,,,,False
D3TaLES,05DXWO,CCCN1c2ccccc2Sc2ccccc21,1.89,1.48,0.4026,5.699,0.593,CCCN1c2ccccc2Sc2ccccc21,phenothiazine,False,no graft handle,,,phenothiazine,False,,,,,,,,,,True
D3TaLES,05RYQW,CC(C)(C)N1c2ccccc2Sc2ccccc21,2.26,3.132,0.5057,5.454,0.87,CC(C)(C)N1c2ccccc2Sc2ccccc21,phenothiazine,False,no graft handle,,,phenothiazine,False,,,,,,,,,,False
D3TaLES,05NBTP,COC1=CC(=O)c2cc(C)oc2C1=O,2.83,1.487,0.4528,8.01,2.26,COC1=CC(=O)c2cc(C)oc2C1=O,p-quinone,False,no graft handle,,,p-quinone,True,,,,,,,,,,True
D3TaLES,05KUSN,CC(C)=CCCC(C)C1=C(O)C(=O)C(C)=C(NCc2ccccc2)C1=O,3.24,0.6469,0.2293,7.828,1.276,CC(C)=CCCC(C)C1=C(O)C(=O)C(C)=C(NCc2ccccc2)C1=O,p-quinone,False,unassigned stereo,CC(C)=CCCC(C)C1=C(OCc2ccc(C)cc2)C(=O)C(C)=C(NCc2ccccc2)C1=O,"O-benzyl ether (phenol/enol, Williamson)",p-quinone,True,"two reversible waves in MeCN, spacing 0.79-0.94 V (benzoquinones, tier A)",False,457.614,2.0,117.1,3.24,neutral,0.0,34.0,True
D3TaLES,05KUSN,CC(C)=CCCC(C)C1=C(O)C(=O)C(C)=C(NCc2ccccc2)C1=O,3.24,0.6469,0.2293,7.828,1.276,CC(C)=CCCC(C)C1=C(O)C(=O)C(C)=C(NCc2ccccc2)C1=O,p-quinone,False,unassigned stereo,CC(C)=CCCC(C)C1=C(O)C(=O)C(C)=C(N(Cc2ccccc2)Cc2ccc(C)cc2)C1=O,N-benzyl (amine N-H),p-quinone,True,"two reversible waves in MeCN, spacing 0.79-0.94 V (benzoquinones, tier A)",False,457.614,2.0,117.1,3.31,neutral,0.0,34.0,True
D3TaLES,05EVXG,CCCCCCCCNC1=C(Cl)C(=O)c2ccccc2C1=O,2.19,0.5323,0.3453,7.924,1.482,CCCCCCCCNC1=C(Cl)C(=O)c2ccccc2C1=O,p-quinone,False,ok,CCCCCCCCN(Cc1ccc(C)cc1)C1=C(Cl)C(=O)c2ccccc2C1=O,N-benzyl (amine N-H),p-quinone,True,"two reversible waves in MeCN, spacing 0.79-0.94 V (benzoquinones, tier A)",False,423.984,2.0,126.4,2.37,neutral,0.0,30.0,True
D3TaLES,05FQQB,CNC1=C(Cl)C(=O)c2ccccc2C1=O,2.28,0.5532,0.3813,7.852,1.485,CNC1=C(Cl)C(=O)c2ccccc2C1=O,p-quinone,False,ok,Cc1ccc(CN(C)C2=C(Cl)C(=O)c3ccccc3C2=O)cc1,N-benzyl (amine N-H),p-quinone,True,"two reversible waves in MeCN, spacing 0.79-0.94 V (benzoquinones, tier A)",False,325.795,2.0,164.5,2.25,neutral,0.0,23.0,True
D3TaLES,05GFJZ,CC(C)=CCCC(C)C1=C(O)C(=O)C(C)=C(Nc2ccccc2)C1=O,3.24,0.826,0.3449,7.953,1.447,CC(C)=CCCC(C)C1=C(O)C(=O)C(C)=C(Nc2ccccc2)C1=O,p-quinone,False,unassigned stereo,CC(C)=CCCC(C)C1=C(OCc2ccc(C)cc2)C(=O)C(C)=C(Nc2ccccc2)C1=O,"O-benzyl ether (phenol/enol, Williamson)",p-quinone,True,"two reversible waves in MeCN, spacing 0.79-0.94 V (benzoquinones, tier A)",False,443.587,2.0,120.8,3.22,neutral,0.0,33.0,True
D3TaLES,05GFJZ,CC(C)=CCCC(C)C1=C(O)C(=O)C(C)=C(Nc2ccccc2)C1=O,3.24,0.826,0.3449,7.953,1.447,CC(C)=CCCC(C)C1=C(O)C(=O)C(C)=C(Nc2ccccc2)C1=O,p-quinone,False,unassigned stereo,CC(C)=CCCC(C)C1=C(O)C(=O)C(C)=C(N(Cc2ccc(C)cc2)c2ccccc2)C1=O,N-benzyl (amine N-H),p-quinone,True,"two reversible waves in MeCN, spacing 0.79-0.94 V (benzoquinones, tier A)",False,443.587,2.0,120.8,3.37,neutral,0.0,33.0,True
D3TaLES,05XPWB,CCCC(=O)N(C(=O)CCC)C1=C(Cl)C(=O)c2ccccc2C1=O,2.65,0.7969,,8.559,2.432,CCCC(=O)N(C(=O)CCC)C1=C(Cl)C(=O)c2ccccc2C1=O,p-quinone,False,no graft handle,,,p-quinone,True,,,,,,,,,,True
D3TaLES,05KEAP,CCCNC1=C(Cl)C(=O)c2ccccc2C1=O,2.19,0.6253,0.4066,7.828,1.513,CCCNC1=C(Cl)C(=O)c2ccccc2C1=O,p-quinone,False,ok,CCCN(Cc1ccc(C)cc1)C1=C(Cl)C(=O)c2ccccc2C1=O,N-benzyl (amine N-H),p-quinone,True,"two reversible waves in MeCN, spacing 0.79-0.94 V (benzoquinones, tier A)",False,353.849,2.0,151.5,2.29,neutral,0.0,25.0,True
D3TaLES,05UJSA,CCCCNC1=C(Cl)C(=O)c2ccccc2C1=O,2.18,0.4833,0.374,7.966,1.508,CCCCNC1=C(Cl)C(=O)c2ccccc2C1=O,p-quinone,False,ok,CCCCN(Cc1ccc(C)cc1)C1=C(Cl)C(=O)c2ccccc2C1=O,N-benzyl (amine N-H),p-quinone,True,"two reversible waves in MeCN, spacing 0.79-0.94 V (benzoquinones, tier A)",False,367.876,2.0,145.7,2.3,neutral,0.0,26.0,True
D3TaLES,05LQGK,CCCCCCNC1=C(Cl)C(=O)c2ccccc2C1=O,2.17,0.4796,0.3279,8.054,1.439,CCCCCCNC1=C(Cl)C(=O)c2ccccc2C1=O,p-quinone,False,ok,CCCCCCN(Cc1ccc(C)cc1)C1=C(Cl)C(=O)c2ccccc2C1=O,N-benzyl (amine N-H),p-quinone,True,"two reversible waves in MeCN, spacing 0.79-0.94 V (benzoquinones, tier A)",False,395.93,2.0,135.4,2.33,neutral,0.0,28.0,True
D3TaLES,05XERR,CCNC1=C(Cl)C(=O)c2ccccc2C1=O,2.24,0.555,0.3323,7.881,1.434,CCNC1=C(Cl)C(=O)c2ccccc2C1=O,p-quinone,False,ok,CCN(Cc1ccc(C)cc1)C1=C(Cl)C(=O)c2ccccc2C1=O,N-benzyl (amine N-H),p-quinone,True,"two reversible waves in MeCN, spacing 0.79-0.94 V (benzoquinones, tier A)",False,339.822,2.0,157.7,2.26,neutral,0.0,24.0,True
D3TaLES,05UCVE,O=C1C=C(N2CCCC2)C(=O)c2ccccc21,2.17,0.4419,0.2781,7.689,1.36,O=C1C=C(N2CCCC2)C(=O)c2ccccc21,p-quinone,False,no graft handle,,,p-quinone,True,,,,,,,,,,True
D3TaLES,05JIAU,CC(C)(C)C1=Cc2cc(C(C)(C)C)ccc2C(=O)C1=O,2.51,0.4459,0.9605,8.01,2.097,CC(C)(C)C1=Cc2cc(C(C)(C)C)ccc2C(=O)C1=O,o-quinone,False,no graft handle,,,o-quinone,True,,,,,,,,,,True
D3TaLES,05STJI,NC1=CC(=O)c2ccccc2C1=O,2.23,0.5433,0.376,7.725,1.763,NC1=CC(=O)c2ccccc2C1=O,p-quinone,False,ok,Cc1ccc(CNC2=CC(=O)c3ccccc3C2=O)cc1,N-benzyl (amine N-H),p-quinone,True,"two reversible waves in MeCN, spacing 0.79-0.94 V (benzoquinones, tier A)",False,277.323,2.0,193.3,2.03,neutral,0.0,21.0,True
D3TaLES,05DZXH,O=C1C=CC(=O)C(c2ccc(I)cc2)=C1,2.4,0.5438,0.3089,8.354,2.236,O=C1C=CC(=O)C(c2ccc(I)cc2)=C1,p-quinone,False,no graft handle,,,p-quinone,True,,,,,,,,,,True
D3TaLES,05TPTO,COC1=CC(=O)C(c2cc(OC)ccc2OC)=CC1=O,2.33,0.4587,0.5714,8.231,1.206,COC1=CC(=O)C(c2cc(OC)ccc2OC)=CC1=O,p-quinone,True,no graft handle,,,p-quinone,True,,,,,,,,,,True
D3TaLES,05WBSV,CC1=C(SCCC(=O)O)C(=O)c2ccccc2C1=O,2.37,0.5685,0.6813,8.164,1.921,CC1=C(SCCC(=O)O)C(=O)c2ccccc2C1=O,p-quinone,False,ok,CC1=C(SCCC(=O)OCc2ccc(C)cc2)C(=O)c2ccccc2C1=O,benzyl ester (carboxylate),p-quinone,True,"two reversible waves in MeCN, spacing 0.79-0.94 V (benzoquinones, tier A)",False,380.465,2.0,140.9,2.31,neutral,0.0,27.0,True
D3TaLES,05LCLA,O=C(O)CCSC1=CC(=O)C(=O)c2ccccc21,2.4,0.6269,0.7467,8.068,1.955,O=C(O)CCSC1=CC(=O)C(=O)c2ccccc21,o-quinone,False,ok,Cc1ccc(COC(=O)CCSC2=CC(=O)C(=O)c3ccccc32)cc1,benzyl ester (carboxylate),o-quinone,True,"two quasi-reversible waves, spacing 0.41 V (1,2-naphthoquinone, tier A)",False,366.438,2.0,146.3,2.32,neutral,0.0,26.0,True
D3TaLES,05SLTD,COC(=O)C(C)SC1=C(SC(C)C(=O)OC)C(=O)c2ccccc2C1=O,3.47,0.7391,0.7132,8.41,1.554,COC(=O)C(C)SC1=C(SC(C)C(=O)OC)C(=O)c2ccccc2C1=O,p-quinone,False,no graft handle,,,p-quinone,True,,,,,,,,,,True
D3TaLES,05EGPP,CC1=C(SC(C)C(=O)O)C(=O)c2ccccc2C1=O,2.91,0.5289,0.6755,8.287,1.951,CC1=C(SC(C)C(=O)O)C(=O)c2ccccc2C1=O,p-quinone,False,unassigned stereo,CC1=C(SC(C)C(=O)OCc2ccc(C)cc2)C(=O)c2ccccc2C1=O,benzyl ester (carboxylate),p-quinone,True,"two reversible waves in MeCN, spacing 0.79-0.94 V (benzoquinones, tier A)",False,380.465,2.0,140.9,2.81,neutral,0.0,27.0,True
D3TaLES,05XKCN,CCCCNC1=CC(=O)c2c(O)ccc(NCCCC)c2C1=O,2.56,0.7711,0.4298,8.269,1.161,CCCCNC1=CC(=O)c2c(O)ccc(NCCCC)c2C1=O,p-quinone,False,ok,CCCCNC1=CC(=O)c2c(OCc3ccc(C)cc3)ccc(NCCCC)c2C1=O,"O-benzyl ether (phenol/enol, Williamson)",p-quinone,True,"two reversible waves in MeCN, spacing 0.79-0.94 V (benzoquinones, tier A)",False,420.553,2.0,127.5,2.5,neutral,0.0,31.0,True
D3TaLES,05XKCN,CCCCNC1=CC(=O)c2c(O)ccc(NCCCC)c2C1=O,2.56,0.7711,0.4298,8.269,1.161,CCCCNC1=CC(=O)c2c(O)ccc(NCCCC)c2C1=O,p-quinone,False,ok,CCCCNc1ccc(O)c2c1C(=O)C(N(CCCC)Cc1ccc(C)cc1)=CC2=O,N-benzyl (amine N-H),p-quinone,True,"two reversible waves in MeCN, spacing 0.79-0.94 V (benzoquinones, tier A)",False,420.553,2.0,127.5,2.68,neutral,0.0,31.0,True
D3TaLES,05XKCN,CCCCNC1=CC(=O)c2c(O)ccc(NCCCC)c2C1=O,2.56,0.7711,0.4298,8.269,1.161,CCCCNC1=CC(=O)c2c(O)ccc(NCCCC)c2C1=O,p-quinone,False,ok,CCCCNC1=CC(=O)c2c(O)ccc(N(CCCC)Cc3ccc(C)cc3)c2C1=O,N-benzyl (amine N-H),p-quinone,True,"two reversible waves in MeCN, spacing 0.79-0.94 V (benzoquinones, tier A)",False,420.553,2.0,127.5,2.68,neutral,0.0,31.0,True
D3TaLES,05QHOD,CC1(C)CC2=C(O1)c1ccccc1C(=O)C2=O,2.63,0.4772,0.4601,7.839,1.72,CC1(C)CC2=C(O1)c1ccccc1C(=O)C2=O,o-quinone,False,no graft handle,,,o-quinone,True,,,,,,,,,,True
D3TaLES,05BQXN,CC(C)C1=C(O)C(=O)C2=C(C1=O)C1(Oc3c(c4c(c(O)c3C(C)C)C(=O)C(O)=C3C(C)(C)CCCC34C)O1)C(=O)C1C(C)(C)CCCC21C,5.84,0.7521,0.568,8.443,1.09,CC(C)C1=C(O)C(=O)C2=C(C1=O)C1(Oc3c(c4c(c(O)c3C(C)C)C(=O)C(O)=C3C(C)(C)CCCC34C)O1)C(=O)C1C(C)(C)CCCC21C,p-quinone,False,unassigned stereo,Cc1ccc(COC2=C(C(C)C)C(=O)C3=C(C2=O)C2(C)CCCC(C)(C)C2C(=O)C32Oc3c(c4c(c(O)c3C(C)C)C(=O)C(O)=C3C(C)(C)CCCC34C)O2)cc1,"O-benzyl ether (phenol/enol, Williamson)",p-quinone,True,"two reversible waves in MeCN, spacing 0.79-0.94 V (benzoquinones, tier A)",False,776.967,2.0,69.0,5.84,neutral,0.0,57.0,True
D3TaLES,05BQXN,CC(C)C1=C(O)C(=O)C2=C(C1=O)C1(Oc3c(c4c(c(O)c3C(C)C)C(=O)C(O)=C3C(C)(C)CCCC34C)O1)C(=O)C1C(C)(C)CCCC21C,5.84,0.7521,0.568,8.443,1.09,CC(C)C1=C(O)C(=O)C2=C(C1=O)C1(Oc3c(c4c(c(O)c3C(C)C)C(=O)C(O)=C3C(C)(C)CCCC34C)O1)C(=O)C1C(C)(C)CCCC21C,p-quinone,False,unassigned stereo,Cc1ccc(COc2c3c(c4c(c2C(C)C)OC2(O4)C(=O)C4C(C)(C)CCCC4(C)C4=C2C(=O)C(C(C)C)=C(O)C4=O)C2(C)CCCC(C)(C)C2=C(O)C3=O)cc1,"O-benzyl ether (phenol/enol, Williamson)",p-quinone,True,"two reversible waves in MeCN, spacing 0.79-0.94 V (benzoquinones, tier A)",False,776.967,2.0,69.0,5.81,neutral,0.0,57.0,True
D3TaLES,05BQXN,CC(C)C1=C(O)C(=O)C2=C(C1=O)C1(Oc3c(c4c(c(O)c3C(C)C)C(=O)C(O)=C3C(C)(C)CCCC34C)O1)C(=O)C1C(C)(C)CCCC21C,5.84,0.7521,0.568,8.443,1.09,CC(C)C1=C(O)C(=O)C2=C(C1=O)C1(Oc3c(c4c(c(O)c3C(C)C)C(=O)C(O)=C3C(C)(C)CCCC34C)O1)C(=O)C1C(C)(C)CCCC21C,p-quinone,False,unassigned stereo,Cc1ccc(COC2=C3C(C)(C)CCCC3(C)c3c4c(c(C(C)C)c(O)c3C2=O)OC2(O4)C(=O)C3C(C)(C)CCCC3(C)C3=C2C(=O)C(C(C)C)=C(O)C3=O)cc1,"O-benzyl ether (phenol/enol, Williamson)",p-quinone,True,"two reversible waves in MeCN, spacing 0.79-0.94 V (benzoquinones, tier A)",False,776.967,2.0,69.0,5.82,neutral,0.0,57.0,True
D3TaLES,05HFAP,NC1=C(Br)C(=O)C(=O)c2ccccc21,2.48,0.4939,0.3524,7.818,1.563,NC1=C(Br)C(=O)C(=O)c2ccccc21,o-quinone,False,ok,Cc1ccc(CNC2=C(Br)C(=O)C(=O)c3ccccc32)cc1,N-benzyl (amine N-H),o-quinone,True,"two quasi-reversible waves, spacing 0.41 V (1,2-naphthoquinone, tier A)",False,356.219,2.0,150.5,2.23,neutral,0.0,22.0,True
D3TaLES,05SEVK,COc1cc(C2=CC(=O)C(F)=CC2=O)c(OC)cc1F,2.64,0.5828,0.4737,8.264,1.207,COc1cc(C2=CC(=O)C(F)=CC2=O)c(OC)cc1F,p-quinone,False,no graft handle,,,p-quinone,True,,,,,,,,,,True
D3TaLES,05INWA,CC(C)(C)C(=O)Oc1cccc2c1C(=O)C=CC2=O,2.42,,,,,CC(C)(C)C(=O)Oc1cccc2c1C(=O)C=CC2=O,p-quinone,False,no graft handle,,,p-quinone,True,,,,,,,,,,False
D3TaLES,05OBNC,COC1=CC(=O)c2c(O)c3c(c(O)c2C1=O)C=C(C)OC3,3.3,-0.001663,0.5276,6.45,1.076,COC1=CC(=O)c2c(O)c3c(c(O)c2C1=O)C=C(C)OC3,p-quinone,False,ok,COC1=CC(=O)c2c(OCc3ccc(C)cc3)c3c(c(O)c2C1=O)C=C(C)OC3,"O-benzyl ether (phenol/enol, Williamson)",p-quinone,True,"two reversible waves in MeCN, spacing 0.79-0.94 V (benzoquinones, tier A)",False,392.407,2.0,136.6,3.04,neutral,0.0,29.0,False
D3TaLES,05OBNC,COC1=CC(=O)c2c(O)c3c(c(O)c2C1=O)C=C(C)OC3,3.3,-0.001663,0.5276,6.45,1.076,COC1=CC(=O)c2c(O)c3c(c(O)c2C1=O)C=C(C)OC3,p-quinone,False,ok,COC1=CC(=O)c2c(O)c3c(c(OCc4ccc(C)cc4)c2C1=O)C=C(C)OC3,"O-benzyl ether (phenol/enol, Williamson)",p-quinone,True,"two reversible waves in MeCN, spacing 0.79-0.94 V (benzoquinones, tier A)",False,392.407,2.0,136.6,3.03,neutral,0.0,29.0,False
D3TaLES,05ORUH,CC(=O)OC1=C(CC=C(C)C)C(=O)c2ccccc2C1=O,2.56,0.5371,2.01,8.077,1.497,CC(=O)OC1=C(CC=C(C)C)C(=O)c2ccccc2C1=O,p-quinone,False,no graft handle,,,p-quinone,True,,,,,,,,,,True
D3TaLES,05CMIF,CC1OC(OC23C(=O)C(O)C(C)(O)CC2(O)C=CC2=C3C(=O)c3cccc(O)c3C2=O)CCC1O,5.07,1.263,1.825,8.2,3.095,CC1OC(OC23C(=O)C(O)C(C)(O)CC2(O)C=CC2=C3C(=O)c3cccc(O)c3C2=O)CCC1O,p-quinone,False,unassigned stereo,Cc1ccc(COC2C(=O)C3(OC4CCC(O)C(C)O4)C4=C(C=CC3(O)CC2(C)O)C(=O)c2c(O)cccc2C4=O)cc1,"O-benzyl ether (phenol/enol, Williamson)",p-quinone,True,"two reversible waves in MeCN, spacing 0.79-0.94 V (benzoquinones, tier A)",False,590.625,2.0,90.8,5.02,neutral,0.0,43.0,True
D3TaLES,05CMIF,CC1OC(OC23C(=O)C(O)C(C)(O)CC2(O)C=CC2=C3C(=O)c3cccc(O)c3C2=O)CCC1O,5.07,1.263,1.825,8.2,3.095,CC1OC(OC23C(=O)C(O)C(C)(O)CC2(O)C=CC2=C3C(=O)c3cccc(O)c3C2=O)CCC1O,p-quinone,False,unassigned stereo,Cc1ccc(COC2(C)CC3(O)C=CC4=C(C(=O)c5cccc(O)c5C4=O)C3(OC3CCC(O)C(C)O3)C(=O)C2O)cc1,"O-benzyl ether (phenol/enol, Williamson)",p-quinone,True,"two reversible waves in MeCN, spacing 0.79-0.94 V (benzoquinones, tier A)",False,590.625,2.0,90.8,5.05,neutral,0.0,43.0,True
D3TaLES,05CMIF,CC1OC(OC23C(=O)C(O)C(C)(O)CC2(O)C=CC2=C3C(=O)c3cccc(O)c3C2=O)CCC1O,5.07,1.263,1.825,8.2,3.095,CC1OC(OC23C(=O)C(O)C(C)(O)CC2(O)C=CC2=C3C(=O)c3cccc(O)c3C2=O)CCC1O,p-quinone,False,unassigned stereo,Cc1ccc(COC23C=CC4=C(C(=O)c5cccc(O)c5C4=O)C2(OC2CCC(O)C(C)O2)C(=O)C(O)C(C)(O)C3)cc1,"O-benzyl ether (phenol/enol, Williamson)",p-quinone,True,"two reversible waves in MeCN, spacing 0.79-0.94 V (benzoquinones, tier A)",False,590.625,2.0,90.8,5.07,neutral,0.0,43.0,True
D3TaLES,05CMIF,CC1OC(OC23C(=O)C(O)C(C)(O)CC2(O)C=CC2=C3C(=O)c3cccc(O)c3C2=O)CCC1O,5.07,1.263,1.825,8.2,3.095,CC1OC(OC23C(=O)C(O)C(C)(O)CC2(O)C=CC2=C3C(=O)c3cccc(O)c3C2=O)CCC1O,p-quinone,False,unassigned stereo,Cc1ccc(COc2cccc3c2C(=O)C2=C(C3=O)C3(OC4CCC(O)C(C)O4)C(=O)C(O)C(C)(O)CC3(O)C=C2)cc1,"O-benzyl ether (phenol/enol, Williamson)",p-quinone,True,"two reversible waves in MeCN, spacing 0.79-0.94 V (benzoquinones, tier A)",False,590.625,2.0,90.8,4.91,neutral,0.0,43.0,True
D3TaLES,05CMIF,CC1OC(OC23C(=O)C(O)C(C)(O)CC2(O)C=CC2=C3C(=O)c3cccc(O)c3C2=O)CCC1O,5.07,1.263,1.825,8.2,3.095,CC1OC(OC23C(=O)C(O)C(C)(O)CC2(O)C=CC2=C3C(=O)c3cccc(O)c3C2=O)CCC1O,p-quinone,False,unassigned stereo,Cc1ccc(COC2CCC(OC34C(=O)C(O)C(C)(O)CC3(O)C=CC3=C4C(=O)c4cccc(O)c4C3=O)OC2C)cc1,"O-benzyl ether (phenol/enol, Williamson)",p-quinone,True,"two reversible waves in MeCN, spacing 0.79-0.94 V (benzoquinones, tier A)",False,590.625,2.0,90.8,4.99,neutral,0.0,43.0,True
D3TaLES,05KWRW,O=C1C=C(NCCO)C(=O)c2ccccc21,2.26,0.9605,0.4498,7.962,1.407,O=C1C=C(NCCO)C(=O)c2ccccc21,p-quinone,False,ok,Cc1ccc(COCCNC2=CC(=O)c3ccccc3C2=O)cc1,"O-benzyl ether (phenol/enol, Williamson)",p-quinone,True,"two reversible waves in MeCN, spacing 0.79-0.94 V (benzoquinones, tier A)",False,321.376,2.0,166.8,2.18,neutral,0.0,24.0,True
D3TaLES,05KWRW,O=C1C=C(NCCO)C(=O)c2ccccc21,2.26,0.9605,0.4498,7.962,1.407,O=C1C=C(NCCO)C(=O)c2ccccc21,p-quinone,False,ok,Cc1ccc(CN(CCO)C2=CC(=O)c3ccccc3C2=O)cc1,N-benzyl (amine N-H),p-quinone,True,"two reversible waves in MeCN, spacing 0.79-0.94 V (benzoquinones, tier A)",False,321.376,2.0,166.8,2.35,neutral,0.0,24.0,True
D3TaLES,05MNMT,NC1=C(Br)C(=O)c2ccccc2C1=O,2.37,0.507,0.4388,7.92,1.767,NC1=C(Br)C(=O)c2ccccc2C1=O,p-quinone,False,ok,Cc1ccc(CNC2=C(Br)C(=O)c3ccccc3C2=O)cc1,N-benzyl (amine N-H),p-quinone,True,"two reversible waves in MeCN, spacing 0.79-0.94 V (benzoquinones, tier A)",False,356.219,2.0,150.5,2.16,neutral,0.0,22.0,True
D3TaLES,05FCSW,O=C1C(=O)c2ccccc2C=C1Br,2.26,0.3509,0.2936,8.337,2.418,O=C1C(=O)c2ccccc2C=C1Br,o-quinone,False,no graft handle,,,o-quinone,True,,,,,,,,,,True
D3TaLES,05REDK,O=C1C=C(Br)C(=O)c2ccccc21,2.06,0.5608,0.3908,8.294,3.42,O=C1C=C(Br)C(=O)c2ccccc21,p-quinone,False,no graft handle,,,p-quinone,True,,,,,,,,,,True
D3TaLES,05ORIE,COC1=CC(=O)C(C2COc3cc(O)ccc3C2)=CC1=O,3.27,0.6172,0.4866,7.949,1.273,COC1=CC(=O)C(C2COc3cc(O)ccc3C2)=CC1=O,p-quinone,False,unassigned stereo,COC1=CC(=O)C(C2COc3cc(OCc4ccc(C)cc4)ccc3C2)=CC1=O,"O-benzyl ether (phenol/enol, Williamson)",p-quinone,True,"two reversible waves in MeCN, spacing 0.79-0.94 V (benzoquinones, tier A)",False,390.435,2.0,137.3,3.05,neutral,0.0,29.0,True
D3TaLES,05TXCN,NC1=C(Cl)C(=O)c2ccccc2C1=O,2.19,0.5506,0.4963,7.917,1.792,NC1=C(Cl)C(=O)c2ccccc2C1=O,p-quinone,False,ok,Cc1ccc(CNC2=C(Cl)C(=O)c3ccccc3C2=O)cc1,N-benzyl (amine N-H),p-quinone,True,"two reversible waves in MeCN, spacing 0.79-0.94 V (benzoquinones, tier A)",False,311.768,2.0,171.9,2.05,neutral,0.0,22.0,True
D3TaLES,05VQSY,COC12C(COC(N)=O)C3=C(C(=O)C(C)=C(N)C3=O)N1CC1C2N1C(=O)c1ccc(Br)cc1,4.48,1.117,0.3935,4.987,1.278,COC12C(COC(N)=O)C3=C(C(=O)C(C)=C(N)C3=O)N1CC1C2N1C(=O)c1ccc(Br)cc1,p-quinone,False,unassigned stereo,COC12C(COC(N)=O)C3=C(C(=O)C(C)=C(NCc4ccc(C)cc4)C3=O)N1CC1C2N1C(=O)c1ccc(Br)cc1,N-benzyl (amine N-H),p-quinone,True,"two reversible waves in MeCN, spacing 0.79-0.94 V (benzoquinones, tier A)",False,621.488,2.0,86.2,4.31,neutral,0.0,41.0,True
D3TaLES,05CLZK,O=C1C(O)=C(Cl)C(=O)c2ccccc21,2.14,0.4261,0.4281,8.176,2.254,O=C1C(O)=C(Cl)C(=O)c2ccccc21,p-quinone,False,ok,Cc1ccc(COC2=C(Cl)C(=O)c3ccccc3C2=O)cc1,"O-benzyl ether (phenol/enol, Williamson)",p-quinone,True,"two reversible waves in MeCN, spacing 0.79-0.94 V (benzoquinones, tier A)",False,312.752,2.0,171.4,2.11,neutral,0.0,22.0,True
D3TaLES,05WMJH,COC1=C(C)C(=O)C2=C(C1=O)C(COC(N)=O)C1(OC)C3C(CN21)N3C(=O)c1ccc(Br)cc1,4.44,1.179,0.49,7.669,1.59,COC1=C(C)C(=O)C2=C(C1=O)C(COC(N)=O)C1(OC)C3C(CN21)N3C(=O)c1ccc(Br)cc1,p-quinone,False,no graft handle,,,p-quinone,True,,,,,,,,,,True
D3TaLES,05SYLM,CCOC(=O)C12C(=O)OCC1CNC1=C2C(=O)c2ccccc2C1=O,3.83,0.6066,0.5463,7.771,1.721,CCOC(=O)C12C(=O)OCC1CNC1=C2C(=O)c2ccccc2C1=O,p-quinone,False,unassigned stereo,CCOC(=O)C12C(=O)OCC1CN(Cc1ccc(C)cc1)C1=C2C(=O)c2ccccc2C1=O,N-benzyl (amine N-H),p-quinone,True,"two reversible waves in MeCN, spacing 0.79-0.94 V (benzoquinones, tier A)",False,445.471,2.0,120.3,3.64,neutral,0.0,33.0,True
D3TaLES,05HDCY,CCc1c(OC)cc2c(c1O)C(=O)C(Cl)=CC2=O,2.68,0.08894,0.495,7.612,1.988,CCc1c(OC)cc2c(c1O)C(=O)C(Cl)=CC2=O,p-quinone,False,ok,CCc1c(OC)cc2c(c1OCc1ccc(C)cc1)C(=O)C(Cl)=CC2=O,"O-benzyl ether (phenol/enol, Williamson)",p-quinone,True,"two reversible waves in MeCN, spacing 0.79-0.94 V (benzoquinones, tier A)",False,370.832,2.0,144.5,2.51,neutral,0.0,26.0,True
D3TaLES,05CZHI,O=C1C(Cl)=C(Cl)C(=O)c2c(O)ccc(O)c21,2.57,0.2449,0.6923,7.857,1.913,O=C1C(Cl)=C(Cl)C(=O)c2c(O)ccc(O)c21,p-quinone,False,ok,Cc1ccc(COc2ccc(O)c3c2C(=O)C(Cl)=C(Cl)C3=O)cc1,"O-benzyl ether (phenol/enol, Williamson)",p-quinone,True,"two reversible waves in MeCN, spacing 0.79-0.94 V (benzoquinones, tier A)",False,363.196,2.0,147.6,2.32,neutral,0.0,24.0,True
D3TaLES,05QWGJ,O=C1C(Cl)=C(Cl)C(=O)c2ccccc21,2.04,0.5757,0.1367,8.385,3.559,O=C1C(Cl)=C(Cl)C(=O)c2ccccc21,p-quinone,True,no graft handle,,,p-quinone,True,,,,,,,,,,True
D3TaLES,05FDRV,CCCc1c(C(=O)OC)c(OC)cc2c1C(=O)C1=C(C2=O)C(C)(C)C(=O)C(C)=C1OC(C)=O,3.25,0.8242,0.8417,8.401,2.415,CCCc1c(C(=O)OC)c(OC)cc2c1C(=O)C1=C(C2=O)C(C)(C)C(=O)C(C)=C1OC(C)=O,p-quinone,False,no graft handle,,,p-quinone,True,,,,,,,,,,True
D3TaLES,05WTAR,O=C1C(F)=C(F)C(=O)c2ccccc21,2.46,0.6461,0.731,8.28,3.383,O=C1C(F)=C(F)C(=O)c2ccccc21,p-quinone,False,no graft handle,,,p-quinone,True,,,,,,,,,,True
D3TaLES,05JCLE,O=C1C=CC(=O)c2c(O)ccc(O)c21,2.43,0.419,0.4256,8.11,1.528,O=C1C=CC(=O)c2c(O)ccc(O)c21,p-quinone,True,ok,Cc1ccc(COc2ccc(O)c3c2C(=O)C=CC3=O)cc1,"O-benzyl ether (phenol/enol, Williamson)",p-quinone,True,"two reversible waves in MeCN, spacing 0.79-0.94 V (benzoquinones, tier A)",False,294.306,2.0,182.1,2.18,neutral,0.0,22.0,True
D3TaLES,05GFAO,COC1C2=C(C(=O)c3c(O)ccc(O)c3C2=O)C(O)C2(C)OC(C)(C)OC12,4.38,0.1466,,7.533,1.609,COC1C2=C(C(=O)c3c(O)ccc(O)c3C2=O)C(O)C2(C)OC(C)(C)OC12,p-quinone,False,unassigned stereo,COC1C2=C(C(=O)c3c(OCc4ccc(C)cc4)ccc(O)c3C2=O)C(O)C2(C)OC(C)(C)OC12,"O-benzyl ether (phenol/enol, Williamson)",p-quinone,True,"two reversible waves in MeCN, spacing 0.79-0.94 V (benzoquinones, tier A)",False,480.513,2.0,111.6,4.17,neutral,0.0,35.0,True
D3TaLES,05GFAO,COC1C2=C(C(=O)c3c(O)ccc(O)c3C2=O)C(O)C2(C)OC(C)(C)OC12,4.38,0.1466,,7.533,1.609,COC1C2=C(C(=O)c3c(O)ccc(O)c3C2=O)C(O)C2(C)OC(C)(C)OC12,p-quinone,False,unassigned stereo,COC1C2=C(C(=O)c3c(O)ccc(OCc4ccc(C)cc4)c3C2=O)C(O)C2(C)OC(C)(C)OC12,"O-benzyl ether (phenol/enol, Williamson)",p-quinone,True,"two reversible waves in MeCN, spacing 0.79-0.94 V (benzoquinones, tier A)",False,480.513,2.0,111.6,4.17,neutral,0.0,35.0,True
D3TaLES,05GFAO,COC1C2=C(C(=O)c3c(O)ccc(O)c3C2=O)C(O)C2(C)OC(C)(C)OC12,4.38,0.1466,,7.533,1.609,COC1C2=C(C(=O)c3c(O)ccc(O)c3C2=O)C(O)C2(C)OC(C)(C)OC12,p-quinone,False,unassigned stereo,COC1C2=C(C(=O)c3c(O)ccc(O)c3C2=O)C(OCc2ccc(C)cc2)C2(C)OC(C)(C)OC12,"O-benzyl ether (phenol/enol, Williamson)",p-quinone,True,"two reversible waves in MeCN, spacing 0.79-0.94 V (benzoquinones, tier A)",False,480.513,2.0,111.6,4.25,neutral,0.0,35.0,True
D3TaLES,05CSCU,CCCC1CCOC2=C1C(=O)C(=O)c1ccccc12,3.09,0.4771,0.5582,7.871,1.942,CCCC1CCOC2=C1C(=O)C(=O)c1ccccc12,o-quinone,False,no graft handle,,,o-quinone,True,,,,,,,,,,True
D3TaLES,05YKYA,CN(C)C1=CC(=O)C(=O)c2ccccc21,2.34,0.5166,0.5074,7.823,1.34,CN(C)C1=CC(=O)C(=O)c2ccccc21,o-quinone,False,no graft handle,,,o-quinone,True,,,,,,,,,,True
D3TaLES,80JPGP,Cc1cc2c(cc1C)C(=O)C1=C([N]SS1)C2=O,3.35,1.934,0.3326,8.196,0.951,Cc1cc2c(cc1C)C(=O)C1=C([N]SS1)C2=O,p-quinone,False,no graft handle,,,p-quinone,True,,,,,,,,,,False
D3TaLES,80BVRW,CC(=O)Oc1c2c(c(OC(C)=O)c3c1C1CC(OC(=O)CI)C3(OC(C)=O)C(C)O1)C(=O)C1=C(C2=O)C2OC(=O)CC2OC1C,6.25,4.661,1.69,8.345,2.687,CC(=O)Oc1c2c(c(OC(C)=O)c3c1C1CC(OC(=O)CI)C3(OC(C)=O)C(C)O1)C(=O)C1=C(C2=O)C2OC(=O)CC2OC1C,p-quinone,False,no graft handle,,,p-quinone,True,,,,,,,,,,False
D3TaLES,80AHRE,CN(C)c1cc2c(N(C)C)cc1CCCC1=CC(=O)C(=CC1=O)CCC2,4.65,0.6328,1.341,8.035,0.294,CN(C)c1cc2c(N(C)C)cc1CCCC1=CC(=O)C(=CC1=O)CCC2,p-quinone,False,no graft handle,,,p-quinone,True,,,,,,,,,,True
D3TaLES,80AIVK,COC(=O)CC(C)C1=C(O)C(=O)c2ccccc2C1=O,2.9,0.7597,0.7961,8.34,2.096,COC(=O)CC(C)C1=C(O)C(=O)c2ccccc2C1=O,p-quinone,False,unassigned stereo,COC(=O)CC(C)C1=C(OCc2ccc(C)cc2)C(=O)c2ccccc2C1=O,"O-benzyl ether (phenol/enol, Williamson)",p-quinone,True,"two reversible waves in MeCN, spacing 0.79-0.94 V (benzoquinones, tier A)",False,378.424,2.0,141.6,2.89,neutral,0.0,28.0,True
D3TaLES,80DFXH,Cc1c2c(n(C)c1C)C(=O)C=CC2=O,2.78,0.5381,0.4235,7.839,1.544,Cc1c2c(n(C)c1C)C(=O)C=CC2=O,p-quinone,False,no graft handle,,,p-quinone,True,,,,,,,,,,True
D3TaLES,80BOBY,O=C1C=CC=CC1=CNc1ncccc1O,2.65,0.7092,0.4207,7.591,1.003,O=C1C=CC=CC1=CNc1ncccc1O,,False,unassigned stereo,Cc1ccc(C[n+]2cccc(O)c2NC=C2C=CC=CC2=O)cc1,N-benzyl pyridinium (Menshutkin),pyridinium,False,single reduction; parent reported irreversible,False,319.384,1.0,83.9,2.95,inherently-charged (azinium; no neutral form),1.0,24.0,True
D3TaLES,80EZHB,COC(=O)C1(O)CC2=C(c3c1cc(Cl)nc3Cl)N(C)CCC2,3.89,0.4932,0.8739,6.573,0.498,COC(=O)C1(O)CC2=C(c3c1cc(Cl)nc3Cl)N(C)CCC2,,False,unassigned stereo,COC(=O)C1(O)CC2=C(c3c1cc(Cl)[n+](Cc1ccc(C)cc1)c3Cl)N(C)CCC2,N-benzyl pyridinium (Menshutkin),pyridinium,False,single reduction; parent reported irreversible,False,448.37,1.0,59.8,3.98,inherently-charged (azinium; no neutral form),1.0,30.0,True
D3TaLES,80GELZ,COC1=CC(=O)C2=C(CCc3cccc(O)c32)C1=O,2.75,1.527,0.4565,8.602,1.69,COC1=CC(=O)C2=C(CCc3cccc(O)c32)C1=O,p-quinone,False,ok,COC1=CC(=O)C2=C(CCc3cccc(OCc4ccc(C)cc4)c32)C1=O,"O-benzyl ether (phenol/enol, Williamson)",p-quinone,True,"two reversible waves in MeCN, spacing 0.79-0.94 V (benzoquinones, tier A)",False,360.409,2.0,148.7,2.53,neutral,0.0,27.0,False
D3TaLES,80JFWD,COc1cc2c(OC)cc1CCCC1=CC(=O)C(=CC1=O)CCC2,4.23,0.7535,0.5431,,1.051,COc1cc2c(OC)cc1CCCC1=CC(=O)C(=CC1=O)CCC2,p-quinone,False,no graft handle,,,p-quinone,True,,,,,,,,,,True
D3TaLES,80AULR,COc1cc2c(OC)cc1CCCCC1=CC(=O)C(=CC1=O)CCCC2,4.21,0.8329,0.5656,7.95,0.963,COc1cc2c(OC)cc1CCCCC1=CC(=O)C(=CC1=O)CCCC2,p-quinone,False,no graft handle,,,p-quinone,True,,,,,,,,,,True
D3TaLES,80AXFC,COC1=CC(=O)c2c(O)c3c(c(C)c2C1=O)CC1(O)C(O)C(=O)C(=C(C)O)C(=O)C1(O)C3=O,4.62,0.5604,0.7724,7.671,2.024,COC1=CC(=O)c2c(O)c3c(c(C)c2C1=O)CC1(O)C(O)C(=O)C(=C(C)O)C(=O)C1(O)C3=O,p-quinone,False,unassigned stereo,COC1=CC(=O)c2c(OCc3ccc(C)cc3)c3c(c(C)c2C1=O)CC1(O)C(O)C(=O)C(=C(C)O)C(=O)C1(O)C3=O,"O-benzyl ether (phenol/enol, Williamson)",p-quinone,True,"two reversible waves in MeCN, spacing 0.79-0.94 V (benzoquinones, tier A)",False,562.527,2.0,95.3,4.49,neutral,0.0,41.0,True
D3TaLES,80AXFC,COC1=CC(=O)c2c(O)c3c(c(C)c2C1=O)CC1(O)C(O)C(=O)C(=C(C)O)C(=O)C1(O)C3=O,4.62,0.5604,0.7724,7.671,2.024,COC1=CC(=O)c2c(O)c3c(c(C)c2C1=O)CC1(O)C(O)C(=O)C(=C(C)O)C(=O)C1(O)C3=O,p-quinone,False,unassigned stereo,COC1=CC(=O)c2c(O)c3c(c(C)c2C1=O)CC1(OCc2ccc(C)cc2)C(O)C(=O)C(=C(C)O)C(=O)C1(O)C3=O,"O-benzyl ether (phenol/enol, Williamson)",p-quinone,True,"two reversible waves in MeCN, spacing 0.79-0.94 V (benzoquinones, tier A)",False,562.527,2.0,95.3,4.55,neutral,0.0,41.0,True
D3TaLES,80AXFC,COC1=CC(=O)c2c(O)c3c(c(C)c2C1=O)CC1(O)C(O)C(=O)C(=C(C)O)C(=O)C1(O)C3=O,4.62,0.5604,0.7724,7.671,2.024,COC1=CC(=O)c2c(O)c3c(c(C)c2C1=O)CC1(O)C(O)C(=O)C(=C(C)O)C(=O)C1(O)C3=O,p-quinone,False,unassigned stereo,COC1=CC(=O)c2c(O)c3c(c(C)c2C1=O)CC1(O)C(OCc2ccc(C)cc2)C(=O)C(=C(C)O)C(=O)C1(O)C3=O,"O-benzyl ether (phenol/enol, Williamson)",p-quinone,True,"two reversible waves in MeCN, spacing 0.79-0.94 V (benzoquinones, tier A)",False,562.527,2.0,95.3,4.5,neutral,0.0,41.0,True
D3TaLES,80AXFC,COC1=CC(=O)c2c(O)c3c(c(C)c2C1=O)CC1(O)C(O)C(=O)C(=C(C)O)C(=O)C1(O)C3=O,4.62,0.5604,0.7724,7.671,2.024,COC1=CC(=O)c2c(O)c3c(c(C)c2C1=O)CC1(O)C(O)C(=O)C(=C(C)O)C(=O)C1(O)C3=O,p-quinone,False,unassigned stereo,COC1=CC(=O)c2c(O)c3c(c(C)c2C1=O)CC1(O)C(O)C(=O)C(=C(C)OCc2ccc(C)cc2)C(=O)C1(O)C3=O,"O-benzyl ether (phenol/enol, Williamson)",p-quinone,True,"two reversible waves in MeCN, spacing 0.79-0.94 V (benzoquinones, tier A)",False,562.527,2.0,95.3,4.54,neutral,0.0,41.0,True
D3TaLES,80AXFC,COC1=CC(=O)c2c(O)c3c(c(C)c2C1=O)CC1(O)C(O)C(=O)C(=C(C)O)C(=O)C1(O)C3=O,4.62,0.5604,0.7724,7.671,2.024,COC1=CC(=O)c2c(O)c3c(c(C)c2C1=O)CC1(O)C(O)C(=O)C(=C(C)O)C(=O)C1(O)C3=O,p-quinone,False,unassigned stereo,COC1=CC(=O)c2c(O)c3c(c(C)c2C1=O)CC1(O)C(O)C(=O)C(=C(C)O)C(=O)C1(OCc1ccc(C)cc1)C3=O,"O-benzyl ether (phenol/enol, Williamson)",p-quinone,True,"two reversible waves in MeCN, spacing 0.79-0.94 V (benzoquinones, tier A)",False,562.527,2.0,95.3,4.58,neutral,0.0,41.0,True
D3TaLES,80LXNL,CC(=O)Nc1c(SC(F)(F)F)ccc2c1C(=O)C=CC2=O,2.9,0.5565,1.701,8.378,1.906,CC(=O)Nc1c(SC(F)(F)F)ccc2c1C(=O)C=CC2=O,p-quinone,False,no graft handle,,,p-quinone,True,,,,,,,,,,True
D3TaLES,80CAYJ,O=C1C=CC(=O)c2c(SC(F)(F)F)ccc(SC(F)(F)F)c21,3.22,,,,,O=C1C=CC(=O)c2c(SC(F)(F)F)ccc(SC(F)(F)F)c21,p-quinone,False,no graft handle,,,p-quinone,True,,,,,,,,,,False
D3TaLES,80XGHV,O=C1C=CC(=O)c2c(SC(F)(F)F)cccc21,2.7,0.4304,1.128,8.197,1.934,O=C1C=CC(=O)c2c(SC(F)(F)F)cccc21,p-quinone,False,no graft handle,,,p-quinone,True,,,,,,,,,,True
D3TaLES,80DSME,O=C1C=CC(=O)c2c1cccc2S(=O)C(F)(F)F,3.41,0.3864,1.197,7.892,2.463,O=C1C=CC(=O)c2c1cccc2S(=O)C(F)(F)F,p-quinone,False,no graft handle,,,p-quinone,True,,,,,,,,,,True
D3TaLES,80ITUE,COc1ccc(SC(F)(F)F)c2c1C(=O)C=C(C)C2=O,2.74,0.6943,1.547,8.129,2.052,COc1ccc(SC(F)(F)F)c2c1C(=O)C=C(C)C2=O,p-quinone,False,no graft handle,,,p-quinone,True,,,,,,,,,,True
D3TaLES,80GCQY,CC1=C(C)C(=O)c2c(O)ccc(O)c2C1=O,2.44,1.039,0.4464,9.118,1.483,CC1=C(C)C(=O)c2c(O)ccc(O)c2C1=O,p-quinone,False,ok,CC1=C(C)C(=O)c2c(OCc3ccc(C)cc3)ccc(O)c2C1=O,"O-benzyl ether (phenol/enol, Williamson)",p-quinone,True,"two reversible waves in MeCN, spacing 0.79-0.94 V (benzoquinones, tier A)",False,322.36,2.0,166.3,2.24,neutral,0.0,24.0,True
D3TaLES,80KNAZ,C=CC(C1=CC(=O)C(OC)=CC1=O)c1ccccc1,3.18,,,,,C=CC(C1=CC(=O)C(OC)=CC1=O)c1ccccc1,p-quinone,False,no graft handle,,,p-quinone,True,,,,,,,,,,False
D3TaLES,80CLNR,C=CC(C1=CC(=O)C(OC)=C(OC)C1=O)c1ccccc1,3.33,0.7263,0.8162,8.08,1.407,C=CC(C1=CC(=O)C(OC)=C(OC)C1=O)c1ccccc1,p-quinone,False,no graft handle,,,p-quinone,True,,,,,,,,,,True
D3TaLES,80BGWA,C=CC(C1=CC(=O)C(OC)=CC1=O)c1ccc(OC)cc1,3.17,0.9129,0.5662,7.996,1.636,C=CC(C1=CC(=O)C(OC)=CC1=O)c1ccc(OC)cc1,p-quinone,False,no graft handle,,,p-quinone,True,,,,,,,,,,True
D3TaLES,80KQFX,CN(C)CCCNC1=CC(=O)c2ccccc2C1=O,2.27,0.4684,0.8315,7.957,0.759,CN(C)CCCNC1=CC(=O)c2ccccc2C1=O,p-quinone,False,ok,Cc1ccc(CN(CCCN(C)C)C2=CC(=O)c3ccccc3C2=O)cc1,N-benzyl (amine N-H),p-quinone,True,"two reversible waves in MeCN, spacing 0.79-0.94 V (benzoquinones, tier A)",False,362.473,2.0,147.9,2.42,neutral,0.0,27.0,True
D3TaLES,80CRKK,COC1=C(C)C(=O)C2=C(C1=O)C(CNC(=O)C(C)N)N1CC3Cc4c(Br)c(C)c(OC)c(O)c4C(C1C2)N3C,5.5,1.911,0.9287,8.007,0.491,COC1=C(C)C(=O)C2=C(C1=O)C(CNC(=O)C(C)N)N1CC3Cc4c(Br)c(C)c(OC)c(O)c4C(C1C2)N3C,p-quinone,False,unassigned stereo,COC1=C(C)C(=O)C2=C(C1=O)C(CNC(=O)C(C)N)N1CC3Cc4c(Br)c(C)c(OC)c(OCc5ccc(C)cc5)c4C(C1C2)N3C,"O-benzyl ether (phenol/enol, Williamson)",p-quinone,True,"two reversible waves in MeCN, spacing 0.79-0.94 V (benzoquinones, tier A)",False,707.666,2.0,75.7,5.44,neutral,0.0,47.0,False
D3TaLES,80CRKK,COC1=C(C)C(=O)C2=C(C1=O)C(CNC(=O)C(C)N)N1CC3Cc4c(Br)c(C)c(OC)c(O)c4C(C1C2)N3C,5.5,1.911,0.9287,8.007,0.491,COC1=C(C)C(=O)C2=C(C1=O)C(CNC(=O)C(C)N)N1CC3Cc4c(Br)c(C)c(OC)c(O)c4C(C1C2)N3C,p-quinone,False,unassigned stereo,COC1=C(C)C(=O)C2=C(C1=O)C(CNC(=O)C(C)NCc1ccc(C)cc1)N1CC3Cc4c(Br)c(C)c(OC)c(O)c4C(C1C2)N3C,N-benzyl (amine N-H),p-quinone,True,"two reversible waves in MeCN, spacing 0.79-0.94 V (benzoquinones, tier A)",False,707.666,2.0,75.7,5.44,neutral,0.0,47.0,False
D3TaLES,80YSKR,O=C1C(=O)c2ccccc2C=C1Cl,2.28,0.3567,0.3209,8.314,2.298,O=C1C(=O)c2ccccc2C=C1Cl,o-quinone,False,no graft handle,,,o-quinone,True,,,,,,,,,,True
D3TaLES,80RSOX,O=C1C=CC(=O)c2c(Cl)cccc21,2.2,0.3962,0.4408,8.138,2.51,O=C1C=CC(=O)c2c(Cl)cccc21,p-quinone,False,no graft handle,,,p-quinone,True,,,,,,,,,,True
D3TaLES,80SZCB,O=C1C=CC2=CC=CC=C(C2)C1=NNc1cccnc1Cl,4.0,0.4737,0.3453,7.519,1.201,O=C1C=CC2=CC=CC=C(C2)C1=NNc1cccnc1Cl,,False,unassigned stereo,Cc1ccc(C[n+]2cccc(NN=C3C(=O)C=CC4=CC=CC=C3C4)c2Cl)cc1,N-benzyl pyridinium (Menshutkin),pyridinium,False,single reduction; parent reported irreversible,False,402.905,1.0,66.5,4.11,inherently-charged (azinium; no neutral form),1.0,29.0,True
D3TaLES,80QMCO,COc1cc2c(OC)cc1CCCC1=CC(=O)C=C(CCC2)C1=O,4.18,0.704,0.611,8.122,0.952,COc1cc2c(OC)cc1CCCC1=CC(=O)C=C(CCC2)C1=O,p-quinone,False,no graft handle,,,p-quinone,True,,,,,,,,,,True
D3TaLES,80PUPS,COC1=CC(=O)c2c(OC)c3c(c(OC)c2C1=O)C=C(C)OC3,3.26,0.604,0.7509,7.874,0.97,COC1=CC(=O)c2c(OC)c3c(c(OC)c2C1=O)C=C(C)OC3,p-quinone,False,no graft handle,,,p-quinone,True,,,,,,,,,,True
D3TaLES,80BIDJ,COc1cc(OC)c2c(c1)C(=O)C1=C(COC(C)(O)C1O[N+](=O)[O-])C2=O,3.98,0.4591,0.5384,8.066,2.046,COc1cc(OC)c2c(c1)C(=O)C1=C(COC(C)(O)C1O[N+](=O)[O-])C2=O,p-quinone,False,unassigned stereo,COc1cc(OC)c2c(c1)C(=O)C1=C(COC(C)(OCc3ccc(C)cc3)C1O[N+](=O)[O-])C2=O,"O-benzyl ether (phenol/enol, Williamson)",p-quinone,True,"two reversible waves in MeCN, spacing 0.79-0.94 V (benzoquinones, tier A)",False,469.446,2.0,114.2,3.89,neutral,0.0,34.0,True
D3TaLES,80RRDL,COC1=CC(=O)c2c(O)c3c(c(O)c2C1=O)CC1(C)OC(C)(C)OC1C3O,4.3,-0.3374,0.8235,6.503,1.597,COC1=CC(=O)c2c(O)c3c(c(O)c2C1=O)CC1(C)OC(C)(C)OC1C3O,p-quinone,False,unassigned stereo,COC1=CC(=O)c2c(OCc3ccc(C)cc3)c3c(c(O)c2C1=O)CC1(C)OC(C)(C)OC1C3O,"O-benzyl ether (phenol/enol, Williamson)",p-quinone,True,"two reversible waves in MeCN, spacing 0.79-0.94 V (benzoquinones, tier A)",False,480.513,2.0,111.6,4.13,neutral,0.0,35.0,False
D3TaLES,80RRDL,COC1=CC(=O)c2c(O)c3c(c(O)c2C1=O)CC1(C)OC(C)(C)OC1C3O,4.3,-0.3374,0.8235,6.503,1.597,COC1=CC(=O)c2c(O)c3c(c(O)c2C1=O)CC1(C)OC(C)(C)OC1C3O,p-quinone,False,unassigned stereo,COC1=CC(=O)c2c(O)c3c(c(OCc4ccc(C)cc4)c2C1=O)CC1(C)OC(C)(C)OC1C3O,"O-benzyl ether (phenol/enol, Williamson)",p-quinone,True,"two reversible waves in MeCN, spacing 0.79-0.94 V (benzoquinones, tier A)",False,480.513,2.0,111.6,4.16,neutral,0.0,35.0,False
D3TaLES,80RRDL,COC1=CC(=O)c2c(O)c3c(c(O)c2C1=O)CC1(C)OC(C)(C)OC1C3O,4.3,-0.3374,0.8235,6.503,1.597,COC1=CC(=O)c2c(O)c3c(c(O)c2C1=O)CC1(C)OC(C)(C)OC1C3O,p-quinone,False,unassigned stereo,COC1=CC(=O)c2c(O)c3c(c(O)c2C1=O)CC1(C)OC(C)(C)OC1C3OCc1ccc(C)cc1,"O-benzyl ether (phenol/enol, Williamson)",p-quinone,True,"two reversible waves in MeCN, spacing 0.79-0.94 V (benzoquinones, tier A)",False,480.513,2.0,111.6,4.17,neutral,0.0,35.0,False
D3TaLES,80EFXB,O=C1C(Br)=C(Br)C(=O)c2ccccc21,2.23,0.5236,0.3922,8.414,2.958,O=C1C(Br)=C(Br)C(=O)c2ccccc21,p-quinone,False,no graft handle,,,p-quinone,True,,,,,,,,,,True
D3TaLES,80KQWE,CC1=C(C)C(=O)c2ccccc2C1=O,1.93,0.5677,1.003,7.885,2.861,CC1=C(C)C(=O)c2ccccc2C1=O,p-quinone,False,no graft handle,,,p-quinone,True,,,,,,,,,,True
D3TaLES,80JTHN,COCCOC1=C([n+]2ccccc2)[C]([O-])C(C#N)=C(C#N)C1=O,3.6,0.5118,0.6344,8.124,0.791,COCCOC1=C([n+]2ccccc2)[C]([O-])C(C#N)=C(C#N)C1=O,pyridinium,False,no graft handle,,,pyridinium,False,,,,,,,,,,True
D3TaLES,80TYAG,CCCOC1=C([n+]2ccccc2)[C]([O-])C(C#N)=C(C#N)C1=O,3.62,0.6039,0.5954,8.05,0.749,CCCOC1=C([n+]2ccccc2)[C]([O-])C(C#N)=C(C#N)C1=O,pyridinium,False,no graft handle,,,pyridinium,False,,,,,,,,,,True
D3TaLES,80XCAA,CCN(CC)C1=CC(=O)C(=O)c2ccccc21,2.39,0.5108,0.4809,7.844,1.31,CCN(CC)C1=CC(=O)C(=O)c2ccccc21,o-quinone,False,no graft handle,,,o-quinone,True,,,,,,,,,,True
D3TaLES,80TNEU,CC=C(C)C(=O)OCC1C2=C(C=C3C4c5c(O)c(OC)c(C)c(O)c5C(=O)C(C(=O)N31)N4C)C(=O)C(C)=C(OC)C2=O,5.41,0.6488,,8.072,1.005,CC=C(C)C(=O)OCC1C2=C(C=C3C4c5c(O)c(OC)c(C)c(O)c5C(=O)C(C(=O)N31)N4C)C(=O)C(C)=C(OC)C2=O,p-quinone,False,unassigned stereo,CC=C(C)C(=O)OCC1C2=C(C=C3C4c5c(OCc6ccc(C)cc6)c(OC)c(C)c(O)c5C(=O)C(C(=O)N31)N4C)C(=O)C(C)=C(OC)C2=O,"O-benzyl ether (phenol/enol, Williamson)",p-quinone,True,"two reversible waves in MeCN, spacing 0.79-0.94 V (benzoquinones, tier A)",False,682.726,2.0,78.5,5.38,neutral,0.0,50.0,True
D3TaLES,80TNEU,CC=C(C)C(=O)OCC1C2=C(C=C3C4c5c(O)c(OC)c(C)c(O)c5C(=O)C(C(=O)N31)N4C)C(=O)C(C)=C(OC)C2=O,5.41,0.6488,,8.072,1.005,CC=C(C)C(=O)OCC1C2=C(C=C3C4c5c(O)c(OC)c(C)c(O)c5C(=O)C(C(=O)N31)N4C)C(=O)C(C)=C(OC)C2=O,p-quinone,False,unassigned stereo,CC=C(C)C(=O)OCC1C2=C(C=C3C4c5c(O)c(OC)c(C)c(OCc6ccc(C)cc6)c5C(=O)C(C(=O)N31)N4C)C(=O)C(C)=C(OC)C2=O,"O-benzyl ether (phenol/enol, Williamson)",p-quinone,True,"two reversible waves in MeCN, spacing 0.79-0.94 V (benzoquinones, tier A)",False,682.726,2.0,78.5,5.4,neutral,0.0,50.0,True
D3TaLES,80ANAM,CC=C(C)C(=O)OCc1nccc2c1C(=O)C(NC)=C(C)C2=O,3.06,0.5849,0.4579,7.866,1.417,CC=C(C)C(=O)OCc1nccc2c1C(=O)C(NC)=C(C)C2=O,p-quinone,False,unassigned stereo,CC=C(C)C(=O)OCc1nccc2c1C(=O)C(N(C)Cc1ccc(C)cc1)=C(C)C2=O,N-benzyl (amine N-H),p-quinone,True,"two reversible waves in MeCN, spacing 0.79-0.94 V (benzoquinones, tier A)",False,418.493,2.0,128.1,2.97,neutral,0.0,31.0,True
D3TaLES,80ANAM,CC=C(C)C(=O)OCc1nccc2c1C(=O)C(NC)=C(C)C2=O,3.06,0.5849,0.4579,7.866,1.417,CC=C(C)C(=O)OCc1nccc2c1C(=O)C(NC)=C(C)C2=O,p-quinone,False,unassigned stereo,CC=C(C)C(=O)OCc1c2c(cc[n+]1Cc1ccc(C)cc1)C(=O)C(C)=C(NC)C2=O,N-benzyl pyridinium (Menshutkin),p-quinone+pyridinium,True,"two reversible waves in MeCN, spacing 0.79-0.94 V (benzoquinones, tier A); single reduction; parent reported irreversible",False,419.501,2.0,127.8,3.25,inherently-charged (azinium; no neutral form),1.0,31.0,True
D3TaLES,80TJAC,CC(N)=C1C=CC=C1C(=O)C(C(C)C)N1C(=O)c2ccccc2C1=O,3.37,0.5786,1.135,6.875,0.91,CC(N)=C1C=CC=C1C(=O)C(C(C)C)N1C(=O)c2ccccc2C1=O,mono-imide,False,unassigned stereo,CC(NCc1ccc(C)cc1)=C1C=CC=C1C(=O)C(C(C)C)N1C(=O)c2ccccc2C1=O,N-benzyl (amine N-H),mono-imide,False,"single reversible wave only (N-alkyl phthalimides, Daub 2021)",False,440.543,1.0,60.8,3.23,neutral,0.0,33.0,True
D3TaLES,80MFPH,CC(N)=C1C=CC=C1C(=O)C(C)N1C(=O)c2ccccc2C1=O,3.27,0.3077,0.974,6.844,1.047,CC(N)=C1C=CC=C1C(=O)C(C)N1C(=O)c2ccccc2C1=O,mono-imide,False,unassigned stereo,CC(NCc1ccc(C)cc1)=C1C=CC=C1C(=O)C(C)N1C(=O)c2ccccc2C1=O,N-benzyl (amine N-H),mono-imide,False,"single reversible wave only (N-alkyl phthalimides, Daub 2021)",False,412.489,1.0,65.0,3.11,neutral,0.0,31.0,True
D3TaLES,80WLAU,O=C1C=CC(=O)C2=C1CC(Br)=CC2c1ccccc1,3.45,0.5524,0.5683,8.264,2.054,O=C1C=CC(=O)C2=C1CC(Br)=CC2c1ccccc1,p-quinone,False,no graft handle,,,p-quinone,True,,,,,,,,,,True
D3TaLES,80RGAK,CCOC(=O)CC1=C(Br)C(=O)c2ccccc2C1=O,2.36,0.6103,,8.233,2.927,CCOC(=O)CC1=C(Br)C(=O)c2ccccc2C1=O,p-quinone,False,no graft handle,,,p-quinone,True,,,,,,,,,,True
D3TaLES,80GYQZ,CN(C)CCCNC1=C(Cl)C(=O)c2ccccc2C1=O,2.29,0.4557,0.688,7.918,0.771,CN(C)CCCNC1=C(Cl)C(=O)c2ccccc2C1=O,p-quinone,False,ok,Cc1ccc(CN(CCCN(C)C)C2=C(Cl)C(=O)c3ccccc3C2=O)cc1,N-benzyl (amine N-H),p-quinone,True,"two reversible waves in MeCN, spacing 0.79-0.94 V (benzoquinones, tier A)",False,396.918,2.0,135.0,2.42,neutral,0.0,28.0,True
D3TaLES,80MNNP,O=C1C(O)=C(Br)C(=O)c2ccccc21,2.2,0.24,0.3852,7.939,2.215,O=C1C(O)=C(Br)C(=O)c2ccccc21,p-quinone,False,ok,Cc1ccc(COC2=C(Br)C(=O)c3ccccc3C2=O)cc1,"O-benzyl ether (phenol/enol, Williamson)",p-quinone,True,"two reversible waves in MeCN, spacing 0.79-0.94 V (benzoquinones, tier A)",False,357.203,2.0,150.1,2.13,neutral,0.0,22.0,True
D3TaLES,80RVGC,O=C1C2=C(C(=O)c3ccccc31)C1(CC1)C21CC1,3.53,0.4932,0.153,8.093,3.371,O=C1C2=C(C(=O)c3ccccc31)C1(CC1)C21CC1,p-quinone,False,no graft handle,,,p-quinone,True,,,,,,,,,,True
D3TaLES,80DKWU,CCCCn1cc[n+](C2=C([O-])C(=O)C(Br)=C(Br)C2=O)c1,3.86,0.5658,0.3364,7.967,1.343,CCCCn1cc[n+](C2=C([O-])C(=O)C(Br)=C(Br)C2=O)c1,p-quinone+pyridinium,False,no graft handle,,,p-quinone+pyridinium,True,,,,,,,,,,True
D3TaLES,80YJKR,O=C1C(=O)c2ccccc2C2=C1SS[N]2,3.22,0.3436,0.3961,8.404,1.24,O=C1C(=O)c2ccccc2C2=C1SS[N]2,o-quinone,False,no graft handle,,,o-quinone,True,,,,,,,,,,True
D3TaLES,80YLTN,CC1(C)OC2=C(C(=O)C(=O)c3ccccc32)C(N=[N+]=[N-])C1Br,4.0,0.4005,0.5508,8.021,1.995,CC1(C)OC2=C(C(=O)C(=O)c3ccccc32)C(N=[N+]=[N-])C1Br,o-quinone,False,no graft handle,,,o-quinone,True,,,,,,,,,,True
D3TaLES,80GBXS,CC1(C)OC2=C(C(=O)c3ccccc3C2=O)C(N=[N+]=[N-])C1Br,3.94,0.5165,0.7715,8.092,2.197,CC1(C)OC2=C(C(=O)c3ccccc3C2=O)C(N=[N+]=[N-])C1Br,p-quinone,False,no graft handle,,,p-quinone,True,,,,,,,,,,True
D3TaLES,80WSZT,CCc1c(C)cc2c(c1O)C(=O)C1=C(C2=O)C(C)(C)C(=O)C(C)(C(=O)OC)O1,3.83,0.9338,0.4336,8.526,2.006,CCc1c(C)cc2c(c1O)C(=O)C1=C(C2=O)C(C)(C)C(=O)C(C)(C(=O)OC)O1,p-quinone,False,unassigned stereo,CCc1c(C)cc2c(c1OCc1ccc(C)cc1)C(=O)C1=C(C2=O)C(C)(C)C(=O)C(C)(C(=O)OC)O1,"O-benzyl ether (phenol/enol, Williamson)",p-quinone,True,"two reversible waves in MeCN, spacing 0.79-0.94 V (benzoquinones, tier A)",False,490.552,2.0,109.3,3.67,neutral,0.0,36.0,True
D3TaLES,80DDKZ,CC1(C)OC2=C(CC1Br)C(=O)C(=O)c1ccccc12,3.4,0.3604,0.6955,7.917,1.929,CC1(C)OC2=C(CC1Br)C(=O)C(=O)c1ccccc12,o-quinone,False,no graft handle,,,o-quinone,True,,,,,,,,,,True
D3TaLES,80ACZR,O=C1C=C(C2C=CCCC2)c2ccccc2C1=O,3.16,0.3421,0.688,8.021,1.995,O=C1C=C(C2C=CCCC2)c2ccccc2C1=O,o-quinone,False,no graft handle,,,o-quinone,True,,,,,,,,,,True
D3TaLES,80WNYY,CC1=C(O)C(=O)c2c(C)ccc(O)c2C1=O,2.55,0.6408,0.715,8.37,1.641,CC1=C(O)C(=O)c2c(C)ccc(O)c2C1=O,p-quinone,False,ok,CC1=C(OCc2ccc(C)cc2)C(=O)c2c(C)ccc(O)c2C1=O,"O-benzyl ether (phenol/enol, Williamson)",p-quinone,True,"two reversible waves in MeCN, spacing 0.79-0.94 V (benzoquinones, tier A)",False,322.36,2.0,166.3,2.36,neutral,0.0,24.0,True
D3TaLES,80WNYY,CC1=C(O)C(=O)c2c(C)ccc(O)c2C1=O,2.55,0.6408,0.715,8.37,1.641,CC1=C(O)C(=O)c2c(C)ccc(O)c2C1=O,p-quinone,False,ok,CC1=C(O)C(=O)c2c(C)ccc(OCc3ccc(C)cc3)c2C1=O,"O-benzyl ether (phenol/enol, Williamson)",p-quinone,True,"two reversible waves in MeCN, spacing 0.79-0.94 V (benzoquinones, tier A)",False,322.36,2.0,166.3,2.3,neutral,0.0,24.0,True
D3TaLES,80AJBW,CCc1c(C)cc2c(c1O)C(=O)C1=C(C2=O)C(C)(C)OC1(O)C(=O)OC,3.8,0.3173,0.4723,7.52,1.882,CCc1c(C)cc2c(c1O)C(=O)C1=C(C2=O)C(C)(C)OC1(O)C(=O)OC,p-quinone,False,unassigned stereo,CCc1c(C)cc2c(c1OCc1ccc(C)cc1)C(=O)C1=C(C2=O)C(C)(C)OC1(O)C(=O)OC,"O-benzyl ether (phenol/enol, Williamson)",p-quinone,True,"two reversible waves in MeCN, spacing 0.79-0.94 V (benzoquinones, tier A)",False,464.514,2.0,115.4,3.6,neutral,0.0,34.0,True
D3TaLES,80AJBW,CCc1c(C)cc2c(c1O)C(=O)C1=C(C2=O)C(C)(C)OC1(O)C(=O)OC,3.8,0.3173,0.4723,7.52,1.882,CCc1c(C)cc2c(c1O)C(=O)C1=C(C2=O)C(C)(C)OC1(O)C(=O)OC,p-quinone,False,unassigned stereo,CCc1c(C)cc2c(c1O)C(=O)C1=C(C2=O)C(C)(C)OC1(OCc1ccc(C)cc1)C(=O)OC,"O-benzyl ether (phenol/enol, Williamson)",p-quinone,True,"two reversible waves in MeCN, spacing 0.79-0.94 V (benzoquinones, tier A)",False,464.514,2.0,115.4,3.73,neutral,0.0,34.0,True
D3TaLES,80ZFGJ,C=C(C)C1CC2=C(O1)c1cccc(OC)c1C(=O)C2=O,3.4,0.4185,0.7083,7.767,1.655,C=C(C)C1CC2=C(O1)c1cccc(OC)c1C(=O)C2=O,o-quinone,False,no graft handle,,,o-quinone,True,,,,,,,,,,True
D3TaLES,80NBUB,N#Cc1sc2c(=O)c3ccccc3c(=O)c=2sc1C#N,3.16,1.962,0.898,7.13,2.093,N#Cc1sc2c(=O)c3ccccc3c(=O)c=2sc1C#N,p-quinone,False,no graft handle,,,p-quinone,True,,,,,,,,,,False
D3TaLES,80ELIB,COC(=O)C(C1=CC(=O)c2ccccc2C1=O)=C1NCCNC1=O,3.08,0.7227,1.552,8.292,0.936,COC(=O)C(C1=CC(=O)c2ccccc2C1=O)=C1NCCNC1=O,p-quinone,False,unassigned stereo,COC(=O)C(C1=CC(=O)c2ccccc2C1=O)=C1C(=O)NCCN1Cc1ccc(C)cc1,N-benzyl (amine N-H),p-quinone,True,"two reversible waves in MeCN, spacing 0.79-0.94 V (benzoquinones, tier A)",False,430.46,2.0,124.5,2.92,neutral,0.0,32.0,True
D3TaLES,80IPKB,CC1(C)CC(=O)C2=C(C1)OC(N)=C(C#N)C2c1cccnc1,3.17,0.5929,0.4784,6.621,1.416,CC1(C)CC(=O)C2=C(C1)OC(N)=C(C#N)C2c1cccnc1,,False,unassigned stereo,Cc1ccc(C[n+]2cccc(C3C(C#N)=C(N)OC4=C3C(=O)CC(C)(C)C4)c2)cc1,N-benzyl pyridinium (Menshutkin),pyridinium,False,single reduction; parent reported irreversible,False,400.502,1.0,66.9,3.4,inherently-charged (azinium; no neutral form),1.0,30.0,True
D3TaLES,80GMFJ,COC1=CC(=O)c2c(O)c(C(C)=O)c(C)c(O)c2C1=O,2.73,1.104,0.8319,8.581,1.414,COC1=CC(=O)c2c(O)c(C(C)=O)c(C)c(O)c2C1=O,p-quinone,False,ok,COC1=CC(=O)c2c(OCc3ccc(C)cc3)c(C(C)=O)c(C)c(O)c2C1=O,"O-benzyl ether (phenol/enol, Williamson)",p-quinone,True,"two reversible waves in MeCN, spacing 0.79-0.94 V (benzoquinones, tier A)",False,380.396,2.0,140.9,2.61,neutral,0.0,28.0,True
D3TaLES,80GMFJ,COC1=CC(=O)c2c(O)c(C(C)=O)c(C)c(O)c2C1=O,2.73,1.104,0.8319,8.581,1.414,COC1=CC(=O)c2c(O)c(C(C)=O)c(C)c(O)c2C1=O,p-quinone,False,ok,COC1=CC(=O)c2c(O)c(C(C)=O)c(C)c(OCc3ccc(C)cc3)c2C1=O,"O-benzyl ether (phenol/enol, Williamson)",p-quinone,True,"two reversible waves in MeCN, spacing 0.79-0.94 V (benzoquinones, tier A)",False,380.396,2.0,140.9,2.62,neutral,0.0,28.0,True
D3TaLES,80SVFX,CCC(=O)N(C(=O)CC)C1=C(Cl)C(=O)c2ccccc2C1=O,2.64,0.4834,1.806,8.098,3.122,CCC(=O)N(C(=O)CC)C1=C(Cl)C(=O)c2ccccc2C1=O,p-quinone,False,no graft handle,,,p-quinone,True,,,,,,,,,,True
D3TaLES,80WSHO,CC1=CC(=O)c2c(O)cc(C)c(C(=O)C(Cl)Cl)c2C1=O,2.98,0.245,0.4884,7.718,2.064,CC1=CC(=O)c2c(O)cc(C)c(C(=O)C(Cl)Cl)c2C1=O,p-quinone,False,ok,CC1=CC(=O)c2c(OCc3ccc(C)cc3)cc(C)c(C(=O)C(Cl)Cl)c2C1=O,"O-benzyl ether (phenol/enol, Williamson)",p-quinone,True,"two reversible waves in MeCN, spacing 0.79-0.94 V (benzoquinones, tier A)",False,417.288,2.0,128.5,2.72,neutral,0.0,28.0,True
D3TaLES,80URST,CC1=C(C)C(C)([B-](Cl)(Cl)[n+]2ccccc2)C(C)=C1C,4.03,0.7703,0.554,6.916,0.509,CC1=C(C)C(C)([B-](Cl)(Cl)[n+]2ccccc2)C(C)=C1C,pyridinium,False,no graft handle,,,pyridinium,False,,,,,,,,,,True
D3TaLES,80MRPM,COCC1=CC=CC(=C(C#N)c2cccc(COC)n2)N1,3.22,0.7846,0.4285,6.736,0.611,COCC1=CC=CC(=C(C#N)c2cccc(COC)n2)N1,,False,unassigned stereo,COCC1=CC=CC(=C(C#N)c2cccc(COC)[n+]2Cc2ccc(C)cc2)N1,N-benzyl pyridinium (Menshutkin),pyridinium,False,single reduction; parent reported irreversible,False,388.491,1.0,69.0,3.47,inherently-charged (azinium; no neutral form),1.0,29.0,True
D3TaLES,80LRRR,CC1=C(CCCC(=O)O)C(=O)c2c(O)cccc2C1=O,2.37,0.7159,0.4713,7.763,2.17,CC1=C(CCCC(=O)O)C(=O)c2c(O)cccc2C1=O,p-quinone,False,ok,CC1=C(CCCC(=O)O)C(=O)c2c(OCc3ccc(C)cc3)cccc2C1=O,"O-benzyl ether (phenol/enol, Williamson)",p-quinone,True,"two reversible waves in MeCN, spacing 0.79-0.94 V (benzoquinones, tier A)",False,378.424,2.0,141.6,2.28,neutral,0.0,28.0,True
D3TaLES,80LRRR,CC1=C(CCCC(=O)O)C(=O)c2c(O)cccc2C1=O,2.37,0.7159,0.4713,7.763,2.17,CC1=C(CCCC(=O)O)C(=O)c2c(O)cccc2C1=O,p-quinone,False,ok,CC1=C(CCCC(=O)OCc2ccc(C)cc2)C(=O)c2c(O)cccc2C1=O,benzyl ester (carboxylate),p-quinone,True,"two reversible waves in MeCN, spacing 0.79-0.94 V (benzoquinones, tier A)",False,378.424,2.0,141.6,2.34,neutral,0.0,28.0,True
D3TaLES,80TLVS,COC1=C(OC(C)=O)C(=O)c2c(OC(C)=O)cc(C)c(OC(C)=O)c2C1=O,2.9,0.6371,1.221,8.164,1.937,COC1=C(OC(C)=O)C(=O)c2c(OC(C)=O)cc(C)c(OC(C)=O)c2C1=O,p-quinone,False,no graft handle,,,p-quinone,True,,,,,,,,,,True
D3TaLES,80EQFD,COC(=O)CC(c1ccncc1)C1N=C(OC)C(C(C)C)N=C1OC,4.0,0.7947,0.6208,5.695,1.753,COC(=O)CC(c1ccncc1)C1N=C(OC)C(C(C)C)N=C1OC,,False,unassigned stereo,COC(=O)CC(c1cc[n+](Cc2ccc(C)cc2)cc1)C1N=C(OC)C(C(C)C)N=C1OC,N-benzyl pyridinium (Menshutkin),pyridinium,False,single reduction; parent reported irreversible,False,452.575,1.0,59.2,4.13,inherently-charged (azinium; no neutral form),1.0,33.0,True
D3TaLES,80KQED,COC1=C(OC)C(=O)c2c(O)c(C)cc(O)c2C1=O,2.68,0.5778,0.5843,7.926,1.199,COC1=C(OC)C(=O)c2c(O)c(C)cc(O)c2C1=O,p-quinone,False,ok,COC1=C(OC)C(=O)c2c(OCc3ccc(C)cc3)c(C)cc(O)c2C1=O,"O-benzyl ether (phenol/enol, Williamson)",p-quinone,True,"two reversible waves in MeCN, spacing 0.79-0.94 V (benzoquinones, tier A)",False,368.385,2.0,145.5,2.53,neutral,0.0,27.0,True
D3TaLES,80KQED,COC1=C(OC)C(=O)c2c(O)c(C)cc(O)c2C1=O,2.68,0.5778,0.5843,7.926,1.199,COC1=C(OC)C(=O)c2c(O)c(C)cc(O)c2C1=O,p-quinone,False,ok,COC1=C(OC)C(=O)c2c(O)c(C)cc(OCc3ccc(C)cc3)c2C1=O,"O-benzyl ether (phenol/enol, Williamson)",p-quinone,True,"two reversible waves in MeCN, spacing 0.79-0.94 V (benzoquinones, tier A)",False,368.385,2.0,145.5,2.49,neutral,0.0,27.0,True
D3TaLES,80BJES,COc1c2c(cc3c1C(=O)C=C(Cl)C3=O)CC(C)OC2=O,3.37,0.6686,,8.399,3.245,COc1c2c(cc3c1C(=O)C=C(Cl)C3=O)CC(C)OC2=O,p-quinone,False,no graft handle,,,p-quinone,True,,,,,,,,,,True
D3TaLES,80IHMT,COC1=C(C)C(=O)c2c(cc(OC)c(C)c2O)C1=O,2.54,,,,,COC1=C(C)C(=O)c2c(cc(OC)c(C)c2O)C1=O,p-quinone,False,ok,COC1=C(C)C(=O)c2c(cc(OC)c(C)c2OCc2ccc(C)cc2)C1=O,"O-benzyl ether (phenol/enol, Williamson)",p-quinone,True,"two reversible waves in MeCN, spacing 0.79-0.94 V (benzoquinones, tier A)",False,366.413,2.0,146.3,2.44,neutral,0.0,27.0,False
D3TaLES,80BPJP,CC(C)C1=Cc2cc3c(c(O)c2C(=O)C1=O)CCCC3(C)C,3.08,-0.08338,0.2898,7.394,1.654,CC(C)C1=Cc2cc3c(c(O)c2C(=O)C1=O)CCCC3(C)C,o-quinone,False,ok,Cc1ccc(COc2c3c(cc4c2C(=O)C(=O)C(C(C)C)=C4)C(C)(C)CCC3)cc1,"O-benzyl ether (phenol/enol, Williamson)",o-quinone,True,"two quasi-reversible waves, spacing 0.41 V (1,2-naphthoquinone, tier A)",False,402.534,2.0,133.2,2.87,neutral,0.0,30.0,False
D3TaLES,80KUBX,COc1c(O)ccc2c1C(=O)C1=C(C2=O)C2OC(=O)CC2OC1C,4.0,0.5683,0.8423,8.319,1.609,COc1c(O)ccc2c1C(=O)C1=C(C2=O)C2OC(=O)CC2OC1C,p-quinone,False,unassigned stereo,COc1c(OCc2ccc(C)cc2)ccc2c1C(=O)C1=C(C2=O)C2OC(=O)CC2OC1C,"O-benzyl ether (phenol/enol, Williamson)",p-quinone,True,"two reversible waves in MeCN, spacing 0.79-0.94 V (benzoquinones, tier A)",False,434.444,2.0,123.4,3.75,neutral,0.0,32.0,True
D3TaLES,80AYAE,COc1cc(O)c2c(c1)C(=O)C1=C(C2=O)C(C)OC(C)C1O,3.86,0.3854,0.3387,7.809,1.863,COc1cc(O)c2c(c1)C(=O)C1=C(C2=O)C(C)OC(C)C1O,p-quinone,False,unassigned stereo,COc1cc(OCc2ccc(C)cc2)c2c(c1)C(=O)C1=C(C2=O)C(C)OC(C)C1O,"O-benzyl ether (phenol/enol, Williamson)",p-quinone,True,"two reversible waves in MeCN, spacing 0.79-0.94 V (benzoquinones, tier A)",False,408.45,2.0,131.2,3.63,neutral,0.0,30.0,True
D3TaLES,80AYAE,COc1cc(O)c2c(c1)C(=O)C1=C(C2=O)C(C)OC(C)C1O,3.86,0.3854,0.3387,7.809,1.863,COc1cc(O)c2c(c1)C(=O)C1=C(C2=O)C(C)OC(C)C1O,p-quinone,False,unassigned stereo,COc1cc(O)c2c(c1)C(=O)C1=C(C2=O)C(C)OC(C)C1OCc1ccc(C)cc1,"O-benzyl ether (phenol/enol, Williamson)",p-quinone,True,"two reversible waves in MeCN, spacing 0.79-0.94 V (benzoquinones, tier A)",False,408.45,2.0,131.2,3.7,neutral,0.0,30.0,True
D3TaLES,80QYYW,CNC1=C(C=C(C)C)C(=O)c2ccccc2C1=O,2.64,0.5746,0.6621,7.693,1.037,CNC1=C(C=C(C)C)C(=O)c2ccccc2C1=O,p-quinone,False,ok,CC(C)=CC1=C(N(C)Cc2ccc(C)cc2)C(=O)c2ccccc2C1=O,N-benzyl (amine N-H),p-quinone,True,"two reversible waves in MeCN, spacing 0.79-0.94 V (benzoquinones, tier A)",False,345.442,2.0,155.2,2.54,neutral,0.0,26.0,True
D3TaLES,80HYQS,F[B-]1(F)N2C(Br)=CC=CC2=Nc2cccc[n+]21,4.41,0.4316,0.2533,6.896,1.389,F[B-]1(F)N2C(Br)=CC=CC2=Nc2cccc[n+]21,pyridinium,False,no graft handle,,,pyridinium,False,,,,,,,,,,True
D3TaLES,80ZPGT,CCN(CC)C1=C(C(=O)OC)C(C(=O)OC)C(O)(C(=O)OC)c2cc(Cl)nc(Cl)c21,3.98,0.8696,0.831,7.116,1.092,CCN(CC)C1=C(C(=O)OC)C(C(=O)OC)C(O)(C(=O)OC)c2cc(Cl)nc(Cl)c21,,False,unassigned stereo,CCN(CC)C1=C(C(=O)OC)C(C(=O)OC)C(O)(C(=O)OC)c2cc(Cl)[n+](Cc3ccc(C)cc3)c(Cl)c21,N-benzyl pyridinium (Menshutkin),pyridinium,False,single reduction; parent reported irreversible,False,566.458,1.0,47.3,4.21,inherently-charged (azinium; no neutral form),1.0,38.0,True
D3TaLES,80AAAL,CCOC(=O)C1CCN(C2=C(Cl)C(=O)c3ccccc3C2=O)CC1,2.28,0.6443,0.3498,7.765,1.491,CCOC(=O)C1CCN(C2=C(Cl)C(=O)c3ccccc3C2=O)CC1,p-quinone,False,no graft handle,,,p-quinone,True,,,,,,,,,,True
D3TaLES,80ZUKC,C=C1N(C)C2=C(SC1(C)C)C(=O)c1ccccc1C2=O,3.11,0.6165,0.3927,7.998,0.945,C=C1N(C)C2=C(SC1(C)C)C(=O)c1ccccc1C2=O,p-quinone,False,no graft handle,,,p-quinone,True,,,,,,,,,,True
D3TaLES,80HBLA,CC1OC2=C(C(=O)c3cccc(O)c3C2=O)C(O)C1O,3.89,0.6671,,7.607,,CC1OC2=C(C(=O)c3cccc(O)c3C2=O)C(O)C1O,p-quinone,False,unassigned stereo,Cc1ccc(COc2cccc3c2C(=O)C2=C(C3=O)C(O)C(O)C(C)O2)cc1,"O-benzyl ether (phenol/enol, Williamson)",p-quinone,True,"two reversible waves in MeCN, spacing 0.79-0.94 V (benzoquinones, tier A)",False,380.396,2.0,140.9,3.59,neutral,0.0,28.0,True
D3TaLES,80HBLA,CC1OC2=C(C(=O)c3cccc(O)c3C2=O)C(O)C1O,3.89,0.6671,,7.607,,CC1OC2=C(C(=O)c3cccc(O)c3C2=O)C(O)C1O,p-quinone,False,unassigned stereo,Cc1ccc(COC2C3=C(OC(C)C2O)C(=O)c2c(O)cccc2C3=O)cc1,"O-benzyl ether (phenol/enol, Williamson)",p-quinone,True,"two reversible waves in MeCN, spacing 0.79-0.94 V (benzoquinones, tier A)",False,380.396,2.0,140.9,3.69,neutral,0.0,28.0,True
D3TaLES,80HBLA,CC1OC2=C(C(=O)c3cccc(O)c3C2=O)C(O)C1O,3.89,0.6671,,7.607,,CC1OC2=C(C(=O)c3cccc(O)c3C2=O)C(O)C1O,p-quinone,False,unassigned stereo,Cc1ccc(COC2C(C)OC3=C(C(=O)c4cccc(O)c4C3=O)C2O)cc1,"O-benzyl ether (phenol/enol, Williamson)",p-quinone,True,"two reversible waves in MeCN, spacing 0.79-0.94 V (benzoquinones, tier A)",False,380.396,2.0,140.9,3.67,neutral,0.0,28.0,True
D3TaLES,80RMFY,O=C1C=CC(=NC2=C(Cl)C(=O)c3ccccc3C2=O)C=C1,2.83,1.079,1.56,8.495,1.89,O=C1C=CC(=NC2=C(Cl)C(=O)c3ccccc3C2=O)C=C1,p-quinone,False,no graft handle,,,p-quinone,True,,,,,,,,,,True
D3TaLES,80HIYK,CCOC(=O)C1=C([O-])C(=O)C(C(=O)OCC)=C([n+]2ccc(N(C)C)cc2)C1=O,3.36,0.6965,1.417,7.983,1.333,CCOC(=O)C1=C([O-])C(=O)C(C(=O)OCC)=C([n+]2ccc(N(C)C)cc2)C1=O,p-quinone+pyridinium,False,no graft handle,,,p-quinone+pyridinium,True,,,,,,,,,,True
D3TaLES,80OURM,COc1cc2c3c(c1OC)C(=O)C(=O)C1=C3N(CCC1)CC2,2.79,0.8132,0.6117,7.621,1.085,COc1cc2c3c(c1OC)C(=O)C(=O)C1=C3N(CCC1)CC2,o-quinone,False,no graft handle,,,o-quinone,True,,,,,,,,,,True
D3TaLES,80TRNH,COc1cc(O)c2c(c1)C(=O)C1=C(CC(O)C(C)(O)C1)C2=O,3.76,0.603,0.3836,8.049,1.778,COc1cc(O)c2c(c1)C(=O)C1=C(CC(O)C(C)(O)C1)C2=O,p-quinone,False,unassigned stereo,COc1cc(OCc2ccc(C)cc2)c2c(c1)C(=O)C1=C(CC(O)C(C)(O)C1)C2=O,"O-benzyl ether (phenol/enol, Williamson)",p-quinone,True,"two reversible waves in MeCN, spacing 0.79-0.94 V (benzoquinones, tier A)",False,408.45,2.0,131.2,3.51,neutral,0.0,30.0,True
D3TaLES,80TRNH,COc1cc(O)c2c(c1)C(=O)C1=C(CC(O)C(C)(O)C1)C2=O,3.76,0.603,0.3836,8.049,1.778,COc1cc(O)c2c(c1)C(=O)C1=C(CC(O)C(C)(O)C1)C2=O,p-quinone,False,unassigned stereo,COc1cc(O)c2c(c1)C(=O)C1=C(CC(OCc3ccc(C)cc3)C(C)(O)C1)C2=O,"O-benzyl ether (phenol/enol, Williamson)",p-quinone,True,"two reversible waves in MeCN, spacing 0.79-0.94 V (benzoquinones, tier A)",False,408.45,2.0,131.2,3.6,neutral,0.0,30.0,True
D3TaLES,80TRNH,COc1cc(O)c2c(c1)C(=O)C1=C(CC(O)C(C)(O)C1)C2=O,3.76,0.603,0.3836,8.049,1.778,COc1cc(O)c2c(c1)C(=O)C1=C(CC(O)C(C)(O)C1)C2=O,p-quinone,False,unassigned stereo,COc1cc(O)c2c(c1)C(=O)C1=C(CC(O)C(C)(OCc3ccc(C)cc3)C1)C2=O,"O-benzyl ether (phenol/enol, Williamson)",p-quinone,True,"two reversible waves in MeCN, spacing 0.79-0.94 V (benzoquinones, tier A)",False,408.45,2.0,131.2,3.66,neutral,0.0,30.0,True
D3TaLES,80LEFZ,COC1=C(OC)C(=O)c2oc(C)cc2C1=O,2.86,0.6239,0.5972,7.954,1.209,COC1=C(OC)C(=O)c2oc(C)cc2C1=O,p-quinone,False,no graft handle,,,p-quinone,True,,,,,,,,,,True
D3TaLES,80XWVS,CNC1=CC(=O)c2ccncc2C1=O,2.72,0.6123,0.436,7.613,1.736,CNC1=CC(=O)c2ccncc2C1=O,p-quinone,False,ok,Cc1ccc(CN(C)C2=CC(=O)c3ccncc3C2=O)cc1,N-benzyl (amine N-H),p-quinone,True,"two reversible waves in MeCN, spacing 0.79-0.94 V (benzoquinones, tier A)",False,292.338,2.0,183.4,2.49,neutral,0.0,22.0,True
D3TaLES,80UYAI,CNC1=C(Br)C(=O)c2ccncc2C1=O,2.78,0.4807,0.3144,8.044,1.546,CNC1=C(Br)C(=O)c2ccncc2C1=O,p-quinone,False,ok,Cc1ccc(CN(C)C2=C(Br)C(=O)c3ccncc3C2=O)cc1,N-benzyl (amine N-H),p-quinone,True,"two reversible waves in MeCN, spacing 0.79-0.94 V (benzoquinones, tier A)",False,371.234,2.0,144.4,2.57,neutral,0.0,23.0,True
D3TaLES,80MDPM,CNC1=C(Cl)C(=O)c2ccncc2C1=O,2.68,0.4958,0.331,8.004,1.572,CNC1=C(Cl)C(=O)c2ccncc2C1=O,p-quinone,False,ok,Cc1ccc(CN(C)C2=C(Cl)C(=O)c3ccncc3C2=O)cc1,N-benzyl (amine N-H),p-quinone,True,"two reversible waves in MeCN, spacing 0.79-0.94 V (benzoquinones, tier A)",False,326.783,2.0,164.0,2.51,neutral,0.0,23.0,True
D3TaLES,80NECN,CN(C)C1=CC(=O)c2cc(O)ccc2C1=O,2.63,0.6776,0.3213,7.633,1.407,CN(C)C1=CC(=O)c2cc(O)ccc2C1=O,p-quinone,False,ok,Cc1ccc(COc2ccc3c(c2)C(=O)C=C(N(C)C)C3=O)cc1,"O-benzyl ether (phenol/enol, Williamson)",p-quinone,True,"two reversible waves in MeCN, spacing 0.79-0.94 V (benzoquinones, tier A)",False,321.376,2.0,166.8,2.3,neutral,0.0,24.0,True
D3TaLES,80RPPJ,CC1=Cc2c(c(C)cc3c2C(C)CO3)C(=O)C1=O,3.6,0.3867,0.7703,7.872,1.771,CC1=Cc2c(c(C)cc3c2C(C)CO3)C(=O)C1=O,o-quinone,False,no graft handle,,,o-quinone,True,,,,,,,,,,True
D3TaLES,80CNXW,CC(=O)N(C1=CC(=O)C=CC1=O)c1ccccc1,2.53,0.921,1.147,8.542,2.071,CC(=O)N(C1=CC(=O)C=CC1=O)c1ccccc1,p-quinone,False,no graft handle,,,p-quinone,True,,,,,,,,,,True
D3TaLES,80TXMO,CCNC1=CC(=O)c2ccccc2C1=O,2.23,0.4028,0.3512,7.734,1.506,CCNC1=CC(=O)c2ccccc2C1=O,p-quinone,False,ok,CCN(Cc1ccc(C)cc1)C1=CC(=O)c2ccccc2C1=O,N-benzyl (amine N-H),p-quinone,True,"two reversible waves in MeCN, spacing 0.79-0.94 V (benzoquinones, tier A)",False,305.377,2.0,175.5,2.25,neutral,0.0,23.0,True
D3TaLES,80SGPR,CCCCCCNC1=CC(=O)c2ccccc2C1=O,2.14,0.5203,0.4223,7.742,1.591,CCCCCCNC1=CC(=O)c2ccccc2C1=O,p-quinone,False,ok,CCCCCCN(Cc1ccc(C)cc1)C1=CC(=O)c2ccccc2C1=O,N-benzyl (amine N-H),p-quinone,True,"two reversible waves in MeCN, spacing 0.79-0.94 V (benzoquinones, tier A)",False,361.485,2.0,148.3,2.33,neutral,0.0,27.0,True
D3TaLES,80TTMK,Cc1ccc2c(n1)C(=O)C1=C(C2=O)S(=O)(=O)CCN1,3.15,0.4938,0.4485,8.157,2.03,Cc1ccc2c(n1)C(=O)C1=C(C2=O)S(=O)(=O)CCN1,p-quinone,False,ok,Cc1ccc(CN2CCS(=O)(=O)C3=C2C(=O)c2nc(C)ccc2C3=O)cc1,N-benzyl (amine N-H),p-quinone,True,"two reversible waves in MeCN, spacing 0.79-0.94 V (benzoquinones, tier A)",False,382.441,2.0,140.2,2.86,neutral,0.0,27.0,True
D3TaLES,80FSAK,CC1=C(O)C(=O)c2ccccc2C1=O,2.1,0.4278,0.4582,7.95,2.138,CC1=C(O)C(=O)c2ccccc2C1=O,p-quinone,False,ok,CC1=C(OCc2ccc(C)cc2)C(=O)c2ccccc2C1=O,"O-benzyl ether (phenol/enol, Williamson)",p-quinone,True,"two reversible waves in MeCN, spacing 0.79-0.94 V (benzoquinones, tier A)",False,292.334,2.0,183.4,2.02,neutral,0.0,22.0,True
D3TaLES,80VRMG,COC(=O)C1(C)NC(C(C)C)C2=C1C(=O)c1ccccc1C2=O,3.58,0.5688,0.8677,8.014,1.547,COC(=O)C1(C)NC(C(C)C)C2=C1C(=O)c1ccccc1C2=O,p-quinone,False,unassigned stereo,COC(=O)C1(C)C2=C(C(=O)c3ccccc3C2=O)C(C(C)C)N1Cc1ccc(C)cc1,N-benzyl (amine N-H),p-quinone,True,"two reversible waves in MeCN, spacing 0.79-0.94 V (benzoquinones, tier A)",False,417.505,2.0,128.4,3.5,neutral,0.0,31.0,True
D3TaLES,80RDSP,CCOC(=O)C1(C)NC(C(C)(C)C)C2=C1C(=O)c1ccccc1C2=O,3.64,0.6252,0.8172,8.039,1.574,CCOC(=O)C1(C)NC(C(C)(C)C)C2=C1C(=O)c1ccccc1C2=O,p-quinone,False,unassigned stereo,CCOC(=O)C1(C)C2=C(C(=O)c3ccccc3C2=O)C(C(C)(C)C)N1Cc1ccc(C)cc1,N-benzyl (amine N-H),p-quinone,True,"two reversible waves in MeCN, spacing 0.79-0.94 V (benzoquinones, tier A)",False,445.559,2.0,120.3,3.55,neutral,0.0,33.0,True
D3TaLES,80VNVC,CN1CCN(C2=C(Cl)C(=O)c3ccccc3C2=O)CC1,2.21,0.5762,0.8102,7.612,0.799,CN1CCN(C2=C(Cl)C(=O)c3ccccc3C2=O)CC1,p-quinone,False,no graft handle,,,p-quinone,True,,,,,,,,,,True
D3TaLES,80RPTX,CC1=C2OCC(C)c3c(O)cc(C)c(c32)C(=O)C1=O,3.65,,,,,CC1=C2OCC(C)c3c(O)cc(C)c(c32)C(=O)C1=O,o-quinone,False,unassigned stereo,CC1=C2OCC(C)c3c(OCc4ccc(C)cc4)cc(C)c(c32)C(=O)C1=O,"O-benzyl ether (phenol/enol, Williamson)",o-quinone,True,"two quasi-reversible waves, spacing 0.41 V (1,2-naphthoquinone, tier A)",False,362.425,2.0,147.9,3.28,neutral,0.0,27.0,False
D3TaLES,80OLKI,CCCCNC1=C(F)C(=O)c2c(F)c(F)c(F)c(NCCCC)c2C1=O,2.98,0.6212,0.4791,7.839,1.363,CCCCNC1=C(F)C(=O)c2c(F)c(F)c(F)c(NCCCC)c2C1=O,p-quinone,False,ok,CCCCNc1c(F)c(F)c(F)c2c1C(=O)C(N(CCCC)Cc1ccc(C)cc1)=C(F)C2=O,N-benzyl (amine N-H),p-quinone,True,"two reversible waves in MeCN, spacing 0.79-0.94 V (benzoquinones, tier A)",False,476.514,2.0,112.5,3.01,neutral,0.0,34.0,True
D3TaLES,80OLKI,CCCCNC1=C(F)C(=O)c2c(F)c(F)c(F)c(NCCCC)c2C1=O,2.98,0.6212,0.4791,7.839,1.363,CCCCNC1=C(F)C(=O)c2c(F)c(F)c(F)c(NCCCC)c2C1=O,p-quinone,False,ok,CCCCNC1=C(F)C(=O)c2c(F)c(F)c(F)c(N(CCCC)Cc3ccc(C)cc3)c2C1=O,N-benzyl (amine N-H),p-quinone,True,"two reversible waves in MeCN, spacing 0.79-0.94 V (benzoquinones, tier A)",False,476.514,2.0,112.5,3.01,neutral,0.0,34.0,True
D3TaLES,80XLFF,COC1=CC(=O)c2c(O)c3c(c(O)c2C1=O)CC(C)(O)C(O)C3O,4.03,1.29,0.7784,8.553,1.299,COC1=CC(=O)c2c(O)c3c(c(O)c2C1=O)CC(C)(O)C(O)C3O,p-quinone,False,unassigned stereo,COC1=CC(=O)c2c(OCc3ccc(C)cc3)c3c(c(O)c2C1=O)CC(C)(O)C(O)C3O,"O-benzyl ether (phenol/enol, Williamson)",p-quinone,True,"two reversible waves in MeCN, spacing 0.79-0.94 V (benzoquinones, tier A)",False,440.448,2.0,121.7,3.87,neutral,0.0,32.0,True
D3TaLES,80XLFF,COC1=CC(=O)c2c(O)c3c(c(O)c2C1=O)CC(C)(O)C(O)C3O,4.03,1.29,0.7784,8.553,1.299,COC1=CC(=O)c2c(O)c3c(c(O)c2C1=O)CC(C)(O)C(O)C3O,p-quinone,False,unassigned stereo,COC1=CC(=O)c2c(O)c3c(c(OCc4ccc(C)cc4)c2C1=O)CC(C)(O)C(O)C3O,"O-benzyl ether (phenol/enol, Williamson)",p-quinone,True,"two reversible waves in MeCN, spacing 0.79-0.94 V (benzoquinones, tier A)",False,440.448,2.0,121.7,3.91,neutral,0.0,32.0,True
D3TaLES,80XLFF,COC1=CC(=O)c2c(O)c3c(c(O)c2C1=O)CC(C)(O)C(O)C3O,4.03,1.29,0.7784,8.553,1.299,COC1=CC(=O)c2c(O)c3c(c(O)c2C1=O)CC(C)(O)C(O)C3O,p-quinone,False,unassigned stereo,COC1=CC(=O)c2c(O)c3c(c(O)c2C1=O)CC(C)(OCc1ccc(C)cc1)C(O)C3O,"O-benzyl ether (phenol/enol, Williamson)",p-quinone,True,"two reversible waves in MeCN, spacing 0.79-0.94 V (benzoquinones, tier A)",False,440.448,2.0,121.7,3.98,neutral,0.0,32.0,True
D3TaLES,80XLFF,COC1=CC(=O)c2c(O)c3c(c(O)c2C1=O)CC(C)(O)C(O)C3O,4.03,1.29,0.7784,8.553,1.299,COC1=CC(=O)c2c(O)c3c(c(O)c2C1=O)CC(C)(O)C(O)C3O,p-quinone,False,unassigned stereo,COC1=CC(=O)c2c(O)c3c(c(O)c2C1=O)CC(C)(O)C(OCc1ccc(C)cc1)C3O,"O-benzyl ether (phenol/enol, Williamson)",p-quinone,True,"two reversible waves in MeCN, spacing 0.79-0.94 V (benzoquinones, tier A)",False,440.448,2.0,121.7,3.91,neutral,0.0,32.0,True
D3TaLES,80XLFF,COC1=CC(=O)c2c(O)c3c(c(O)c2C1=O)CC(C)(O)C(O)C3O,4.03,1.29,0.7784,8.553,1.299,COC1=CC(=O)c2c(O)c3c(c(O)c2C1=O)CC(C)(O)C(O)C3O,p-quinone,False,unassigned stereo,COC1=CC(=O)c2c(O)c3c(c(O)c2C1=O)CC(C)(O)C(O)C3OCc1ccc(C)cc1,"O-benzyl ether (phenol/enol, Williamson)",p-quinone,True,"two reversible waves in MeCN, spacing 0.79-0.94 V (benzoquinones, tier A)",False,440.448,2.0,121.7,3.94,neutral,0.0,32.0,True
D3TaLES,80HJDG,COCOc1cc(O)c2c(c1)C(=O)C1=C(C2=O)C(Cl)C(Cl)C(C)(C)O1,4.03,0.6446,0.5076,8.086,1.699,COCOc1cc(O)c2c(c1)C(=O)C1=C(C2=O)C(Cl)C(Cl)C(C)(C)O1,p-quinone,False,unassigned stereo,COCOc1cc(OCc2ccc(C)cc2)c2c(c1)C(=O)C1=C(C2=O)C(Cl)C(Cl)C(C)(C)O1,"O-benzyl ether (phenol/enol, Williamson)",p-quinone,True,"two reversible waves in MeCN, spacing 0.79-0.94 V (benzoquinones, tier A)",False,491.367,2.0,109.1,3.78,neutral,0.0,33.0,True
D3TaLES,80XZXV,CC(C)(C)OC(=O)CCNC1=C(Br)C(=O)C2=C(C1=O)C1C3=C(C(=O)C=CC3=O)C2c2ccccc21,4.64,0.5296,0.5291,8.269,1.592,CC(C)(C)OC(=O)CCNC1=C(Br)C(=O)C2=C(C1=O)C1C3=C(C(=O)C=CC3=O)C2c2ccccc21,p-quinone,False,unassigned stereo,Cc1ccc(CN(CCC(=O)OC(C)(C)C)C2=C(Br)C(=O)C3=C(C2=O)C2C4=C(C(=O)C=CC4=O)C3c3ccccc32)cc1,N-benzyl (amine N-H),p-quinone,True,"two reversible waves in MeCN, spacing 0.79-0.94 V (benzoquinones, tier A)",False,640.53,2.0,83.7,4.71,neutral,0.0,43.0,True
D3TaLES,80KCOP,CC1=CC2C(N3C(=O)c4ccccc4C3=O)=CN(S(C)(=O)=O)C2(C)C=C1,4.08,0.7544,0.929,7.412,0.824,CC1=CC2C(N3C(=O)c4ccccc4C3=O)=CN(S(C)(=O)=O)C2(C)C=C1,mono-imide,False,no graft handle,,,mono-imide,False,,,,,,,,,,True
D3TaLES,80JXZB,CC12C=CC=CC1C(N1C(=O)c3ccccc3C1=O)=CN2S(C)(=O)=O,3.99,0.6682,1.149,7.899,0.848,CC12C=CC=CC1C(N1C(=O)c3ccccc3C1=O)=CN2S(C)(=O)=O,mono-imide,False,no graft handle,,,mono-imide,False,,,,,,,,,,True
D3TaLES,80BNJO,CC1=CC2C(C=C1)C(N1C(=O)c3ccccc3C1=O)=CN2S(C)(=O)=O,3.89,0.7395,1.024,7.288,0.805,CC1=CC2C(C=C1)C(N1C(=O)c3ccccc3C1=O)=CN2S(C)(=O)=O,mono-imide,False,no graft handle,,,mono-imide,False,,,,,,,,,,True
D3TaLES,80EIHB,CC(C)(C)C12C=CC=CC1C(N1C(=O)c3ccccc3C1=O)=CN2S(C)(=O)=O,4.13,0.7021,1.369,6.474,1.002,CC(C)(C)C12C=CC=CC1C(N1C(=O)c3ccccc3C1=O)=CN2S(C)(=O)=O,mono-imide,False,no graft handle,,,mono-imide,False,,,,,,,,,,True
D3TaLES,80LBXE,CN1CCc2cn(C)c3c2C1=CC(=O)C3=O,3.27,0.4815,0.4161,7.386,1.112,CN1CCc2cn(C)c3c2C1=CC(=O)C3=O,o-quinone,False,no graft handle,,,o-quinone,True,,,,,,,,,,True
D3TaLES,80TVTO,COc1ccc(C2=CC(=O)C=CC2=O)c(OC)c1OC,2.38,0.675,1.185,8.173,1.241,COc1ccc(C2=CC(=O)C=CC2=O)c(OC)c1OC,p-quinone,False,no graft handle,,,p-quinone,True,,,,,,,,,,True
D3TaLES,80BYDQ,O=C1C2=C(S[N]S2)C(=O)c2ccccc21,3.17,1.501,,8.185,,O=C1C2=C(S[N]S2)C(=O)c2ccccc21,p-quinone,False,no graft handle,,,p-quinone,True,,,,,,,,,,False
D3TaLES,80KHJK,O=C1C=C(Cl)C(=O)c2c(O)cccc21,2.43,0.6251,0.523,8.176,2.364,O=C1C=C(Cl)C(=O)c2c(O)cccc21,p-quinone,False,ok,Cc1ccc(COc2cccc3c2C(=O)C(Cl)=CC3=O)cc1,"O-benzyl ether (phenol/enol, Williamson)",p-quinone,True,"two reversible waves in MeCN, spacing 0.79-0.94 V (benzoquinones, tier A)",False,312.752,2.0,171.4,2.15,neutral,0.0,22.0,True
D3TaLES,80ZNQH,O=C1C=C(I)C(=O)c2ccccc21,2.27,0.415,0.8067,8.298,2.553,O=C1C=C(I)C(=O)c2ccccc21,p-quinone,False,no graft handle,,,p-quinone,True,,,,,,,,,,True
D3TaLES,80NOPT,CCCCNC1=CC(=O)c2ccccc2C1=O,2.15,0.5311,0.4057,7.508,1.719,CCCCNC1=CC(=O)c2ccccc2C1=O,p-quinone,False,ok,CCCCN(Cc1ccc(C)cc1)C1=CC(=O)c2ccccc2C1=O,N-benzyl (amine N-H),p-quinone,True,"two reversible waves in MeCN, spacing 0.79-0.94 V (benzoquinones, tier A)",False,333.431,2.0,160.8,2.3,neutral,0.0,25.0,True
D3TaLES,80DOCG,Cc1nccc2c1C(O)(C(F)(F)F)N=CN2,4.01,0.5126,0.5911,6.069,2.068,Cc1nccc2c1C(O)(C(F)(F)F)N=CN2,,False,unassigned stereo,Cc1ccc(C[n+]2ccc3c(c2C)C(O)(C(F)(F)F)N=CN3)cc1,N-benzyl pyridinium (Menshutkin),pyridinium,False,single reduction; parent reported irreversible,False,336.337,1.0,79.7,3.86,inherently-charged (azinium; no neutral form),1.0,24.0,True
D3TaLES,80DNXK,CC1=CC(=O)c2ccccc2C1=O,1.95,0.6159,0.8044,8.03,3.257,CC1=CC(=O)c2ccccc2C1=O,p-quinone,False,no graft handle,,,p-quinone,True,,,,,,,,,,True
D3TaLES,80IZCQ,CC(C)(C1=CC(=O)C(=O)C=C1)c1ccc(O)cc1,2.68,0.4958,0.2934,8.301,1.649,CC(C)(C1=CC(=O)C(=O)C=C1)c1ccc(O)cc1,o-quinone,False,ok,Cc1ccc(COc2ccc(C(C)(C)C3=CC(=O)C(=O)C=C3)cc2)cc1,"O-benzyl ether (phenol/enol, Williamson)",o-quinone,True,"two quasi-reversible waves, spacing 0.41 V (1,2-naphthoquinone, tier A)",False,346.426,2.0,154.7,2.4,neutral,0.0,26.0,True
D3TaLES,80RJRB,COC1=CC(=O)C2=C(C1=O)C(c1cc(OC)c(OC)cc1OC)C(C)C(C)=C2,3.62,0.5322,0.6122,7.799,0.635,COC1=CC(=O)C2=C(C1=O)C(c1cc(OC)c(OC)cc1OC)C(C)C(C)=C2,p-quinone,False,no graft handle,,,p-quinone,True,,,,,,,,,,True
D3TaLES,80UFUC,Cc1sc2c(=O)c3ccccc3c(=O)c=2n(C)c1O,3.01,0.761,1.134,8.119,0.553,Cc1sc2c(=O)c3ccccc3c(=O)c=2n(C)c1O,p-quinone,False,ok,Cc1ccc(COc2c(C)sc3c(=O)c4ccccc4c(=O)c=3n2C)cc1,"O-benzyl ether (phenol/enol, Williamson)",p-quinone,True,"two reversible waves in MeCN, spacing 0.79-0.94 V (benzoquinones, tier A)",False,377.465,2.0,142.0,2.77,neutral,0.0,27.0,True
D3TaLES,80ATOF,CC1(F)C=CC(=O)c2cccnc21,3.55,0.5575,0.7413,7.345,2.637,CC1(F)C=CC(=O)c2cccnc21,,False,unassigned stereo,Cc1ccc(C[n+]2cccc3c2C(C)(F)C=CC3=O)cc1,N-benzyl pyridinium (Menshutkin),pyridinium,False,single reduction; parent reported irreversible,False,282.338,1.0,94.9,3.47,inherently-charged (azinium; no neutral form),1.0,21.0,True
D3TaLES,80FRSC,CC1(C)C(=O)OC2C=CC=C(c3ccccn3)C21,3.82,0.636,0.4234,6.976,1.46,CC1(C)C(=O)OC2C=CC=C(c3ccccn3)C21,,False,unassigned stereo,Cc1ccc(C[n+]2ccccc2C2=CC=CC3OC(=O)C(C)(C)C23)cc1,N-benzyl pyridinium (Menshutkin),pyridinium,False,single reduction; parent reported irreversible,False,346.45,1.0,77.4,3.9,inherently-charged (azinium; no neutral form),1.0,26.0,True
D3TaLES,80OCFK,CC(C)C1CSC(=S)N1C(=O)C(C1C=CC=CC=C1)N1C(=O)c2ccccc2C1=O,4.03,1.115,1.605,7.272,1.301,CC(C)C1CSC(=S)N1C(=O)C(C1C=CC=CC=C1)N1C(=O)c2ccccc2C1=O,mono-imide,False,no graft handle,,,mono-imide,False,,,,,,,,,,True
D3TaLES,80NVTR,CC1CCC(=O)C(C)C1(C)CCc1ccc2c(c1)C(=O)C=CC2=O,3.76,0.6546,0.3901,7.993,2.602,CC1CCC(=O)C(C)C1(C)CCc1ccc2c(c1)C(=O)C=CC2=O,p-quinone,False,no graft handle,,,p-quinone,True,,,,,,,,,,True
D3TaLES,80EVCN,COc1cc(O)c2c(c1)C(=O)C1=C(C2=O)C2CC(C)(C1)OC(C)(C)O2,4.69,0.8734,0.4187,8.565,1.801,COc1cc(O)c2c(c1)C(=O)C1=C(C2=O)C2CC(C)(C1)OC(C)(C)O2,p-quinone,False,unassigned stereo,COc1cc(OCc2ccc(C)cc2)c2c(c1)C(=O)C1=C(C2=O)C2CC(C)(C1)OC(C)(C)O2,"O-benzyl ether (phenol/enol, Williamson)",p-quinone,True,"two reversible waves in MeCN, spacing 0.79-0.94 V (benzoquinones, tier A)",False,448.515,2.0,119.5,4.44,neutral,0.0,33.0,True
D3TaLES,80ZHJZ,CC(=O)OCC(OC(C)=O)C(OC(C)=O)C(Cn1c2nc(=O)n(C)c(=O)c-2nc2cc(C)c(C)cc21)OC(C)=O,4.12,0.5772,0.4033,8.054,1.724,CC(=O)OCC(OC(C)=O)C(OC(C)=O)C(Cn1c2nc(=O)n(C)c(=O)c-2nc2cc(C)c(C)cc21)OC(C)=O,,False,unassigned stereo,CC(=O)OCC(OC(C)=O)C(OC(C)=O)C(Cn1c2[n+](Cc3ccc(C)cc3)c(=O)n(C)c(=O)c-2nc2cc(C)c(C)cc21)OC(C)=O,N-benzyl pyridinium (Menshutkin),pyridinium,False,single reduction; parent reported irreversible,False,663.704,1.0,40.4,4.46,inherently-charged (azinium; no neutral form),1.0,48.0,True
D3TaLES,80ZHJZ,CC(=O)OCC(OC(C)=O)C(OC(C)=O)C(Cn1c2nc(=O)n(C)c(=O)c-2nc2cc(C)c(C)cc21)OC(C)=O,4.12,0.5772,0.4033,8.054,1.724,CC(=O)OCC(OC(C)=O)C(OC(C)=O)C(Cn1c2nc(=O)n(C)c(=O)c-2nc2cc(C)c(C)cc21)OC(C)=O,,False,unassigned stereo,CC(=O)OCC(OC(C)=O)C(OC(C)=O)C(Cn1c2nc(=O)n(C)c(=O)c-2[n+](Cc2ccc(C)cc2)c2cc(C)c(C)cc21)OC(C)=O,N-benzyl pyridinium (Menshutkin),pyridinium,False,single reduction; parent reported irreversible,False,663.704,1.0,40.4,4.45,inherently-charged (azinium; no neutral form),1.0,48.0,True
D3TaLES,80AXGQ,CC1=CC2C3=C(OC(C)(C)C2CC1)C(=O)c1c(cc(O)c(C)c1O)C3=O,3.93,0.514,1.499,7.715,1.79,CC1=CC2C3=C(OC(C)(C)C2CC1)C(=O)c1c(cc(O)c(C)c1O)C3=O,p-quinone,False,unassigned stereo,CC1=CC2C3=C(OC(C)(C)C2CC1)C(=O)c1c(cc(OCc2ccc(C)cc2)c(C)c1O)C3=O,"O-benzyl ether (phenol/enol, Williamson)",p-quinone,True,"two reversible waves in MeCN, spacing 0.79-0.94 V (benzoquinones, tier A)",False,458.554,2.0,116.9,3.72,neutral,0.0,34.0,True
D3TaLES,80AXGQ,CC1=CC2C3=C(OC(C)(C)C2CC1)C(=O)c1c(cc(O)c(C)c1O)C3=O,3.93,0.514,1.499,7.715,1.79,CC1=CC2C3=C(OC(C)(C)C2CC1)C(=O)c1c(cc(O)c(C)c1O)C3=O,p-quinone,False,unassigned stereo,CC1=CC2C3=C(OC(C)(C)C2CC1)C(=O)c1c(cc(O)c(C)c1OCc1ccc(C)cc1)C3=O,"O-benzyl ether (phenol/enol, Williamson)",p-quinone,True,"two reversible waves in MeCN, spacing 0.79-0.94 V (benzoquinones, tier A)",False,458.554,2.0,116.9,3.8,neutral,0.0,34.0,True
D3TaLES,80IWBR,COc1ccc(OC)c2c1CCC1=CCC3=C(C(=O)C=CC3=O)C12,3.52,0.7858,0.6456,7.973,1.059,COc1ccc(OC)c2c1CCC1=CCC3=C(C(=O)C=CC3=O)C12,p-quinone,False,no graft handle,,,p-quinone,True,,,,,,,,,,True
D3TaLES,80BISF,CC(C)(C)c1cccc2c1C1C(=CCC3=C1C(=O)C=CC3=O)CC2,3.64,0.5841,0.7508,8.205,1.771,CC(C)(C)c1cccc2c1C1C(=CCC3=C1C(=O)C=CC3=O)CC2,p-quinone,False,no graft handle,,,p-quinone,True,,,,,,,,,,True
D3TaLES,80RZUV,COC1=CC(=O)c2c(O)c3c(c(O)c2C1=O)CC1(C)OC(C)(C)OC1C3OC1OC(COC(C)=O)C(OC(C)=O)C(OC(C)=O)C1OC(C)=O,5.21,0.5648,0.8516,8.013,1.232,COC1=CC(=O)c2c(O)c3c(c(O)c2C1=O)CC1(C)OC(C)(C)OC1C3OC1OC(COC(C)=O)C(OC(C)=O)C(OC(C)=O)C1OC(C)=O,p-quinone,False,unassigned stereo,COC1=CC(=O)c2c(OCc3ccc(C)cc3)c3c(c(O)c2C1=O)CC1(C)OC(C)(C)OC1C3OC1OC(COC(C)=O)C(OC(C)=O)C(OC(C)=O)C1OC(C)=O,"O-benzyl ether (phenol/enol, Williamson)",p-quinone,True,"two reversible waves in MeCN, spacing 0.79-0.94 V (benzoquinones, tier A)",False,810.802,2.0,66.1,5.28,neutral,0.0,58.0,True
D3TaLES,80RZUV,COC1=CC(=O)c2c(O)c3c(c(O)c2C1=O)CC1(C)OC(C)(C)OC1C3OC1OC(COC(C)=O)C(OC(C)=O)C(OC(C)=O)C1OC(C)=O,5.21,0.5648,0.8516,8.013,1.232,COC1=CC(=O)c2c(O)c3c(c(O)c2C1=O)CC1(C)OC(C)(C)OC1C3OC1OC(COC(C)=O)C(OC(C)=O)C(OC(C)=O)C1OC(C)=O,p-quinone,False,unassigned stereo,COC1=CC(=O)c2c(O)c3c(c(OCc4ccc(C)cc4)c2C1=O)CC1(C)OC(C)(C)OC1C3OC1OC(COC(C)=O)C(OC(C)=O)C(OC(C)=O)C1OC(C)=O,"O-benzyl ether (phenol/enol, Williamson)",p-quinone,True,"two reversible waves in MeCN, spacing 0.79-0.94 V (benzoquinones, tier A)",False,810.802,2.0,66.1,5.3,neutral,0.0,58.0,True
D3TaLES,80QKOY,COC1=CC(=O)c2c(O)c3c(c(O)c2C1=O)CC1(C)OC(C)(C)OC1C3OC1OC(C)C(OC(C)=O)C(OC(C)=O)C1OC(C)=O,5.15,0.8924,1.029,8.462,1.466,COC1=CC(=O)c2c(O)c3c(c(O)c2C1=O)CC1(C)OC(C)(C)OC1C3OC1OC(C)C(OC(C)=O)C(OC(C)=O)C1OC(C)=O,p-quinone,False,unassigned stereo,COC1=CC(=O)c2c(OCc3ccc(C)cc3)c3c(c(O)c2C1=O)CC1(C)OC(C)(C)OC1C3OC1OC(C)C(OC(C)=O)C(OC(C)=O)C1OC(C)=O,"O-benzyl ether (phenol/enol, Williamson)",p-quinone,True,"two reversible waves in MeCN, spacing 0.79-0.94 V (benzoquinones, tier A)",False,752.766,2.0,71.2,5.2,neutral,0.0,54.0,True
D3TaLES,80QKOY,COC1=CC(=O)c2c(O)c3c(c(O)c2C1=O)CC1(C)OC(C)(C)OC1C3OC1OC(C)C(OC(C)=O)C(OC(C)=O)C1OC(C)=O,5.15,0.8924,1.029,8.462,1.466,COC1=CC(=O)c2c(O)c3c(c(O)c2C1=O)CC1(C)OC(C)(C)OC1C3OC1OC(C)C(OC(C)=O)C(OC(C)=O)C1OC(C)=O,p-quinone,False,unassigned stereo,COC1=CC(=O)c2c(O)c3c(c(OCc4ccc(C)cc4)c2C1=O)CC1(C)OC(C)(C)OC1C3OC1OC(C)C(OC(C)=O)C(OC(C)=O)C1OC(C)=O,"O-benzyl ether (phenol/enol, Williamson)",p-quinone,True,"two reversible waves in MeCN, spacing 0.79-0.94 V (benzoquinones, tier A)",False,752.766,2.0,71.2,5.22,neutral,0.0,54.0,True
D3TaLES,80QULW,CC(=O)OC1CC(C)(C)CC2=CCC3=C(C(=O)c4c(O)cccc4C3=O)C21,4.0,0.2451,0.475,7.239,1.82,CC(=O)OC1CC(C)(C)CC2=CCC3=C(C(=O)c4c(O)cccc4C3=O)C21,p-quinone,False,unassigned stereo,CC(=O)OC1CC(C)(C)CC2=CCC3=C(C(=O)c4c(OCc5ccc(C)cc5)cccc4C3=O)C21,"O-benzyl ether (phenol/enol, Williamson)",p-quinone,True,"two reversible waves in MeCN, spacing 0.79-0.94 V (benzoquinones, tier A)",False,470.565,2.0,113.9,3.8,neutral,0.0,35.0,True
D3TaLES,80LEVD,CC(C)=CCC1=C(O)C(=O)c2ccccc2C1=O,2.52,0.4171,1.798,8.005,3.252,CC(C)=CCC1=C(O)C(=O)c2ccccc2C1=O,p-quinone,False,ok,CC(C)=CCC1=C(OCc2ccc(C)cc2)C(=O)c2ccccc2C1=O,"O-benzyl ether (phenol/enol, Williamson)",p-quinone,True,"two reversible waves in MeCN, spacing 0.79-0.94 V (benzoquinones, tier A)",False,346.426,2.0,154.7,2.4,neutral,0.0,26.0,True
D3TaLES,80PRFF,O=C1C=CC(=O)c2c(O)cccc21,2.28,0.4552,0.3903,8.273,2.053,O=C1C=CC(=O)c2c(O)cccc21,p-quinone,True,ok,Cc1ccc(COc2cccc3c2C(=O)C=CC3=O)cc1,"O-benzyl ether (phenol/enol, Williamson)",p-quinone,True,"two reversible waves in MeCN, spacing 0.79-0.94 V (benzoquinones, tier A)",False,278.307,2.0,192.6,2.04,neutral,0.0,21.0,True
D3TaLES,80SIDY,O=C1C=C(NCCO)C(=O)c2cnccc21,2.63,0.7863,0.4536,7.863,1.528,O=C1C=C(NCCO)C(=O)c2cnccc21,p-quinone,False,ok,Cc1ccc(COCCNC2=CC(=O)c3ccncc3C2=O)cc1,"O-benzyl ether (phenol/enol, Williamson)",p-quinone,True,"two reversible waves in MeCN, spacing 0.79-0.94 V (benzoquinones, tier A)",False,322.364,2.0,166.3,2.42,neutral,0.0,24.0,True
D3TaLES,80SIDY,O=C1C=C(NCCO)C(=O)c2cnccc21,2.63,0.7863,0.4536,7.863,1.528,O=C1C=C(NCCO)C(=O)c2cnccc21,p-quinone,False,ok,Cc1ccc(CN(CCO)C2=CC(=O)c3ccncc3C2=O)cc1,N-benzyl (amine N-H),p-quinone,True,"two reversible waves in MeCN, spacing 0.79-0.94 V (benzoquinones, tier A)",False,322.364,2.0,166.3,2.59,neutral,0.0,24.0,True
D3TaLES,80JDNW,CCOC(=O)C1=C(C)NC(C)=C(C(=O)OCC)C1C1=CN([O])c2ccccc2N1[O],3.17,0.2035,0.6704,6.958,1.019,CCOC(=O)C1=C(C)NC(C)=C(C(=O)OCC)C1C1=CN([O])c2ccccc2N1[O],nitroxide,False,1e- family,CCOC(=O)C1=C(C)N(Cc2ccc(C)cc2)C(C)=C(C(=O)OCC)C1C1=CN([O])c2ccccc2N1[O],N-benzyl (amine N-H),nitroxide,False,1e- oxidation (catholyte),False,517.582,1.0,51.8,3.19,neutral,0.0,38.0,True
D3TaLES,80YZZV,COC1=CC(=O)C2=C(C1=O)C(c1cc(OC)c(OC)cc1OC)C(C)=C(C)C2,3.34,0.8058,0.5246,7.919,0.658,COC1=CC(=O)C2=C(C1=O)C(c1cc(OC)c(OC)cc1OC)C(C)=C(C)C2,p-quinone,False,no graft handle,,,p-quinone,True,,,,,,,,,,True
D3TaLES,80GRLC,CC1(C)CCC2=C(O1)c1ccccc1C(=O)C2=O,2.62,0.4372,0.6011,7.831,1.781,CC1(C)CCC2=C(O1)c1ccccc1C(=O)C2=O,o-quinone,False,no graft handle,,,o-quinone,True,,,,,,,,,,True
D3TaLES,80VNJL,CC(=O)CC1(O)CCC2=C(C(=O)c3cccc(O)c3C2=O)C1C(C)=O,3.83,0.7239,0.2374,8.089,2.094,CC(=O)CC1(O)CCC2=C(C(=O)c3cccc(O)c3C2=O)C1C(C)=O,p-quinone,False,unassigned stereo,CC(=O)CC1(OCc2ccc(C)cc2)CCC2=C(C(=O)c3cccc(O)c3C2=O)C1C(C)=O,"O-benzyl ether (phenol/enol, Williamson)",p-quinone,True,"two reversible waves in MeCN, spacing 0.79-0.94 V (benzoquinones, tier A)",False,446.499,2.0,120.1,3.76,neutral,0.0,33.0,True
D3TaLES,80VNJL,CC(=O)CC1(O)CCC2=C(C(=O)c3cccc(O)c3C2=O)C1C(C)=O,3.83,0.7239,0.2374,8.089,2.094,CC(=O)CC1(O)CCC2=C(C(=O)c3cccc(O)c3C2=O)C1C(C)=O,p-quinone,False,unassigned stereo,CC(=O)CC1(O)CCC2=C(C(=O)c3cccc(OCc4ccc(C)cc4)c3C2=O)C1C(C)=O,"O-benzyl ether (phenol/enol, Williamson)",p-quinone,True,"two reversible waves in MeCN, spacing 0.79-0.94 V (benzoquinones, tier A)",False,446.499,2.0,120.1,3.62,neutral,0.0,33.0,True
D3TaLES,80NCKA,CC1(O)CC(=O)C2C3=C(CCC2(O)C1)C(=O)c1ccccc1C3=O,4.04,0.825,0.5836,7.786,2.142,CC1(O)CC(=O)C2C3=C(CCC2(O)C1)C(=O)c1ccccc1C3=O,p-quinone,False,unassigned stereo,Cc1ccc(COC2(C)CC(=O)C3C4=C(CCC3(O)C2)C(=O)c2ccccc2C4=O)cc1,"O-benzyl ether (phenol/enol, Williamson)",p-quinone,True,"two reversible waves in MeCN, spacing 0.79-0.94 V (benzoquinones, tier A)",False,430.5,2.0,124.5,3.98,neutral,0.0,32.0,True
D3TaLES,80NCKA,CC1(O)CC(=O)C2C3=C(CCC2(O)C1)C(=O)c1ccccc1C3=O,4.04,0.825,0.5836,7.786,2.142,CC1(O)CC(=O)C2C3=C(CCC2(O)C1)C(=O)c1ccccc1C3=O,p-quinone,False,unassigned stereo,Cc1ccc(COC23CCC4=C(C(=O)c5ccccc5C4=O)C2C(=O)CC(C)(O)C3)cc1,"O-benzyl ether (phenol/enol, Williamson)",p-quinone,True,"two reversible waves in MeCN, spacing 0.79-0.94 V (benzoquinones, tier A)",False,430.5,2.0,124.5,3.98,neutral,0.0,32.0,True
D3TaLES,80ZKQA,COC(=O)C=CCC1=C(Br)C(=O)c2cccc(O)c2C1=O,2.89,1.049,0.5094,8.799,2.335,COC(=O)C=CCC1=C(Br)C(=O)c2cccc(O)c2C1=O,p-quinone,False,unassigned stereo,COC(=O)C=CCC1=C(Br)C(=O)c2cccc(OCc3ccc(C)cc3)c2C1=O,"O-benzyl ether (phenol/enol, Williamson)",p-quinone,True,"two reversible waves in MeCN, spacing 0.79-0.94 V (benzoquinones, tier A)",False,455.304,2.0,117.7,2.67,neutral,0.0,29.0,True
D3TaLES,80OUQS,CC1=CC(C)=[N+]2C1=C(NC1CC(C)(C)N([O])C(C)(C)C1)c1c(C)cc(C)n1[B-]2(F)F,4.09,1.268,1.114,6.084,1.119,CC1=CC(C)=[N+]2C1=C(NC1CC(C)(C)N([O])C(C)(C)C1)c1c(C)cc(C)n1[B-]2(F)F,nitroxide,False,1e- family,CC1=CC(C)=[N+]2C1=C(N(Cc1ccc(C)cc1)C1CC(C)(C)N([O])C(C)(C)C1)c1c(C)cc(C)n1[B-]2(F)F,N-benzyl (amine N-H),nitroxide,False,1e- oxidation (catholyte),False,521.485,1.0,51.4,3.91,neutral,0.0,38.0,True
D3TaLES,80WMWE,COC(=O)C=Cc1cccc2c1C(=O)C=C(C)C2=O,2.49,0.6012,2.692,7.97,1.796,COC(=O)C=Cc1cccc2c1C(=O)C=C(C)C2=O,p-quinone,False,no graft handle,,,p-quinone,True,,,,,,,,,,True
D3TaLES,80WDZP,COC(=O)C=Cc1cccc2c1C(=O)C(OC)=C(OC)C2=O,2.64,0.6974,1.114,7.817,1.532,COC(=O)C=Cc1cccc2c1C(=O)C(OC)=C(OC)C2=O,p-quinone,False,no graft handle,,,p-quinone,True,,,,,,,,,,True
D3TaLES,80FKDN,COC1=C(OC)C(=O)C(C2COc3cc(O)ccc3C2)=CC1=O,3.37,0.8403,0.5561,8.148,1.379,COC1=C(OC)C(=O)C(C2COc3cc(O)ccc3C2)=CC1=O,p-quinone,False,unassigned stereo,COC1=C(OC)C(=O)C(C2COc3cc(OCc4ccc(C)cc4)ccc3C2)=CC1=O,"O-benzyl ether (phenol/enol, Williamson)",p-quinone,True,"two reversible waves in MeCN, spacing 0.79-0.94 V (benzoquinones, tier A)",False,420.461,2.0,127.5,3.16,neutral,0.0,31.0,True
D3TaLES,80LPGT,CCOC(=O)C1C2c3cccnc3C=CC12[N+](=O)[O-],4.17,0.5462,0.4083,6.78,2.243,CCOC(=O)C1C2c3cccnc3C=CC12[N+](=O)[O-],,False,unassigned stereo,CCOC(=O)C1C2c3ccc[n+](Cc4ccc(C)cc4)c3C=CC12[N+](=O)[O-],N-benzyl pyridinium (Menshutkin),pyridinium,False,single reduction; parent reported irreversible,False,365.409,1.0,73.3,4.19,inherently-charged (azinium; no neutral form),1.0,27.0,True
D3TaLES,80IVUN,CC1=CC2C3=C(OC(C)(C)C2CC1)C(=O)c1c(O)cc(O)cc1C3=O,3.86,0.6162,0.5722,,1.819,CC1=CC2C3=C(OC(C)(C)C2CC1)C(=O)c1c(O)cc(O)cc1C3=O,p-quinone,False,unassigned stereo,CC1=CC2C3=C(OC(C)(C)C2CC1)C(=O)c1c(OCc2ccc(C)cc2)cc(O)cc1C3=O,"O-benzyl ether (phenol/enol, Williamson)",p-quinone,True,"two reversible waves in MeCN, spacing 0.79-0.94 V (benzoquinones, tier A)",False,444.527,2.0,120.6,3.68,neutral,0.0,33.0,True
D3TaLES,80IVUN,CC1=CC2C3=C(OC(C)(C)C2CC1)C(=O)c1c(O)cc(O)cc1C3=O,3.86,0.6162,0.5722,,1.819,CC1=CC2C3=C(OC(C)(C)C2CC1)C(=O)c1c(O)cc(O)cc1C3=O,p-quinone,False,unassigned stereo,CC1=CC2C3=C(OC(C)(C)C2CC1)C(=O)c1c(O)cc(OCc2ccc(C)cc2)cc1C3=O,"O-benzyl ether (phenol/enol, Williamson)",p-quinone,True,"two reversible waves in MeCN, spacing 0.79-0.94 V (benzoquinones, tier A)",False,444.527,2.0,120.6,3.64,neutral,0.0,33.0,True
D3TaLES,80CZFC,CC(C)C(=O)NC1=C([N+](=O)[O-])C(=O)c2ccccc2C1=O,2.53,0.7824,1.617,8.483,2.638,CC(C)C(=O)NC1=C([N+](=O)[O-])C(=O)c2ccccc2C1=O,p-quinone,False,no graft handle,,,p-quinone,True,,,,,,,,,,True
D3TaLES,80EETB,COC1=CC(=O)c2c(O)c(C)c(CC(C)O)c(O)c2C1=O,3.31,0.4956,0.5351,7.866,1.394,COC1=CC(=O)c2c(O)c(C)c(CC(C)O)c(O)c2C1=O,p-quinone,False,unassigned stereo,COC1=CC(=O)c2c(OCc3ccc(C)cc3)c(C)c(CC(C)O)c(O)c2C1=O,"O-benzyl ether (phenol/enol, Williamson)",p-quinone,True,"two reversible waves in MeCN, spacing 0.79-0.94 V (benzoquinones, tier A)",False,396.439,2.0,135.2,3.17,neutral,0.0,29.0,True
D3TaLES,80EETB,COC1=CC(=O)c2c(O)c(C)c(CC(C)O)c(O)c2C1=O,3.31,0.4956,0.5351,7.866,1.394,COC1=CC(=O)c2c(O)c(C)c(CC(C)O)c(O)c2C1=O,p-quinone,False,unassigned stereo,COC1=CC(=O)c2c(O)c(C)c(CC(C)OCc3ccc(C)cc3)c(O)c2C1=O,"O-benzyl ether (phenol/enol, Williamson)",p-quinone,True,"two reversible waves in MeCN, spacing 0.79-0.94 V (benzoquinones, tier A)",False,396.439,2.0,135.2,3.2,neutral,0.0,29.0,True
D3TaLES,80EETB,COC1=CC(=O)c2c(O)c(C)c(CC(C)O)c(O)c2C1=O,3.31,0.4956,0.5351,7.866,1.394,COC1=CC(=O)c2c(O)c(C)c(CC(C)O)c(O)c2C1=O,p-quinone,False,unassigned stereo,COC1=CC(=O)c2c(O)c(C)c(CC(C)O)c(OCc3ccc(C)cc3)c2C1=O,"O-benzyl ether (phenol/enol, Williamson)",p-quinone,True,"two reversible waves in MeCN, spacing 0.79-0.94 V (benzoquinones, tier A)",False,396.439,2.0,135.2,3.13,neutral,0.0,29.0,True
D3TaLES,80LLDF,O=C1C=CC(=O)C(c2ccc(Cl)cc2)=C1,2.13,0.4841,0.3564,8.346,2.188,O=C1C=CC(=O)C(c2ccc(Cl)cc2)=C1,p-quinone,False,no graft handle,,,p-quinone,True,,,,,,,,,,True
D3TaLES,80QWLZ,Cc1cc(Br)cnc1CCCCNC1=NS(=O)N=C1N,3.91,1.903,1.355,6.512,1.924,Cc1cc(Br)cnc1CCCCNC1=NS(=O)N=C1N,,False,unassigned stereo,Cc1ccc(C[n+]2cc(Br)cc(C)c2CCCCNC2=NS(=O)N=C2N)cc1,N-benzyl pyridinium (Menshutkin),pyridinium,False,single reduction; parent reported irreversible,False,463.425,1.0,57.8,4.0,inherently-charged (azinium; no neutral form),1.0,28.0,False
D3TaLES,80AYSY,CC(C)(C)OC(=O)NCCCNC1=C(Cl)C(=O)c2ccccc2C1=O,2.37,0.594,0.4981,7.842,1.581,CC(C)(C)OC(=O)NCCCNC1=C(Cl)C(=O)c2ccccc2C1=O,p-quinone,False,ok,Cc1ccc(CN(CCCNC(=O)OC(C)(C)C)C2=C(Cl)C(=O)c3ccccc3C2=O)cc1,N-benzyl (amine N-H),p-quinone,True,"two reversible waves in MeCN, spacing 0.79-0.94 V (benzoquinones, tier A)",False,468.981,2.0,114.3,2.52,neutral,0.0,33.0,True
D3TaLES,80HCEP,O=C1C=CC(=O)C(c2ccccc2Cl)=C1,2.2,0.5481,0.5207,8.323,2.564,O=C1C=CC(=O)C(c2ccccc2Cl)=C1,p-quinone,False,no graft handle,,,p-quinone,True,,,,,,,,,,True
D3TaLES,80VVIL,O=C1C=CC(=O)C(c2cccc(Cl)c2)=C1,2.23,0.583,0.6062,8.369,2.518,O=C1C=CC(=O)C(c2cccc(Cl)c2)=C1,p-quinone,False,no graft handle,,,p-quinone,True,,,,,,,,,,True
D3TaLES,80JNVB,O=C1C=CC(=O)C(c2ccc(Cl)c(Cl)c2)=C1,2.3,0.5811,0.4336,8.384,2.436,O=C1C=CC(=O)C(c2ccc(Cl)c(Cl)c2)=C1,p-quinone,False,no graft handle,,,p-quinone,True,,,,,,,,,,True
D3TaLES,80XDKB,O=C1C=C(Cl)C(=O)C(c2ccc(Cl)cc2)=C1Cl,2.43,0.5555,0.4697,8.617,2.471,O=C1C=C(Cl)C(=O)C(c2ccc(Cl)cc2)=C1Cl,p-quinone,False,no graft handle,,,p-quinone,True,,,,,,,,,,True
D3TaLES,80GCVR,O=C1C=C2C(C3=CC(=O)c4cccc(O)c4C3=O)CCCC2(O)O1,4.01,,,,,O=C1C=C2C(C3=CC(=O)c4cccc(O)c4C3=O)CCCC2(O)O1,p-quinone,False,unassigned stereo,Cc1ccc(COc2cccc3c2C(=O)C(C2CCCC4(O)OC(=O)C=C24)=CC3=O)cc1,"O-benzyl ether (phenol/enol, Williamson)",p-quinone,True,"two reversible waves in MeCN, spacing 0.79-0.94 V (benzoquinones, tier A)",False,430.456,2.0,124.5,3.75,neutral,0.0,32.0,False
D3TaLES,80GCVR,O=C1C=C2C(C3=CC(=O)c4cccc(O)c4C3=O)CCCC2(O)O1,4.01,,,,,O=C1C=C2C(C3=CC(=O)c4cccc(O)c4C3=O)CCCC2(O)O1,p-quinone,False,unassigned stereo,Cc1ccc(COC23CCCC(C4=CC(=O)c5cccc(O)c5C4=O)C2=CC(=O)O3)cc1,"O-benzyl ether (phenol/enol, Williamson)",p-quinone,True,"two reversible waves in MeCN, spacing 0.79-0.94 V (benzoquinones, tier A)",False,430.456,2.0,124.5,3.92,neutral,0.0,32.0,False
D3TaLES,80ZKXL,O=C1C=CC(=O)C(c2cc(Cl)ccc2Cl)=C1,2.33,0.4904,0.4359,8.394,2.454,O=C1C=CC(=O)C(c2cc(Cl)ccc2Cl)=C1,p-quinone,False,no graft handle,,,p-quinone,True,,,,,,,,,,True
D3TaLES,80ARVI,CC1=CC(=O)C(C(C2=CC(=O)C(C)=CC2=O)(c2ccccc2)C(F)(F)F)=CC1=O,3.23,0.74,1.261,8.576,2.257,CC1=CC(=O)C(C(C2=CC(=O)C(C)=CC2=O)(c2ccccc2)C(F)(F)F)=CC1=O,p-quinone,False,no graft handle,,,p-quinone,True,,,,,,,,,,True
D3TaLES,80BVWG,CC(C)(C)C1=CC(=O)c2c(ccc3c2C(NC(=O)C(Cl)(Cl)Cl)CCC3)C1=O,3.53,0.4798,2.187,8.006,1.366,CC(C)(C)C1=CC(=O)c2c(ccc3c2C(NC(=O)C(Cl)(Cl)Cl)CCC3)C1=O,p-quinone,False,no graft handle,,,p-quinone,True,,,,,,,,,,True
D3TaLES,80YVUB,CCOC(=O)C=C1CCC=CC2=C(C)CC3=C(C(=O)c4ccccc4C3=O)C12,3.62,0.4126,0.5193,7.948,1.219,CCOC(=O)C=C1CCC=CC2=C(C)CC3=C(C(=O)c4ccccc4C3=O)C12,p-quinone,False,no graft handle,,,p-quinone,True,,,,,,,,,,True
D3TaLES,80EMXN,CCCC(=O)C1=CC(=O)c2ccccc2C1=O,2.34,0.5804,0.5642,8.222,2.94,CCCC(=O)C1=CC(=O)c2ccccc2C1=O,p-quinone,False,no graft handle,,,p-quinone,True,,,,,,,,,,True
D3TaLES,80XUGY,OC1C=Cc2ncc(Br)cc2C1O,3.87,0.9653,0.4914,6.704,1.668,OC1C=Cc2ncc(Br)cc2C1O,,False,unassigned stereo,Cc1ccc(C[n+]2cc(Br)cc3c2C=CC(O)C3O)cc1,N-benzyl pyridinium (Menshutkin),pyridinium,False,single reduction; parent reported irreversible,False,347.232,1.0,77.2,3.83,inherently-charged (azinium; no neutral form),1.0,21.0,True
D3TaLES,80JXNQ,O=C1C(Cl)=C(NC2CCCCC2)C(=O)c2ccccc21,2.24,0.5741,0.3931,7.858,1.49,O=C1C(Cl)=C(NC2CCCCC2)C(=O)c2ccccc21,p-quinone,False,ok,Cc1ccc(CN(C2=C(Cl)C(=O)c3ccccc3C2=O)C2CCCCC2)cc1,N-benzyl (amine N-H),p-quinone,True,"two reversible waves in MeCN, spacing 0.79-0.94 V (benzoquinones, tier A)",False,393.914,2.0,136.1,2.4,neutral,0.0,28.0,True
D3TaLES,80YVMX,CC1=C2CSCCc3cccc(c3)CCSCC(=C(C)C1=O)C2=O,4.98,0.6958,1.837,8.148,1.529,CC1=C2CSCCc3cccc(c3)CCSCC(=C(C)C1=O)C2=O,p-quinone,False,no graft handle,,,p-quinone,True,,,,,,,,,,True
D3TaLES,80MFNU,O=C1C=CC(=O)c2c(Br)cccc21,2.37,0.5107,1.029,8.144,2.678,O=C1C=CC(=O)c2c(Br)cccc21,p-quinone,False,no graft handle,,,p-quinone,True,,,,,,,,,,True
D3TaLES,80QRSC,O=C1C=CC(=O)c2c([N+](=O)[O-])ccc(I)c21,2.8,0.4783,1.091,8.427,2.175,O=C1C=CC(=O)c2c([N+](=O)[O-])ccc(I)c21,p-quinone,False,no graft handle,,,p-quinone,True,,,,,,,,,,True
D3TaLES,80RUFO,COc1ccc(I)c2c1C(=O)C=CC2=O,2.57,0.5598,,8.026,2.207,COc1ccc(I)c2c1C(=O)C=CC2=O,p-quinone,False,no graft handle,,,p-quinone,True,,,,,,,,,,True
D3TaLES,80SVCC,O=C1C(Br)=C(Br)C(=O)c2c(I)cccc21,2.79,0.4882,1.245,8.457,2.288,O=C1C(Br)=C(Br)C(=O)c2c(I)cccc21,p-quinone,False,no graft handle,,,p-quinone,True,,,,,,,,,,True
D3TaLES,80JBZB,COc1ccc(I)c2c1C(=O)C=C(C)C2=O,2.59,0.3805,0.8548,7.949,1.776,COc1ccc(I)c2c1C(=O)C=C(C)C2=O,p-quinone,False,no graft handle,,,p-quinone,True,,,,,,,,,,True
D3TaLES,80SQWV,CC1(C)CCC2=C(C1=O)C(c1ccccn1)C1=C(O2)C(C)(C)CCC1=O,3.83,0.4436,1.925,6.743,1.796,CC1(C)CCC2=C(C1=O)C(c1ccccn1)C1=C(O2)C(C)(C)CCC1=O,,False,unassigned stereo,Cc1ccc(C[n+]2ccccc2C2C3=C(CCC(C)(C)C3=O)OC3=C2C(=O)CCC3(C)C)cc1,N-benzyl pyridinium (Menshutkin),pyridinium,False,single reduction; parent reported irreversible,False,456.606,1.0,58.7,3.97,inherently-charged (azinium; no neutral form),1.0,34.0,True
D3TaLES,80QYYN,O=C1C=CC(=O)c2c(I)ccc(I)c21,3.01,0.5378,1.272,8.198,2.24,O=C1C=CC(=O)c2c(I)ccc(I)c21,p-quinone,False,no graft handle,,,p-quinone,True,,,,,,,,,,True
D3TaLES,80MGTG,O=C1C=CC(=O)c2c(I)cccc21,2.52,0.508,1.208,8.156,2.155,O=C1C=CC(=O)c2c(I)cccc21,p-quinone,False,no graft handle,,,p-quinone,True,,,,,,,,,,True
D3TaLES,80CJFD,O=C1C(Br)=CC(=O)c2c(I)cccc21,2.6,0.5071,1.238,8.346,2.183,O=C1C(Br)=CC(=O)c2c(I)cccc21,p-quinone,False,no graft handle,,,p-quinone,True,,,,,,,,,,True
D3TaLES,80NAYR,C=CCn1cc(CCNC(=O)OC(C)(C)C)c2c1C(=O)C1=C(C2=O)S(=O)(=O)CCN1,3.45,0.8748,0.6598,8.034,1.926,C=CCn1cc(CCNC(=O)OC(C)(C)C)c2c1C(=O)C1=C(C2=O)S(=O)(=O)CCN1,p-quinone,False,ok,C=CCn1cc(CCNC(=O)OC(C)(C)C)c2c1C(=O)C1=C(C2=O)S(=O)(=O)CCN1Cc1ccc(C)cc1,N-benzyl (amine N-H),p-quinone,True,"two reversible waves in MeCN, spacing 0.79-0.94 V (benzoquinones, tier A)",False,539.654,2.0,99.3,3.36,neutral,0.0,38.0,True
D3TaLES,80OZAE,CC1=CC(=O)c2c(O)ccc(O)c2C1=O,2.43,-0.3011,0.3754,6.778,1.535,CC1=CC(=O)c2c(O)ccc(O)c2C1=O,p-quinone,False,ok,CC1=CC(=O)c2c(OCc3ccc(C)cc3)ccc(O)c2C1=O,"O-benzyl ether (phenol/enol, Williamson)",p-quinone,True,"two reversible waves in MeCN, spacing 0.79-0.94 V (benzoquinones, tier A)",False,308.333,2.0,173.8,2.2,neutral,0.0,23.0,False
D3TaLES,80OZAE,CC1=CC(=O)c2c(O)ccc(O)c2C1=O,2.43,-0.3011,0.3754,6.778,1.535,CC1=CC(=O)c2c(O)ccc(O)c2C1=O,p-quinone,False,ok,CC1=CC(=O)c2c(O)ccc(OCc3ccc(C)cc3)c2C1=O,"O-benzyl ether (phenol/enol, Williamson)",p-quinone,True,"two reversible waves in MeCN, spacing 0.79-0.94 V (benzoquinones, tier A)",False,308.333,2.0,173.8,2.2,neutral,0.0,23.0,False
D3TaLES,80ZHAG,CC12CCC3C4Cc5cccnc5C=C4C=CC3C1CCC2O,4.54,2.566,0.4736,7.022,1.223,CC12CCC3C4Cc5cccnc5C=C4C=CC3C1CCC2O,,False,unassigned stereo,Cc1ccc(C[n+]2cccc3c2C=C2C=CC4C(CCC5(C)C(O)CCC45)C2C3)cc1,N-benzyl pyridinium (Menshutkin),pyridinium,False,single reduction; parent reported irreversible,False,412.597,1.0,65.0,4.59,inherently-charged (azinium; no neutral form),1.0,31.0,False
D3TaLES,80SFSV,COC1=CC(=O)c2c(O)cccc2C1=O,2.31,2.05,1.049,8.077,1.927,COC1=CC(=O)c2c(O)cccc2C1=O,p-quinone,False,ok,COC1=CC(=O)c2c(OCc3ccc(C)cc3)cccc2C1=O,"O-benzyl ether (phenol/enol, Williamson)",p-quinone,True,"two reversible waves in MeCN, spacing 0.79-0.94 V (benzoquinones, tier A)",False,308.333,2.0,173.8,2.11,neutral,0.0,23.0,False
D3TaLES,80EJMS,COC1=C(C)C(=O)c2c(O)cccc2C1=O,2.32,2.546,1.042,7.388,1.888,COC1=C(C)C(=O)c2c(O)cccc2C1=O,p-quinone,False,ok,COC1=C(C)C(=O)c2c(OCc3ccc(C)cc3)cccc2C1=O,"O-benzyl ether (phenol/enol, Williamson)",p-quinone,True,"two reversible waves in MeCN, spacing 0.79-0.94 V (benzoquinones, tier A)",False,322.36,2.0,166.3,2.15,neutral,0.0,24.0,False
D3TaLES,80YIUC,COC1=C(C)C(=O)c2cc(OC)c3c(c2C1=O)C=CC(C)(C)O3,3.0,1.831,0.5132,7.826,1.3,COC1=C(C)C(=O)c2cc(OC)c3c(c2C1=O)C=CC(C)(C)O3,p-quinone,False,no graft handle,,,p-quinone,True,,,,,,,,,,False
D3TaLES,80GXZH,COC1=C(F)C(=O)c2c(F)c(F)c(F)c(F)c2C1(O)C1=[N+]([O-])C(C)(C)C(C)(C)N1[O],4.48,1.509,0.9123,7.603,1.216,COC1=C(F)C(=O)c2c(F)c(F)c(F)c(F)c2C1(O)C1=[N+]([O-])C(C)(C)C(C)(C)N1[O],nitroxide,False,unassigned stereo,COC1=C(F)C(=O)c2c(F)c(F)c(F)c(F)c2C1(OCc1ccc(C)cc1)C1=[N+]([O-])C(C)(C)C(C)(C)N1[O],"O-benzyl ether (phenol/enol, Williamson)",nitroxide,False,1e- oxidation (catholyte),False,539.477,1.0,49.7,4.29,neutral,0.0,38.0,False
D3TaLES,80GCBL,CC(=O)Nc1cccc2c1C(=O)C(C)=C(C)C2=O,2.19,1.461,0.4332,8.044,1.868,CC(=O)Nc1cccc2c1C(=O)C(C)=C(C)C2=O,p-quinone,False,no graft handle,,,p-quinone,True,,,,,,,,,,True
D3TaLES,80JLQP,O=C1C(Br)=CC(=O)c2c(O)cccc21,2.37,1.716,0.5373,8.462,2.193,O=C1C(Br)=CC(=O)c2c(O)cccc21,p-quinone,False,ok,Cc1ccc(COc2cccc3c2C(=O)C=C(Br)C3=O)cc1,"O-benzyl ether (phenol/enol, Williamson)",p-quinone,True,"two reversible waves in MeCN, spacing 0.79-0.94 V (benzoquinones, tier A)",False,357.203,2.0,150.1,2.12,neutral,0.0,22.0,False
D3TaLES,80KCIY,COC1=CC(=O)c2c(O)ccc(O)c2C1=O,2.46,2.938,0.5602,7.481,1.57,COC1=CC(=O)c2c(O)ccc(O)c2C1=O,p-quinone,False,ok,COC1=CC(=O)c2c(OCc3ccc(C)cc3)ccc(O)c2C1=O,"O-benzyl ether (phenol/enol, Williamson)",p-quinone,True,"two reversible waves in MeCN, spacing 0.79-0.94 V (benzoquinones, tier A)",False,324.332,2.0,165.3,2.26,neutral,0.0,24.0,False
D3TaLES,80KCIY,COC1=CC(=O)c2c(O)ccc(O)c2C1=O,2.46,2.938,0.5602,7.481,1.57,COC1=CC(=O)c2c(O)ccc(O)c2C1=O,p-quinone,False,ok,COC1=CC(=O)c2c(O)ccc(OCc3ccc(C)cc3)c2C1=O,"O-benzyl ether (phenol/enol, Williamson)",p-quinone,True,"two reversible waves in MeCN, spacing 0.79-0.94 V (benzoquinones, tier A)",False,324.332,2.0,165.3,2.26,neutral,0.0,24.0,False
D3TaLES,80WXUS,COC1=C(Cl)C(=O)c2c(O)cccc2C1=O,2.47,2.476,0.9885,7.608,2.082,COC1=C(Cl)C(=O)c2c(O)cccc2C1=O,p-quinone,False,ok,COC1=C(Cl)C(=O)c2c(OCc3ccc(C)cc3)cccc2C1=O,"O-benzyl ether (phenol/enol, Williamson)",p-quinone,True,"two reversible waves in MeCN, spacing 0.79-0.94 V (benzoquinones, tier A)",False,342.778,2.0,156.4,2.24,neutral,0.0,24.0,False
D3TaLES,80QXKN,COC1=CC(=O)C(c2cc(OC)c(OC)cc2OC(C)=O)=CC1=O,2.55,2.269,0.8177,8.089,1.299,COC1=CC(=O)C(c2cc(OC)c(OC)cc2OC(C)=O)=CC1=O,p-quinone,False,no graft handle,,,p-quinone,True,,,,,,,,,,False
D3TaLES,80MCSM,COc1cc2c(OC)c(c1)CCCC1=CC(=O)C=C(CCC2)C1=O,4.22,4.137,1.05,7.864,1.253,COc1cc2c(OC)c(c1)CCCC1=CC(=O)C=C(CCC2)C1=O,p-quinone,False,no graft handle,,,p-quinone,True,,,,,,,,,,False
D3TaLES,80DHDO,O=C1C=CC(=O)C(c2cc(Cl)cc(Cl)c2)=C1,2.43,1.006,0.6324,8.414,2.636,O=C1C=CC(=O)C(c2cc(Cl)cc(Cl)c2)=C1,p-quinone,False,no graft handle,,,p-quinone,True,,,,,,,,,,True
D3TaLES,80KYOJ,[O]N1N=C(C2CC2)N([O])c2ccccc21,3.36,1.107,0.2944,7.455,1.32,[O]N1N=C(C2CC2)N([O])c2ccccc21,nitroxide,False,no graft handle,,,nitroxide,False,,,,,,,,,,True
D3TaLES,80LTXW,O=C(O)CC(=O)OCCC=CC1=C(O)C(=O)c2cccc(O)c2C1=O,2.91,8.553,0.9489,8.813,1.562,O=C(O)CC(=O)OCCC=CC1=C(O)C(=O)c2cccc(O)c2C1=O,p-quinone,False,unassigned stereo,Cc1ccc(COC2=C(C=CCCOC(=O)CC(=O)O)C(=O)c3c(O)cccc3C2=O)cc1,"O-benzyl ether (phenol/enol, Williamson)",p-quinone,True,"two reversible waves in MeCN, spacing 0.79-0.94 V (benzoquinones, tier A)",False,450.443,2.0,119.0,2.88,neutral,0.0,33.0,False
D3TaLES,80LTXW,O=C(O)CC(=O)OCCC=CC1=C(O)C(=O)c2cccc(O)c2C1=O,2.91,8.553,0.9489,8.813,1.562,O=C(O)CC(=O)OCCC=CC1=C(O)C(=O)c2cccc(O)c2C1=O,p-quinone,False,unassigned stereo,Cc1ccc(COc2cccc3c2C(=O)C(C=CCCOC(=O)CC(=O)O)=C(O)C3=O)cc1,"O-benzyl ether (phenol/enol, Williamson)",p-quinone,True,"two reversible waves in MeCN, spacing 0.79-0.94 V (benzoquinones, tier A)",False,450.443,2.0,119.0,2.78,neutral,0.0,33.0,False
D3TaLES,80LTXW,O=C(O)CC(=O)OCCC=CC1=C(O)C(=O)c2cccc(O)c2C1=O,2.91,8.553,0.9489,8.813,1.562,O=C(O)CC(=O)OCCC=CC1=C(O)C(=O)c2cccc(O)c2C1=O,p-quinone,False,unassigned stereo,Cc1ccc(COC(=O)CC(=O)OCCC=CC2=C(O)C(=O)c3cccc(O)c3C2=O)cc1,benzyl ester (carboxylate),p-quinone,True,"two reversible waves in MeCN, spacing 0.79-0.94 V (benzoquinones, tier A)",False,450.443,2.0,119.0,2.82,neutral,0.0,33.0,False
D3TaLES,80JNKV,O=C1C=CC(=O)c2ccccc21,1.93,0.5825,0.1678,8.097,3.501,O=C1C=CC(=O)c2ccccc21,p-quinone,True,no graft handle,,,p-quinone,True,,,,,,,,,,True
D3TaLES,80DHHR,CC(=O)Oc1ccc(OC(C)=O)c2c1C(=O)C=CC2=O,2.48,1.89,1.097,8.205,2.206,CC(=O)Oc1ccc(OC(C)=O)c2c1C(=O)C=CC2=O,p-quinone,False,no graft handle,,,p-quinone,True,,,,,,,,,,False
D3TaLES,80WOLX,CC(=O)Oc1c(C)c(C)c(OC(C)=O)c2c1C(=O)C(C)=C(C)C2=O,2.74,0.5154,1.037,7.934,1.976,CC(=O)Oc1c(C)c(C)c(OC(C)=O)c2c1C(=O)C(C)=C(C)C2=O,p-quinone,False,no graft handle,,,p-quinone,True,,,,,,,,,,True
D3TaLES,80NVSQ,COC1(OC)c2nc(C)ccc2C(Br)=CC1Br,3.95,3.952,0.4194,8.279,1.593,COC1(OC)c2nc(C)ccc2C(Br)=CC1Br,,False,unassigned stereo,COC1(OC)c2c(ccc(C)[n+]2Cc2ccc(C)cc2)C(Br)=CC1Br,N-benzyl pyridinium (Menshutkin),pyridinium,False,single reduction; parent reported irreversible,False,468.209,1.0,57.2,3.85,inherently-charged (azinium; no neutral form),1.0,25.0,False
D3TaLES,80UXKK,CCCCCCCCCCOC(=O)C1=C(C)NC(C)=C(C(=O)OCCCCCCCC)C1c1cccnc1,3.0,4.406,0.411,6.502,1.077,CCCCCCCCCCOC(=O)C1=C(C)NC(C)=C(C(=O)OCCCCCCCC)C1c1cccnc1,,False,unassigned stereo,CCCCCCCCCCOC(=O)C1=C(C)NC(C)=C(C(=O)OCCCCCCCC)C1c1ccc[n+](Cc2ccc(C)cc2)c1,N-benzyl pyridinium (Menshutkin),pyridinium,False,single reduction; parent reported irreversible,False,631.922,1.0,42.4,3.38,inherently-charged (azinium; no neutral form),1.0,46.0,False
D3TaLES,80UUQZ,O=C1C2=C(C(=O)c3ccccc31)C1C(=CC2)CCCC1NC(=O)C(Cl)(Cl)Cl,3.87,0.6086,0.9104,8.198,1.81,O=C1C2=C(C(=O)c3ccccc31)C1C(=CC2)CCCC1NC(=O)C(Cl)(Cl)Cl,p-quinone,False,no graft handle,,,p-quinone,True,,,,,,,,,,True
D3TaLES,80GYPG,O=C1C2=C(OC(CI)C2)C(=O)c2ccccc21,3.26,1.504,0.4977,8.016,3.248,O=C1C2=C(OC(CI)C2)C(=O)c2ccccc21,p-quinone,False,no graft handle,,,p-quinone,True,,,,,,,,,,False
D3TaLES,80FCXE,CSC1(SC)SC2=C(S1)C(=O)c1ccccc1C2=O,3.44,2.095,0.4279,8.294,1.653,CSC1(SC)SC2=C(S1)C(=O)c1ccccc1C2=O,p-quinone,False,no graft handle,,,p-quinone,True,,,,,,,,,,False
D3TaLES,80FLWX,COC1=C(O)C(=O)c2c(OC)c(C)cc(O)c2C1=O,2.77,2.455,0.5681,7.243,1.357,COC1=C(O)C(=O)c2c(OC)c(C)cc(O)c2C1=O,p-quinone,False,ok,COC1=C(OCc2ccc(C)cc2)C(=O)c2c(OC)c(C)cc(O)c2C1=O,"O-benzyl ether (phenol/enol, Williamson)",p-quinone,True,"two reversible waves in MeCN, spacing 0.79-0.94 V (benzoquinones, tier A)",False,368.385,2.0,145.5,2.56,neutral,0.0,27.0,False
D3TaLES,80FLWX,COC1=C(O)C(=O)c2c(OC)c(C)cc(O)c2C1=O,2.77,2.455,0.5681,7.243,1.357,COC1=C(O)C(=O)c2c(OC)c(C)cc(O)c2C1=O,p-quinone,False,ok,COC1=C(O)C(=O)c2c(OC)c(C)cc(OCc3ccc(C)cc3)c2C1=O,"O-benzyl ether (phenol/enol, Williamson)",p-quinone,True,"two reversible waves in MeCN, spacing 0.79-0.94 V (benzoquinones, tier A)",False,368.385,2.0,145.5,2.55,neutral,0.0,27.0,False
D3TaLES,80NPLQ,CCOC(=O)C(C1=C(O)C(=O)c2ccccc2C1=O)C(F)(C(=O)NC1CCCCC1)C(=O)OCC,3.67,4.94,1.188,8.07,2.862,CCOC(=O)C(C1=C(O)C(=O)c2ccccc2C1=O)C(F)(C(=O)NC1CCCCC1)C(=O)OCC,p-quinone,False,unassigned stereo,CCOC(=O)C(C1=C(OCc2ccc(C)cc2)C(=O)c2ccccc2C1=O)C(F)(C(=O)NC1CCCCC1)C(=O)OCC,"O-benzyl ether (phenol/enol, Williamson)",p-quinone,True,"two reversible waves in MeCN, spacing 0.79-0.94 V (benzoquinones, tier A)",False,593.648,2.0,90.3,3.76,neutral,0.0,43.0,False
D3TaLES,80MYPM,CC1(C)C2CCC(CNC3=C(Br)C(=O)c4ccccc4C3=O)C1C2,4.33,2.349,0.3267,7.934,1.448,CC1(C)C2CCC(CNC3=C(Br)C(=O)c4ccccc4C3=O)C1C2,p-quinone,False,unassigned stereo,Cc1ccc(CN(CC2CCC3CC2C3(C)C)C2=C(Br)C(=O)c3ccccc3C2=O)cc1,N-benzyl (amine N-H),p-quinone,True,"two reversible waves in MeCN, spacing 0.79-0.94 V (benzoquinones, tier A)",False,492.457,2.0,108.8,4.34,neutral,0.0,32.0,False
D3TaLES,80BGCW,Cc1cc(O)c2c(c1Cl)C(=O)C=CC2=O,2.66,2.148,0.04213,7.477,2.458,Cc1cc(O)c2c(c1Cl)C(=O)C=CC2=O,p-quinone,False,ok,Cc1ccc(COc2cc(C)c(Cl)c3c2C(=O)C=CC3=O)cc1,"O-benzyl ether (phenol/enol, Williamson)",p-quinone,True,"two reversible waves in MeCN, spacing 0.79-0.94 V (benzoquinones, tier A)",False,326.779,2.0,164.0,2.36,neutral,0.0,23.0,False
D3TaLES,80LXEH,O=C1C=CC(=O)C2=C1OCCOCCOc1cccc(O)c1OCCOCCO2,3.47,4.272,1.349,8.393,0.825,O=C1C=CC(=O)C2=C1OCCOCCOc1cccc(O)c1OCCOCCO2,p-quinone,False,ok,Cc1ccc(COc2cccc3c2OCCOCCOC2=C(OCCOCCO3)C(=O)C=CC2=O)cc1,"O-benzyl ether (phenol/enol, Williamson)",p-quinone,True,"two reversible waves in MeCN, spacing 0.79-0.94 V (benzoquinones, tier A)",False,510.539,2.0,105.0,3.36,neutral,0.0,37.0,False
D3TaLES,80VRSP,O=C1C2=C(SCCCS2)C(=O)c2ccccc21,2.68,1.362,0.3564,8.026,1.306,O=C1C2=C(SCCCS2)C(=O)c2ccccc21,p-quinone,False,no graft handle,,,p-quinone,True,,,,,,,,,,True
D3TaLES,80PHYZ,CC(C)(C)CC1=C(O)C(=O)c2ccccc2C1=O,2.47,2.022,0.506,7.997,2.033,CC(C)(C)CC1=C(O)C(=O)c2ccccc2C1=O,p-quinone,False,ok,Cc1ccc(COC2=C(CC(C)(C)C)C(=O)c3ccccc3C2=O)cc1,"O-benzyl ether (phenol/enol, Williamson)",p-quinone,True,"two reversible waves in MeCN, spacing 0.79-0.94 V (benzoquinones, tier A)",False,348.442,2.0,153.8,2.38,neutral,0.0,26.0,False
D3TaLES,80TSXF,CCCCCCC1=C(Br)C(=O)c2ccccc2C1=O,2.28,1.613,0.4405,8.15,2.545,CCCCCCC1=C(Br)C(=O)c2ccccc2C1=O,p-quinone,False,no graft handle,,,p-quinone,True,,,,,,,,,,False
D3TaLES,80PZEU,CCC1=C(Br)C(=O)c2ccccc2C1=O,2.33,1.136,0.5417,8.183,2.772,CCC1=C(Br)C(=O)c2ccccc2C1=O,p-quinone,False,no graft handle,,,p-quinone,True,,,,,,,,,,True
D3TaLES,80OXJL,CCCCCCCCCCCCCCC1=C(Br)C(=O)c2ccccc2C1=O,2.34,2.297,,8.294,2.873,CCCCCCCCCCCCCCC1=C(Br)C(=O)c2ccccc2C1=O,p-quinone,False,no graft handle,,,p-quinone,True,,,,,,,,,,False
D3TaLES,80YCIO,CCCCCCCCCCC1=C(Br)C(=O)c2ccccc2C1=O,2.29,0.5168,0.5504,8.245,2.964,CCCCCCCCCCC1=C(Br)C(=O)c2ccccc2C1=O,p-quinone,False,no graft handle,,,p-quinone,True,,,,,,,,,,True
D3TaLES,80JSAO,CC1=C(C)C(=O)c2c(C)cccc2C1=O,2.19,1.101,0.6475,7.85,2.302,CC1=C(C)C(=O)c2c(C)cccc2C1=O,p-quinone,False,no graft handle,,,p-quinone,True,,,,,,,,,,True
D3TaLES,80FLIV,CC1=Cc2ccccc2C(C)(C2=CC(=O)C=CC2=O)C1=O,3.42,2.084,0.5723,8.069,1.942,CC1=Cc2ccccc2C(C)(C2=CC(=O)C=CC2=O)C1=O,p-quinone,False,no graft handle,,,p-quinone,True,,,,,,,,,,False
D3TaLES,80BZSB,O=C1C(O)=C(CCCC2CCCCC2)C(=O)c2ccccc21,2.35,1.843,0.4483,7.863,2.16,O=C1C(O)=C(CCCC2CCCCC2)C(=O)c2ccccc21,p-quinone,False,ok,Cc1ccc(COC2=C(CCCC3CCCCC3)C(=O)c3ccccc3C2=O)cc1,"O-benzyl ether (phenol/enol, Williamson)",p-quinone,True,"two reversible waves in MeCN, spacing 0.79-0.94 V (benzoquinones, tier A)",False,402.534,2.0,133.2,2.37,neutral,0.0,30.0,False
D3TaLES,80CVPV,CC1=C2CCC(=O)CCC2C2=C(C1)C(=O)c1ccccc1C2=O,3.32,2.469,0.5827,7.571,1.66,CC1=C2CCC(=O)CCC2C2=C(C1)C(=O)c1ccccc1C2=O,p-quinone,False,no graft handle,,,p-quinone,True,,,,,,,,,,False
D3TaLES,80EBSH,COc1cc(C)c(C(=O)C(Cl)Cl)c2c1C(=O)C=C(C)C2=O,2.89,1.606,0.6907,8.158,2.204,COc1cc(C)c(C(=O)C(Cl)Cl)c2c1C(=O)C=C(C)C2=O,p-quinone,False,no graft handle,,,p-quinone,True,,,,,,,,,,False
D3TaLES,80DJDE,[N-]=[N+]=NCC1CC2=C(O1)C(=O)c1ccccc1C2=O,3.45,2.522,0.4338,7.977,2.398,[N-]=[N+]=NCC1CC2=C(O1)C(=O)c1ccccc1C2=O,p-quinone,False,no graft handle,,,p-quinone,True,,,,,,,,,,False
D3TaLES,80AGFM,C#CCNC1=C(Br)C(=O)c2ccccc2C1=O,2.73,1.638,0.3731,7.952,1.642,C#CCNC1=C(Br)C(=O)c2ccccc2C1=O,p-quinone,False,ok,C#CCN(Cc1ccc(C)cc1)C1=C(Br)C(=O)c2ccccc2C1=O,N-benzyl (amine N-H),p-quinone,True,"two reversible waves in MeCN, spacing 0.79-0.94 V (benzoquinones, tier A)",False,394.268,2.0,136.0,2.6,neutral,0.0,25.0,False
D3TaLES,80PQIL,CC1=C(SCC(=O)O)C(=O)c2ccccc2C1=O,2.36,1.88,0.541,8.213,1.981,CC1=C(SCC(=O)O)C(=O)c2ccccc2C1=O,p-quinone,False,ok,CC1=C(SCC(=O)OCc2ccc(C)cc2)C(=O)c2ccccc2C1=O,benzyl ester (carboxylate),p-quinone,True,"two reversible waves in MeCN, spacing 0.79-0.94 V (benzoquinones, tier A)",False,366.438,2.0,146.3,2.28,neutral,0.0,26.0,False
D3TaLES,80EFJY,COc1cc2c(c(OC)c1O)C1=C(CC2)C(=O)C=CC1=O,2.84,3.651,0.5739,8.15,1.044,COc1cc2c(c(OC)c1O)C1=C(CC2)C(=O)C=CC1=O,p-quinone,False,ok,COc1cc2c(c(OC)c1OCc1ccc(C)cc1)C1=C(CC2)C(=O)C=CC1=O,"O-benzyl ether (phenol/enol, Williamson)",p-quinone,True,"two reversible waves in MeCN, spacing 0.79-0.94 V (benzoquinones, tier A)",False,390.435,2.0,137.3,2.63,neutral,0.0,29.0,False
D3TaLES,80HGWH,COC1=CC(=O)c2c(O)c3c(c(O)c2C1=O)CC(C)(O)CC3OC1CC(Cl)C(OC(C)=O)C(C)O1,4.76,4.619,0.8536,7.189,1.819,COC1=CC(=O)c2c(O)c3c(c(O)c2C1=O)CC(C)(O)CC3OC1CC(Cl)C(OC(C)=O)C(C)O1,p-quinone,False,unassigned stereo,COC1=CC(=O)c2c(OCc3ccc(C)cc3)c3c(c(O)c2C1=O)CC(C)(O)CC3OC1CC(Cl)C(OC(C)=O)C(C)O1,"O-benzyl ether (phenol/enol, Williamson)",p-quinone,True,"two reversible waves in MeCN, spacing 0.79-0.94 V (benzoquinones, tier A)",False,615.075,2.0,87.1,4.75,neutral,0.0,43.0,False
D3TaLES,80HGWH,COC1=CC(=O)c2c(O)c3c(c(O)c2C1=O)CC(C)(O)CC3OC1CC(Cl)C(OC(C)=O)C(C)O1,4.76,4.619,0.8536,7.189,1.819,COC1=CC(=O)c2c(O)c3c(c(O)c2C1=O)CC(C)(O)CC3OC1CC(Cl)C(OC(C)=O)C(C)O1,p-quinone,False,unassigned stereo,COC1=CC(=O)c2c(O)c3c(c(OCc4ccc(C)cc4)c2C1=O)CC(C)(O)CC3OC1CC(Cl)C(OC(C)=O)C(C)O1,"O-benzyl ether (phenol/enol, Williamson)",p-quinone,True,"two reversible waves in MeCN, spacing 0.79-0.94 V (benzoquinones, tier A)",False,615.075,2.0,87.1,4.74,neutral,0.0,43.0,False
D3TaLES,80HGWH,COC1=CC(=O)c2c(O)c3c(c(O)c2C1=O)CC(C)(O)CC3OC1CC(Cl)C(OC(C)=O)C(C)O1,4.76,4.619,0.8536,7.189,1.819,COC1=CC(=O)c2c(O)c3c(c(O)c2C1=O)CC(C)(O)CC3OC1CC(Cl)C(OC(C)=O)C(C)O1,p-quinone,False,unassigned stereo,COC1=CC(=O)c2c(O)c3c(c(O)c2C1=O)CC(C)(OCc1ccc(C)cc1)CC3OC1CC(Cl)C(OC(C)=O)C(C)O1,"O-benzyl ether (phenol/enol, Williamson)",p-quinone,True,"two reversible waves in MeCN, spacing 0.79-0.94 V (benzoquinones, tier A)",False,615.075,2.0,87.1,4.8,neutral,0.0,43.0,False
D3TaLES,80VQLL,CCOC(=O)c1c2cccccc-2nc1N1C(=O)C(=CC(=O)OC)Nc2ccccc21,2.73,2.789,0.4309,8.088,1.279,CCOC(=O)c1c2cccccc-2nc1N1C(=O)C(=CC(=O)OC)Nc2ccccc21,,False,unassigned stereo,CCOC(=O)c1c2cccccc-2[n+](Cc2ccc(C)cc2)c1N1C(=O)C(=CC(=O)OC)Nc2ccccc21,N-benzyl pyridinium (Menshutkin),pyridinium,False,single reduction; parent reported irreversible,False,522.581,1.0,51.3,3.09,inherently-charged (azinium; no neutral form),1.0,39.0,False
D3TaLES,80XRTE,CCC(=O)C1=C(C)C(=O)c2cc(C)ccc2C1=O,2.4,2.471,0.5642,8.04,2.759,CCC(=O)C1=C(C)C(=O)c2cc(C)ccc2C1=O,p-quinone,False,no graft handle,,,p-quinone,True,,,,,,,,,,False
D3TaLES,80LERT,COc1ccc(C2=CC(=O)C=CC2=O)cc1,2.07,0.8716,0.4555,8.27,1.723,COc1ccc(C2=CC(=O)C=CC2=O)cc1,p-quinone,True,no graft handle,,,p-quinone,True,,,,,,,,,,True
D3TaLES,80AJLW,O=C1C=CC(=O)c2ccc(=O)ccc21,2.35,1.055,0.3617,8.603,2.583,O=C1C=CC(=O)c2ccc(=O)ccc21,p-quinone,False,no graft handle,,,p-quinone,True,,,,,,,,,,True
D3TaLES,80YGKG,CC(C)C1=Cc2ccc3c(c2C(=O)C1=O)CCCC3(C)C,2.92,1.366,0.5973,8.13,1.75,CC(C)C1=Cc2ccc3c(c2C(=O)C1=O)CCCC3(C)C,o-quinone,False,no graft handle,,,o-quinone,True,,,,,,,,,,True
D3TaLES,80PSIE,CC(=O)OC1CC2=C(C(=O)c3c(C)nc(N)nc32)C(C)(C)C1,3.71,3.078,0.4093,7.4,1.842,CC(=O)OC1CC2=C(C(=O)c3c(C)nc(N)nc32)C(C)(C)C1,,False,unassigned stereo,CC(=O)OC1CC2=C(C(=O)c3c2nc(N)[n+](Cc2ccc(C)cc2)c3C)C(C)(C)C1,N-benzyl pyridinium (Menshutkin),pyridinium,False,single reduction; parent reported irreversible,False,406.506,1.0,65.9,3.89,inherently-charged (azinium; no neutral form),1.0,30.0,False
D3TaLES,80PSIE,CC(=O)OC1CC2=C(C(=O)c3c(C)nc(N)nc32)C(C)(C)C1,3.71,3.078,0.4093,7.4,1.842,CC(=O)OC1CC2=C(C(=O)c3c(C)nc(N)nc32)C(C)(C)C1,,False,unassigned stereo,CC(=O)OC1CC2=C(C(=O)c3c(C)nc(N)[n+](Cc4ccc(C)cc4)c32)C(C)(C)C1,N-benzyl pyridinium (Menshutkin),pyridinium,False,single reduction; parent reported irreversible,False,406.506,1.0,65.9,3.84,inherently-charged (azinium; no neutral form),1.0,30.0,False
D3TaLES,80BNPT,CC(C)(C)CC(C)(C)NC1=C(C(=O)OC(C)(C)C)C(C(=O)OC(C)(C)C)c2c(nc3n(c2=O)CCS3)O1,4.08,5.497,0.8725,6.541,1.07,CC(C)(C)CC(C)(C)NC1=C(C(=O)OC(C)(C)C)C(C(=O)OC(C)(C)C)c2c(nc3n(c2=O)CCS3)O1,,False,unassigned stereo,Cc1ccc(C[n+]2c3c(c(=O)n4c2SCC4)C(C(=O)OC(C)(C)C)C(C(=O)OC(C)(C)C)=C(NC(C)(C)CC(C)(C)C)O3)cc1,N-benzyl pyridinium (Menshutkin),pyridinium,False,single reduction; parent reported irreversible,False,640.867,1.0,41.8,4.27,inherently-charged (azinium; no neutral form),1.0,45.0,False
D3TaLES,80JFXD,CC1=CC(=O)c2c(O)cccc2C1=O,2.27,1.813,0.7174,7.451,1.972,CC1=CC(=O)c2c(O)cccc2C1=O,p-quinone,False,ok,CC1=CC(=O)c2c(OCc3ccc(C)cc3)cccc2C1=O,"O-benzyl ether (phenol/enol, Williamson)",p-quinone,True,"two reversible waves in MeCN, spacing 0.79-0.94 V (benzoquinones, tier A)",False,292.334,2.0,183.4,2.06,neutral,0.0,22.0,False
D3TaLES,80PCOU,CC12CC3=C(C(=O)c4ccccc4C3=O)C(CO1)O2,4.44,1.1,0.6117,8.089,2.674,CC12CC3=C(C(=O)c4ccccc4C3=O)C(CO1)O2,p-quinone,False,no graft handle,,,p-quinone,True,,,,,,,,,,True
D3TaLES,80QVDF,CC(C)COC1C2=C(OC1(C)C)c1ccccc1C(=O)C2=O,3.34,2.813,0.8148,7.882,2.01,CC(C)COC1C2=C(OC1(C)C)c1ccccc1C(=O)C2=O,o-quinone,False,no graft handle,,,o-quinone,True,,,,,,,,,,False
D3TaLES,80XIQF,O=C1C=C(Br)C(=O)c2c(O)cccc21,2.38,1.671,0.3661,8.421,2.157,O=C1C=C(Br)C(=O)c2c(O)cccc21,p-quinone,False,ok,Cc1ccc(COc2cccc3c2C(=O)C(Br)=CC3=O)cc1,"O-benzyl ether (phenol/enol, Williamson)",p-quinone,True,"two reversible waves in MeCN, spacing 0.79-0.94 V (benzoquinones, tier A)",False,357.203,2.0,150.1,2.12,neutral,0.0,22.0,False
D3TaLES,80MHLR,O=C1C2=C(SCC(CO)O2)C(=O)c2ccccc21,3.28,1.138,0.5828,7.955,1.6,O=C1C2=C(SCC(CO)O2)C(=O)c2ccccc21,p-quinone,False,unassigned stereo,Cc1ccc(COCC2CSC3=C(O2)C(=O)c2ccccc2C3=O)cc1,"O-benzyl ether (phenol/enol, Williamson)",p-quinone,True,"two reversible waves in MeCN, spacing 0.79-0.94 V (benzoquinones, tier A)",False,366.438,2.0,146.3,3.05,neutral,0.0,26.0,True
D3TaLES,80EJCD,O=C1C=CC2(C=C1)CCNC1=C2C(=O)c2cc[nH]c2C1=O,4.14,0.5353,0.4268,7.65,1.403,O=C1C=CC2(C=C1)CCNC1=C2C(=O)c2cc[nH]c2C1=O,p-quinone,False,ok,Cc1ccc(CN2CCC3(C=CC(=O)C=C3)C3=C2C(=O)c2[nH]ccc2C3=O)cc1,N-benzyl (amine N-H),p-quinone,True,"two reversible waves in MeCN, spacing 0.79-0.94 V (benzoquinones, tier A)",False,384.435,2.0,139.4,3.74,neutral,0.0,29.0,True
D3TaLES,80ZGXH,COC1C2=C(OC1(C)C)c1ccccc1C(=O)C2=O,3.25,,,,,COC1C2=C(OC1(C)C)c1ccccc1C(=O)C2=O,o-quinone,False,no graft handle,,,o-quinone,True,,,,,,,,,,False
D3TaLES,80XPRM,COc1cc(O)c2c(c1)C(=O)C1=C(C2=O)C(OC)OC(C)=C1,3.54,1.986,0.6837,8.601,1.511,COc1cc(O)c2c(c1)C(=O)C1=C(C2=O)C(OC)OC(C)=C1,p-quinone,False,unassigned stereo,COc1cc(OCc2ccc(C)cc2)c2c(c1)C(=O)C1=C(C2=O)C(OC)OC(C)=C1,"O-benzyl ether (phenol/enol, Williamson)",p-quinone,True,"two reversible waves in MeCN, spacing 0.79-0.94 V (benzoquinones, tier A)",False,406.434,2.0,131.9,3.29,neutral,0.0,30.0,False
D3TaLES,80DUBA,O=C1C=CC(=O)c2c(O)c(I)cc(I)c21,3.05,1.227,,8.963,2.42,O=C1C=CC(=O)c2c(O)c(I)cc(I)c21,p-quinone,False,element not allowed: I,Cc1ccc(COc2c(I)cc(I)c3c2C(=O)C=CC3=O)cc1,"O-benzyl ether (phenol/enol, Williamson)",p-quinone,True,"two reversible waves in MeCN, spacing 0.79-0.94 V (benzoquinones, tier A)",False,530.099,2.0,101.1,2.64,neutral,0.0,23.0,True
D3TaLES,80OVWI,O=C1C=CC(=O)c2c1ccc(I)c2O,2.73,1.146,0.3101,8.823,2.119,O=C1C=CC(=O)c2c1ccc(I)c2O,p-quinone,False,element not allowed: I,Cc1ccc(COc2c(I)ccc3c2C(=O)C=CC3=O)cc1,"O-benzyl ether (phenol/enol, Williamson)",p-quinone,True,"two reversible waves in MeCN, spacing 0.79-0.94 V (benzoquinones, tier A)",False,404.203,2.0,132.6,2.44,neutral,0.0,22.0,True
D3TaLES,80QIFS,CC12CCC(O)CC1=C(O)C(=O)c1cc3c(cc12)C(=O)C1=C(C3=O)S(=O)(=O)CCN1,4.35,3.127,,8.245,2.16,CC12CCC(O)CC1=C(O)C(=O)c1cc3c(cc12)C(=O)C1=C(C3=O)S(=O)(=O)CCN1,p-quinone,False,unassigned stereo,Cc1ccc(COC2CCC3(C)C(=C(O)C(=O)c4cc5c(cc43)C(=O)C3=C(C5=O)S(=O)(=O)CCN3)C2)cc1,"O-benzyl ether (phenol/enol, Williamson)",p-quinone,True,"two reversible waves in MeCN, spacing 0.79-0.94 V (benzoquinones, tier A)",False,533.602,2.0,100.5,4.21,neutral,0.0,38.0,False
D3TaLES,80QIFS,CC12CCC(O)CC1=C(O)C(=O)c1cc3c(cc12)C(=O)C1=C(C3=O)S(=O)(=O)CCN1,4.35,3.127,,8.245,2.16,CC12CCC(O)CC1=C(O)C(=O)c1cc3c(cc12)C(=O)C1=C(C3=O)S(=O)(=O)CCN1,p-quinone,False,unassigned stereo,Cc1ccc(COC2=C3CC(O)CCC3(C)c3cc4c(cc3C2=O)C(=O)C2=C(NCCS2(=O)=O)C4=O)cc1,"O-benzyl ether (phenol/enol, Williamson)",p-quinone,True,"two reversible waves in MeCN, spacing 0.79-0.94 V (benzoquinones, tier A)",False,533.602,2.0,100.5,4.18,neutral,0.0,38.0,False
D3TaLES,80QIFS,CC12CCC(O)CC1=C(O)C(=O)c1cc3c(cc12)C(=O)C1=C(C3=O)S(=O)(=O)CCN1,4.35,3.127,,8.245,2.16,CC12CCC(O)CC1=C(O)C(=O)c1cc3c(cc12)C(=O)C1=C(C3=O)S(=O)(=O)CCN1,p-quinone,False,unassigned stereo,Cc1ccc(CN2CCS(=O)(=O)C3=C2C(=O)c2cc4c(cc2C3=O)C(=O)C(O)=C2CC(O)CCC24C)cc1,N-benzyl (amine N-H),p-quinone,True,"two reversible waves in MeCN, spacing 0.79-0.94 V (benzoquinones, tier A)",False,533.602,2.0,100.5,4.18,neutral,0.0,38.0,False
D3TaLES,80IVEO,CC12CCC(O)CC1=C(O)C(=O)c1cc3c(cc12)C(=O)C1=C(NCCS1(=O)=O)C3=O,4.35,3.453,,8.094,2.164,CC12CCC(O)CC1=C(O)C(=O)c1cc3c(cc12)C(=O)C1=C(NCCS1(=O)=O)C3=O,p-quinone,False,unassigned stereo,Cc1ccc(COC2CCC3(C)C(=C(O)C(=O)c4cc5c(cc43)C(=O)C3=C(NCCS3(=O)=O)C5=O)C2)cc1,"O-benzyl ether (phenol/enol, Williamson)",p-quinone,True,"two reversible waves in MeCN, spacing 0.79-0.94 V (benzoquinones, tier A)",False,533.602,2.0,100.5,4.21,neutral,0.0,38.0,False
D3TaLES,80IVEO,CC12CCC(O)CC1=C(O)C(=O)c1cc3c(cc12)C(=O)C1=C(NCCS1(=O)=O)C3=O,4.35,3.453,,8.094,2.164,CC12CCC(O)CC1=C(O)C(=O)c1cc3c(cc12)C(=O)C1=C(NCCS1(=O)=O)C3=O,p-quinone,False,unassigned stereo,Cc1ccc(COC2=C3CC(O)CCC3(C)c3cc4c(cc3C2=O)C(=O)C2=C(C4=O)S(=O)(=O)CCN2)cc1,"O-benzyl ether (phenol/enol, Williamson)",p-quinone,True,"two reversible waves in MeCN, spacing 0.79-0.94 V (benzoquinones, tier A)",False,533.602,2.0,100.5,4.18,neutral,0.0,38.0,False
D3TaLES,80IVEO,CC12CCC(O)CC1=C(O)C(=O)c1cc3c(cc12)C(=O)C1=C(NCCS1(=O)=O)C3=O,4.35,3.453,,8.094,2.164,CC12CCC(O)CC1=C(O)C(=O)c1cc3c(cc12)C(=O)C1=C(NCCS1(=O)=O)C3=O,p-quinone,False,unassigned stereo,Cc1ccc(CN2CCS(=O)(=O)C3=C2C(=O)c2cc4c(cc2C3=O)C2(C)CCC(O)CC2=C(O)C4=O)cc1,N-benzyl (amine N-H),p-quinone,True,"two reversible waves in MeCN, spacing 0.79-0.94 V (benzoquinones, tier A)",False,533.602,2.0,100.5,4.18,neutral,0.0,38.0,False
D3TaLES,80FXGS,CC1=C(CCC(=O)O)C(=O)c2ccccc2C1=O,2.12,1.851,0.9637,7.93,2.75,CC1=C(CCC(=O)O)C(=O)c2ccccc2C1=O,p-quinone,False,ok,CC1=C(CCC(=O)OCc2ccc(C)cc2)C(=O)c2ccccc2C1=O,benzyl ester (carboxylate),p-quinone,True,"two reversible waves in MeCN, spacing 0.79-0.94 V (benzoquinones, tier A)",False,348.398,2.0,153.9,2.13,neutral,0.0,26.0,False
D3TaLES,80HHKE,CC1=C(CCCC(=O)O)C(=O)c2ccccc2C1=O,2.13,,,,,CC1=C(CCCC(=O)O)C(=O)c2ccccc2C1=O,p-quinone,False,ok,CC1=C(CCCC(=O)OCc2ccc(C)cc2)C(=O)c2ccccc2C1=O,benzyl ester (carboxylate),p-quinone,True,"two reversible waves in MeCN, spacing 0.79-0.94 V (benzoquinones, tier A)",False,362.425,2.0,147.9,2.16,neutral,0.0,27.0,False
D3TaLES,80QXWC,CCCCCCCCCCC1=C(O)C(=O)c2ccccc2C1=O,2.25,2.75,0.4902,8.094,2.083,CCCCCCCCCCC1=C(O)C(=O)c2ccccc2C1=O,p-quinone,False,ok,CCCCCCCCCCC1=C(OCc2ccc(C)cc2)C(=O)c2ccccc2C1=O,"O-benzyl ether (phenol/enol, Williamson)",p-quinone,True,"two reversible waves in MeCN, spacing 0.79-0.94 V (benzoquinones, tier A)",False,418.577,2.0,128.1,2.31,neutral,0.0,31.0,False
D3TaLES,80VBAM,CCCCCCCCCCC1=C(C)C(=O)c2ccccc2C1=O,2.12,1.477,0.703,7.948,2.758,CCCCCCCCCCC1=C(C)C(=O)c2ccccc2C1=O,p-quinone,False,no graft handle,,,p-quinone,True,,,,,,,,,,True
D3TaLES,80ASTC,CCCCCCCCCOC1=CC(=O)c2ccccc2C1=O,2.13,1.517,0.4525,7.906,2.345,CCCCCCCCCOC1=CC(=O)c2ccccc2C1=O,p-quinone,False,no graft handle,,,p-quinone,True,,,,,,,,,,False
D3TaLES,80BIVL,CCCCCCCCCOC1=CC(=O)C(=O)c2ccccc21,2.18,1.626,1.103,7.752,1.975,CCCCCCCCCOC1=CC(=O)C(=O)c2ccccc21,o-quinone,False,no graft handle,,,o-quinone,True,,,,,,,,,,False
D3TaLES,80YTNP,CCCCCCCCCCCCNC1=CC(=O)c2ccccc2C1=O,2.21,0.6869,0.2662,7.636,1.457,CCCCCCCCCCCCNC1=CC(=O)c2ccccc2C1=O,p-quinone,False,ok,CCCCCCCCCCCCN(Cc1ccc(C)cc1)C1=CC(=O)c2ccccc2C1=O,N-benzyl (amine N-H),p-quinone,True,"two reversible waves in MeCN, spacing 0.79-0.94 V (benzoquinones, tier A)",False,445.647,2.0,120.3,2.44,neutral,0.0,33.0,True
D3TaLES,80WOLO,CC1OC(C)C(O)C2=C1C(=O)c1c(O)cc(O)cc1C2=O,3.99,2.356,0.6343,8.472,1.985,CC1OC(C)C(O)C2=C1C(=O)c1c(O)cc(O)cc1C2=O,p-quinone,False,unassigned stereo,Cc1ccc(COC2C3=C(C(=O)c4c(O)cc(O)cc4C3=O)C(C)OC2C)cc1,"O-benzyl ether (phenol/enol, Williamson)",p-quinone,True,"two reversible waves in MeCN, spacing 0.79-0.94 V (benzoquinones, tier A)",False,394.423,2.0,135.9,3.77,neutral,0.0,29.0,False
D3TaLES,80WOLO,CC1OC(C)C(O)C2=C1C(=O)c1c(O)cc(O)cc1C2=O,3.99,2.356,0.6343,8.472,1.985,CC1OC(C)C(O)C2=C1C(=O)c1c(O)cc(O)cc1C2=O,p-quinone,False,unassigned stereo,Cc1ccc(COc2cc(O)cc3c2C(=O)C2=C(C3=O)C(O)C(C)OC2C)cc1,"O-benzyl ether (phenol/enol, Williamson)",p-quinone,True,"two reversible waves in MeCN, spacing 0.79-0.94 V (benzoquinones, tier A)",False,394.423,2.0,135.9,3.72,neutral,0.0,29.0,False
D3TaLES,80WOLO,CC1OC(C)C(O)C2=C1C(=O)c1c(O)cc(O)cc1C2=O,3.99,2.356,0.6343,8.472,1.985,CC1OC(C)C(O)C2=C1C(=O)c1c(O)cc(O)cc1C2=O,p-quinone,False,unassigned stereo,Cc1ccc(COc2cc(O)c3c(c2)C(=O)C2=C(C3=O)C(C)OC(C)C2O)cc1,"O-benzyl ether (phenol/enol, Williamson)",p-quinone,True,"two reversible waves in MeCN, spacing 0.79-0.94 V (benzoquinones, tier A)",False,394.423,2.0,135.9,3.67,neutral,0.0,29.0,False
D3TaLES,80GEPF,NC1=C(Cl)C(=O)C(NCc2ccccc2)=C(Cl)C1=O,2.51,2.148,0.339,7.825,1.468,NC1=C(Cl)C(=O)C(NCc2ccccc2)=C(Cl)C1=O,p-quinone,False,ok,Cc1ccc(CNC2=C(Cl)C(=O)C(NCc3ccccc3)=C(Cl)C2=O)cc1,N-benzyl (amine N-H),p-quinone,True,"two reversible waves in MeCN, spacing 0.79-0.94 V (benzoquinones, tier A)",False,401.293,2.0,133.6,2.39,neutral,0.0,27.0,False
D3TaLES,80GEPF,NC1=C(Cl)C(=O)C(NCc2ccccc2)=C(Cl)C1=O,2.51,2.148,0.339,7.825,1.468,NC1=C(Cl)C(=O)C(NCc2ccccc2)=C(Cl)C1=O,p-quinone,False,ok,Cc1ccc(CN(Cc2ccccc2)C2=C(Cl)C(=O)C(N)=C(Cl)C2=O)cc1,N-benzyl (amine N-H),p-quinone,True,"two reversible waves in MeCN, spacing 0.79-0.94 V (benzoquinones, tier A)",False,401.293,2.0,133.6,2.56,neutral,0.0,27.0,False
D3TaLES,80VGOG,O=C1C=CC(=O)C(c2ccccc2)=C1,2.06,1.059,-0.1877,8.308,2.584,O=C1C=CC(=O)C(c2ccccc2)=C1,p-quinone,False,no graft handle,,,p-quinone,True,,,,,,,,,,True
D3TaLES,80HHOW,O=C1C=C(N2CC2)C(=O)C(c2ccccc2)=C1N1CC1,2.46,0.6736,0.7658,7.838,1.212,O=C1C=C(N2CC2)C(=O)C(c2ccccc2)=C1N1CC1,p-quinone,False,no graft handle,,,p-quinone,True,,,,,,,,,,True
D3TaLES,80FEYC,CC1COC2=C1C(=O)C(=O)c1c2ccc2c1CCCC2(C)C,3.56,2.599,0.5399,7.622,1.637,CC1COC2=C1C(=O)C(=O)c1c2ccc2c1CCCC2(C)C,o-quinone,False,no graft handle,,,o-quinone,True,,,,,,,,,,False
D3TaLES,80HSYU,COc1cc2c(OC)c(c1)CC(=O)CC1=CC(=O)C=C(CC(=O)C2)C1=O,4.57,0.622,1.259,8.125,1.554,COc1cc2c(OC)c(c1)CC(=O)CC1=CC(=O)C=C(CC(=O)C2)C1=O,p-quinone,False,no graft handle,,,p-quinone,True,,,,,,,,,,True
D3TaLES,80PWIJ,CC=C(C)C(=O)OCc1nccc2c1C(=O)C(OC)=C(C)C2=O,2.93,2.233,1.905,8.098,2.129,CC=C(C)C(=O)OCc1nccc2c1C(=O)C(OC)=C(C)C2=O,p-quinone,False,unassigned stereo,CC=C(C)C(=O)OCc1c2c(cc[n+]1Cc1ccc(C)cc1)C(=O)C(C)=C(OC)C2=O,N-benzyl pyridinium (Menshutkin),p-quinone+pyridinium,True,"two reversible waves in MeCN, spacing 0.79-0.94 V (benzoquinones, tier A); single reduction; parent reported irreversible",False,420.485,2.0,127.5,3.16,inherently-charged (azinium; no neutral form),1.0,31.0,False
D3TaLES,80HXHE,O=C1C(CCl)=C(CCl)C(=O)c2ccccc21,2.59,2.102,0.903,8.335,2.551,O=C1C(CCl)=C(CCl)C(=O)c2ccccc21,p-quinone,False,no graft handle,,,p-quinone,True,,,,,,,,,,False
D3TaLES,80BJXS,O=C1C=CC(=NO)c2cccnc21,2.78,1.672,0.4724,7.775,2.367,O=C1C=CC(=NO)c2cccnc21,,False,unassigned stereo,Cc1ccc(C[n+]2cccc3c2C(=O)C=CC3=NO)cc1,N-benzyl pyridinium (Menshutkin),pyridinium,False,single reduction; parent reported irreversible,False,279.319,1.0,96.0,2.99,inherently-charged (azinium; no neutral form),1.0,21.0,False
D3TaLES,80CCRB,C=CCC1=C(O)C(=O)c2c(OC)cc(OC)c(OC)c2C1=O,2.78,0.5823,0.9676,7.727,1.448,C=CCC1=C(O)C(=O)c2c(OC)cc(OC)c(OC)c2C1=O,p-quinone,False,ok,C=CCC1=C(OCc2ccc(C)cc2)C(=O)c2c(OC)cc(OC)c(OC)c2C1=O,"O-benzyl ether (phenol/enol, Williamson)",p-quinone,True,"two reversible waves in MeCN, spacing 0.79-0.94 V (benzoquinones, tier A)",False,408.45,2.0,131.2,2.67,neutral,0.0,30.0,True
D3TaLES,80YHNO,CC1=C(C(Cl)Cl)C(=O)c2ccccc2C1=O,2.56,0.479,0.7963,8.257,2.624,CC1=C(C(Cl)Cl)C(=O)c2ccccc2C1=O,p-quinone,False,no graft handle,,,p-quinone,True,,,,,,,,,,True
D3TaLES,80TEDN,CN1C(C)(C)N([O])C(C)(C)C12C=Cc1ccccc1O2,4.19,1.943,0.78,6.214,0.994,CN1C(C)(C)N([O])C(C)(C)C12C=Cc1ccccc1O2,nitroxide,False,no graft handle,,,nitroxide,False,,,,,,,,,,False
D3TaLES,80ZNEQ,COc1cccc2c1C(=O)C1=C(C2=O)C(O)CC(C)(C)S1,3.45,0.1945,0.4064,7.426,1.857,COc1cccc2c1C(=O)C1=C(C2=O)C(O)CC(C)(C)S1,p-quinone,False,unassigned stereo,COc1cccc2c1C(=O)C1=C(C2=O)C(OCc2ccc(C)cc2)CC(C)(C)S1,"O-benzyl ether (phenol/enol, Williamson)",p-quinone,True,"two reversible waves in MeCN, spacing 0.79-0.94 V (benzoquinones, tier A)",False,408.519,2.0,131.2,3.31,neutral,0.0,29.0,True
D3TaLES,80WWZS,CCCNC1=CC(=O)c2ccccc2C1=O,2.16,1.48,0.2681,7.965,1.434,CCCNC1=CC(=O)c2ccccc2C1=O,p-quinone,False,ok,CCCN(Cc1ccc(C)cc1)C1=CC(=O)c2ccccc2C1=O,N-benzyl (amine N-H),p-quinone,True,"two reversible waves in MeCN, spacing 0.79-0.94 V (benzoquinones, tier A)",False,319.404,2.0,167.8,2.3,neutral,0.0,24.0,True
D3TaLES,80WWZG,CCCCCCCCNC1=CC(=O)c2ccccc2C1=O,2.15,2.164,0.2712,8.001,1.466,CCCCCCCCNC1=CC(=O)c2ccccc2C1=O,p-quinone,False,ok,CCCCCCCCN(Cc1ccc(C)cc1)C1=CC(=O)c2ccccc2C1=O,N-benzyl (amine N-H),p-quinone,True,"two reversible waves in MeCN, spacing 0.79-0.94 V (benzoquinones, tier A)",False,389.539,2.0,137.6,2.36,neutral,0.0,29.0,False
D3TaLES,80GIQO,CC(C)C=C1NC(=O)C(C(C)C)n2c1nc1c(c2=O)C=CC=CO1,4.21,2.661,0.8283,7.397,0.901,CC(C)C=C1NC(=O)C(C(C)C)n2c1nc1c(c2=O)C=CC=CO1,,False,unassigned stereo,Cc1ccc(C[n+]2c3c(c(=O)n4c2C(=CC(C)C)NC(=O)C4C(C)C)C=CC=CO3)cc1,N-benzyl pyridinium (Menshutkin),pyridinium,False,single reduction; parent reported irreversible,False,432.544,1.0,62.0,4.19,inherently-charged (azinium; no neutral form),1.0,32.0,False
D3TaLES,80LTVM,COC(=O)C1(O)CC2=C(c3c1cc(OC)nc3Cl)N(C)CCC2,3.87,3.463,0.74,6.267,0.172,COC(=O)C1(O)CC2=C(c3c1cc(OC)nc3Cl)N(C)CCC2,,False,unassigned stereo,COC(=O)C1(O)CC2=C(c3c1cc(OC)[n+](Cc1ccc(C)cc1)c3Cl)N(C)CCC2,N-benzyl pyridinium (Menshutkin),pyridinium,False,single reduction; parent reported irreversible,False,443.951,1.0,60.4,4.01,inherently-charged (azinium; no neutral form),1.0,31.0,False
D3TaLES,80OSXN,O=C1CC(O)C(C2=CC(=O)c3c(O)cccc3C2=O)O1,3.57,2.259,0.311,9.057,2.306,O=C1CC(O)C(C2=CC(=O)c3c(O)cccc3C2=O)O1,p-quinone,False,unassigned stereo,Cc1ccc(COC2CC(=O)OC2C2=CC(=O)c3c(O)cccc3C2=O)cc1,"O-benzyl ether (phenol/enol, Williamson)",p-quinone,True,"two reversible waves in MeCN, spacing 0.79-0.94 V (benzoquinones, tier A)",False,378.38,2.0,141.7,3.43,neutral,0.0,28.0,False
D3TaLES,80OSXN,O=C1CC(O)C(C2=CC(=O)c3c(O)cccc3C2=O)O1,3.57,2.259,0.311,9.057,2.306,O=C1CC(O)C(C2=CC(=O)c3c(O)cccc3C2=O)O1,p-quinone,False,unassigned stereo,Cc1ccc(COc2cccc3c2C(=O)C=C(C2OC(=O)CC2O)C3=O)cc1,"O-benzyl ether (phenol/enol, Williamson)",p-quinone,True,"two reversible waves in MeCN, spacing 0.79-0.94 V (benzoquinones, tier A)",False,378.38,2.0,141.7,3.32,neutral,0.0,28.0,False
D3TaLES,80RHBQ,O=C1CC(O)C(C2=CC(=O)c3c(O)c(Br)cc(Br)c3C2=O)O1,3.94,2.907,0.775,8.173,2.408,O=C1CC(O)C(C2=CC(=O)c3c(O)c(Br)cc(Br)c3C2=O)O1,p-quinone,False,unassigned stereo,Cc1ccc(COC2CC(=O)OC2C2=CC(=O)c3c(O)c(Br)cc(Br)c3C2=O)cc1,"O-benzyl ether (phenol/enol, Williamson)",p-quinone,True,"two reversible waves in MeCN, spacing 0.79-0.94 V (benzoquinones, tier A)",False,536.172,2.0,100.0,3.73,neutral,0.0,30.0,False
D3TaLES,80RHBQ,O=C1CC(O)C(C2=CC(=O)c3c(O)c(Br)cc(Br)c3C2=O)O1,3.94,2.907,0.775,8.173,2.408,O=C1CC(O)C(C2=CC(=O)c3c(O)c(Br)cc(Br)c3C2=O)O1,p-quinone,False,unassigned stereo,Cc1ccc(COc2c(Br)cc(Br)c3c2C(=O)C=C(C2OC(=O)CC2O)C3=O)cc1,"O-benzyl ether (phenol/enol, Williamson)",p-quinone,True,"two reversible waves in MeCN, spacing 0.79-0.94 V (benzoquinones, tier A)",False,536.172,2.0,100.0,3.67,neutral,0.0,30.0,False
D3TaLES,80KMHR,C=C1OC2=C(C(=O)C(=O)c3c(O)cccc32)C1(C)C,3.21,1.68,0.2393,8.605,1.732,C=C1OC2=C(C(=O)C(=O)c3c(O)cccc32)C1(C)C,o-quinone,False,ok,C=C1OC2=C(C(=O)C(=O)c3c(OCc4ccc(C)cc4)cccc32)C1(C)C,"O-benzyl ether (phenol/enol, Williamson)",o-quinone,True,"two quasi-reversible waves, spacing 0.41 V (1,2-naphthoquinone, tier A)",False,360.409,2.0,148.7,2.82,neutral,0.0,27.0,False
D3TaLES,80SURX,C=C(C)C1CC2=C(O1)C(=O)c1cccc(O)c1C2=O,3.38,2.469,0.7535,7.397,1.799,C=C(C)C1CC2=C(O1)C(=O)c1cccc(O)c1C2=O,p-quinone,False,unassigned stereo,C=C(C)C1CC2=C(O1)C(=O)c1cccc(OCc3ccc(C)cc3)c1C2=O,"O-benzyl ether (phenol/enol, Williamson)",p-quinone,True,"two reversible waves in MeCN, spacing 0.79-0.94 V (benzoquinones, tier A)",False,360.409,2.0,148.7,3.08,neutral,0.0,27.0,False
D3TaLES,80EWUN,CC(=O)OCC1OC(c2ccc3c(c2O)C(=O)C(Br)=CC3=O)CC(OC(C)=O)C1OC(C)=O,4.13,3.463,0.5716,8.489,1.964,CC(=O)OCC1OC(c2ccc3c(c2O)C(=O)C(Br)=CC3=O)CC(OC(C)=O)C1OC(C)=O,p-quinone,False,unassigned stereo,CC(=O)OCC1OC(c2ccc3c(c2OCc2ccc(C)cc2)C(=O)C(Br)=CC3=O)CC(OC(C)=O)C1OC(C)=O,"O-benzyl ether (phenol/enol, Williamson)",p-quinone,True,"two reversible waves in MeCN, spacing 0.79-0.94 V (benzoquinones, tier A)",False,629.456,2.0,85.2,4.12,neutral,0.0,41.0,False
D3TaLES,80GEJV,O=C1C=C(N2CCOCC2)c2ccccc2C1=O,2.27,0.6524,0.5276,7.744,1.436,O=C1C=C(N2CCOCC2)c2ccccc2C1=O,o-quinone,False,no graft handle,,,o-quinone,True,,,,,,,,,,True
D3TaLES,80JXMP,CC(C)(C)C1=CC(=O)C(C(c2cc(O)c(C(C)(C)C)cc2O)C(C)(C)C)=CC1=O,3.75,0.6888,0.6159,8.095,1.091,CC(C)(C)C1=CC(=O)C(C(c2cc(O)c(C(C)(C)C)cc2O)C(C)(C)C)=CC1=O,p-quinone,False,unassigned stereo,Cc1ccc(COc2cc(C(C3=CC(=O)C(C(C)(C)C)=CC3=O)C(C)(C)C)c(O)cc2C(C)(C)C)cc1,"O-benzyl ether (phenol/enol, Williamson)",p-quinone,True,"two reversible waves in MeCN, spacing 0.79-0.94 V (benzoquinones, tier A)",False,502.695,2.0,106.6,3.56,neutral,0.0,37.0,True
D3TaLES,80JXMP,CC(C)(C)C1=CC(=O)C(C(c2cc(O)c(C(C)(C)C)cc2O)C(C)(C)C)=CC1=O,3.75,0.6888,0.6159,8.095,1.091,CC(C)(C)C1=CC(=O)C(C(c2cc(O)c(C(C)(C)C)cc2O)C(C)(C)C)=CC1=O,p-quinone,False,unassigned stereo,Cc1ccc(COc2cc(C(C)(C)C)c(O)cc2C(C2=CC(=O)C(C(C)(C)C)=CC2=O)C(C)(C)C)cc1,"O-benzyl ether (phenol/enol, Williamson)",p-quinone,True,"two reversible waves in MeCN, spacing 0.79-0.94 V (benzoquinones, tier A)",False,502.695,2.0,106.6,3.57,neutral,0.0,37.0,True
D3TaLES,80ZZAT,CC1=CC(=O)C(C(c2cc(O)c(C)cc2O)C(C)(C)C)=CC1=O,3.52,0.7775,0.5865,8.201,1.062,CC1=CC(=O)C(C(c2cc(O)c(C)cc2O)C(C)(C)C)=CC1=O,p-quinone,False,unassigned stereo,CC1=CC(=O)C(C(c2cc(OCc3ccc(C)cc3)c(C)cc2O)C(C)(C)C)=CC1=O,"O-benzyl ether (phenol/enol, Williamson)",p-quinone,True,"two reversible waves in MeCN, spacing 0.79-0.94 V (benzoquinones, tier A)",False,418.533,2.0,128.1,3.25,neutral,0.0,31.0,True
D3TaLES,80ZZAT,CC1=CC(=O)C(C(c2cc(O)c(C)cc2O)C(C)(C)C)=CC1=O,3.52,0.7775,0.5865,8.201,1.062,CC1=CC(=O)C(C(c2cc(O)c(C)cc2O)C(C)(C)C)=CC1=O,p-quinone,False,unassigned stereo,CC1=CC(=O)C(C(c2cc(O)c(C)cc2OCc2ccc(C)cc2)C(C)(C)C)=CC1=O,"O-benzyl ether (phenol/enol, Williamson)",p-quinone,True,"two reversible waves in MeCN, spacing 0.79-0.94 V (benzoquinones, tier A)",False,418.533,2.0,128.1,3.27,neutral,0.0,31.0,True
D3TaLES,80CYCT,CC(=O)c1nncc2c1C(=O)C1=C(OC(C)(C)C(Cl)C1)C2(O)CC1C(C)(O)CCC(Cl)C1(C)C,5.2,4.866,1.243,7.771,1.931,CC(=O)c1nncc2c1C(=O)C1=C(OC(C)(C)C(Cl)C1)C2(O)CC1C(C)(O)CCC(Cl)C1(C)C,,False,unassigned stereo,CC(=O)c1c2c(cn[n+]1Cc1ccc(C)cc1)C(O)(CC1C(C)(O)CCC(Cl)C1(C)C)C1=C(CC(Cl)C(C)(C)O1)C2=O,N-benzyl pyridinium (Menshutkin),pyridinium,False,single reduction; parent reported irreversible,False,616.606,1.0,43.5,5.3,inherently-charged (azinium; no neutral form),1.0,42.0,False
D3TaLES,80CYCT,CC(=O)c1nncc2c1C(=O)C1=C(OC(C)(C)C(Cl)C1)C2(O)CC1C(C)(O)CCC(Cl)C1(C)C,5.2,4.866,1.243,7.771,1.931,CC(=O)c1nncc2c1C(=O)C1=C(OC(C)(C)C(Cl)C1)C2(O)CC1C(C)(O)CCC(Cl)C1(C)C,,False,unassigned stereo,CC(=O)c1n[n+](Cc2ccc(C)cc2)cc2c1C(=O)C1=C(OC(C)(C)C(Cl)C1)C2(O)CC1C(C)(O)CCC(Cl)C1(C)C,N-benzyl pyridinium (Menshutkin),pyridinium,False,single reduction; parent reported irreversible,False,616.606,1.0,43.5,5.25,inherently-charged (azinium; no neutral form),1.0,42.0,False
D3TaLES,80HBEB,O=C1C(Br)=C(Br)C(=O)C(NC(=O)c2ccccc2)=C1Br,2.58,2.081,1.038,8.702,2.487,O=C1C(Br)=C(Br)C(=O)C(NC(=O)c2ccccc2)=C1Br,p-quinone,False,no graft handle,,,p-quinone,True,,,,,,,,,,False
D3TaLES,80XPNE,O=C1C=C(NC2CCCCC2)C(=O)c2ccccc21,2.2,2.024,0.2727,7.607,1.514,O=C1C=C(NC2CCCCC2)C(=O)c2ccccc21,p-quinone,False,ok,Cc1ccc(CN(C2=CC(=O)c3ccccc3C2=O)C2CCCCC2)cc1,N-benzyl (amine N-H),p-quinone,True,"two reversible waves in MeCN, spacing 0.79-0.94 V (benzoquinones, tier A)",False,359.469,2.0,149.1,2.4,neutral,0.0,27.0,False
D3TaLES,80YWJA,COC(=O)CCCNC1=CC(=O)c2ccccc2C1=O,2.23,1.389,0.375,8.001,1.547,COC(=O)CCCNC1=CC(=O)c2ccccc2C1=O,p-quinone,False,ok,COC(=O)CCCN(Cc1ccc(C)cc1)C1=CC(=O)c2ccccc2C1=O,N-benzyl (amine N-H),p-quinone,True,"two reversible waves in MeCN, spacing 0.79-0.94 V (benzoquinones, tier A)",False,377.44,2.0,142.0,2.41,neutral,0.0,28.0,True
D3TaLES,80UBFF,CCCNC1=C(Cl)C(=O)c2ncccc2C1=O,2.5,1.74,0.3339,7.91,1.493,CCCNC1=C(Cl)C(=O)c2ncccc2C1=O,p-quinone,False,ok,CCCN(Cc1ccc(C)cc1)C1=C(Cl)C(=O)c2ncccc2C1=O,N-benzyl (amine N-H),p-quinone,True,"two reversible waves in MeCN, spacing 0.79-0.94 V (benzoquinones, tier A)",False,354.837,2.0,151.1,2.5,neutral,0.0,25.0,False
D3TaLES,80IGVW,CCCNC1=C(Cl)C(=O)c2cccnc2C1=O,2.51,1.857,0.2818,7.946,1.566,CCCNC1=C(Cl)C(=O)c2cccnc2C1=O,p-quinone,False,ok,CCCN(Cc1ccc(C)cc1)C1=C(Cl)C(=O)c2cccnc2C1=O,N-benzyl (amine N-H),p-quinone,True,"two reversible waves in MeCN, spacing 0.79-0.94 V (benzoquinones, tier A)",False,354.837,2.0,151.1,2.52,neutral,0.0,25.0,False
D3TaLES,80HQNO,CCCNC1=C(Br)C(=O)c2ccccc2C1=O,2.33,1.568,0.3198,7.905,1.449,CCCNC1=C(Br)C(=O)c2ccccc2C1=O,p-quinone,False,ok,CCCN(Cc1ccc(C)cc1)C1=C(Br)C(=O)c2ccccc2C1=O,N-benzyl (amine N-H),p-quinone,True,"two reversible waves in MeCN, spacing 0.79-0.94 V (benzoquinones, tier A)",False,398.3,2.0,134.6,2.36,neutral,0.0,25.0,False
D3TaLES,80VRAL,CCNC1=C(Br)C(=O)c2ccccc2C1=O,2.38,1.822,0.3148,7.878,1.449,CCNC1=C(Br)C(=O)c2ccccc2C1=O,p-quinone,False,ok,CCN(Cc1ccc(C)cc1)C1=C(Br)C(=O)c2ccccc2C1=O,N-benzyl (amine N-H),p-quinone,True,"two reversible waves in MeCN, spacing 0.79-0.94 V (benzoquinones, tier A)",False,384.273,2.0,139.5,2.34,neutral,0.0,24.0,False
D3TaLES,80MUPA,CN(C)c1ncn(CC2COc3ccccc3S2)c2ncnc1-2,3.68,2.313,0.2998,6.31,1.345,CN(C)c1ncn(CC2COc3ccccc3S2)c2ncnc1-2,,False,unassigned stereo,Cc1ccc(C[n+]2cn(CC3COc4ccccc4S3)c3ncnc-3c2N(C)C)cc1,N-benzyl pyridinium (Menshutkin),pyridinium,False,single reduction; parent reported irreversible,False,432.573,1.0,62.0,3.8,inherently-charged (azinium; no neutral form),1.0,31.0,False
D3TaLES,80MUPA,CN(C)c1ncn(CC2COc3ccccc3S2)c2ncnc1-2,3.68,2.313,0.2998,6.31,1.345,CN(C)c1ncn(CC2COc3ccccc3S2)c2ncnc1-2,,False,unassigned stereo,Cc1ccc(C[n+]2cnc3c(N(C)C)ncn(CC4COc5ccccc5S4)c2-3)cc1,N-benzyl pyridinium (Menshutkin),pyridinium,False,single reduction; parent reported irreversible,False,432.573,1.0,62.0,3.86,inherently-charged (azinium; no neutral form),1.0,31.0,False
D3TaLES,80MUPA,CN(C)c1ncn(CC2COc3ccccc3S2)c2ncnc1-2,3.68,2.313,0.2998,6.31,1.345,CN(C)c1ncn(CC2COc3ccccc3S2)c2ncnc1-2,,False,unassigned stereo,Cc1ccc(C[n+]2cnc3n(CC4COc5ccccc5S4)cnc(N(C)C)c2-3)cc1,N-benzyl pyridinium (Menshutkin),pyridinium,False,single reduction; parent reported irreversible,False,432.573,1.0,62.0,3.84,inherently-charged (azinium; no neutral form),1.0,31.0,False
D3TaLES,80IXSL,CC(C)=CCC1=CC(=O)c2ccccc2C1=O,2.43,1.535,0.648,7.966,1.822,CC(C)=CCC1=CC(=O)c2ccccc2C1=O,p-quinone,False,no graft handle,,,p-quinone,True,,,,,,,,,,False
D3TaLES,80PJYS,O=C1C=CN2C=CC=CC12c1ccccn1,4.08,2.196,0.5308,6.658,1.049,O=C1C=CN2C=CC=CC12c1ccccn1,,False,unassigned stereo,Cc1ccc(C[n+]2ccccc2C23C=CC=CN2C=CC3=O)cc1,N-benzyl pyridinium (Menshutkin),pyridinium,False,single reduction; parent reported irreversible,False,315.396,1.0,85.0,3.94,inherently-charged (azinium; no neutral form),1.0,24.0,False
D3TaLES,80LKNI,CC(=O)OCC1=C(COC(C)=O)N([O])c2ccccc2N1[O],3.28,0.3301,0.3676,7.348,1.339,CC(=O)OCC1=C(COC(C)=O)N([O])c2ccccc2N1[O],nitroxide,False,no graft handle,,,nitroxide,False,,,,,,,,,,True
D3TaLES,80HXNL,CC12CCC3C4=C(CCC3C1CCC21OCCO1)C(=O)C(=O)C=C4Oc1ccc2c(c1)CCC1C2CCC2(C)C1CCC21OCCO1,5.89,4.212,0.7687,8.336,1.754,CC12CCC3C4=C(CCC3C1CCC21OCCO1)C(=O)C(=O)C=C4Oc1ccc2c(c1)CCC1C2CCC2(C)C1CCC21OCCO1,o-quinone,False,no graft handle,,,o-quinone,True,,,,,,,,,,False
D3TaLES,80IDPH,O=C1C=CC(=O)C(C=Cc2ccccc2)=C1,2.37,1.013,0.3009,8.347,1.688,O=C1C=CC(=O)C(C=Cc2ccccc2)=C1,p-quinone,False,no graft handle,,,p-quinone,True,,,,,,,,,,True
D3TaLES,80WMYX,Cc1cccc(C=CC2=CC(=O)C=CC2=O)c1,2.49,0.4338,0.3681,8.301,1.791,Cc1cccc(C=CC2=CC(=O)C=CC2=O)c1,p-quinone,False,no graft handle,,,p-quinone,True,,,,,,,,,,True
D3TaLES,80ZJYQ,Cc1ccc(C)c(C=CC2=CC(=O)C=CC2=O)c1,2.61,1.575,0.2959,8.239,1.56,Cc1ccc(C)c(C=CC2=CC(=O)C=CC2=O)c1,p-quinone,False,no graft handle,,,p-quinone,True,,,,,,,,,,False
D3TaLES,80WOLL,Cc1ccc(C=CC2=CC(=O)C=CC2=O)cc1C,2.51,1.327,0.2947,8.319,1.475,Cc1ccc(C=CC2=CC(=O)C=CC2=O)cc1C,p-quinone,False,no graft handle,,,p-quinone,True,,,,,,,,,,True
D3TaLES,80FDKW,O=C1C=CC(=O)C(C=Cc2cccc(Cl)c2)=C1,2.51,1.069,0.294,8.378,1.802,O=C1C=CC(=O)C(C=Cc2cccc(Cl)c2)=C1,p-quinone,False,no graft handle,,,p-quinone,True,,,,,,,,,,True
D3TaLES,80VSVD,O=C1C=CC(=O)C(C=Cc2ccc(Cl)cc2)=C1,2.42,0.3528,0.3142,8.336,1.698,O=C1C=CC(=O)C(C=Cc2ccc(Cl)cc2)=C1,p-quinone,False,no graft handle,,,p-quinone,True,,,,,,,,,,True
D3TaLES,80ZLRS,O=C1C=CC(=O)C(C=Cc2cc(Cl)ccc2Cl)=C1,2.63,1.099,0.2979,8.374,1.884,O=C1C=CC(=O)C(C=Cc2cc(Cl)ccc2Cl)=C1,p-quinone,False,no graft handle,,,p-quinone,True,,,,,,,,,,True
D3TaLES,80XSUM,Cc1cc2c(c(C#N)c1O)C(=O)C=C(Br)C2=O,2.94,1.287,0.2435,8.382,2.423,Cc1cc2c(c(C#N)c1O)C(=O)C=C(Br)C2=O,p-quinone,False,ok,Cc1ccc(COc2c(C)cc3c(c2C#N)C(=O)C=C(Br)C3=O)cc1,"O-benzyl ether (phenol/enol, Williamson)",p-quinone,True,"two reversible waves in MeCN, spacing 0.79-0.94 V (benzoquinones, tier A)",False,396.24,2.0,135.3,2.59,neutral,0.0,25.0,True
D3TaLES,80ADEJ,CC(C)C=C1NC(=O)C(CC(C)C)n2c1nc1c(c2=O)C=CC=CO1,4.15,3.166,0.8584,7.122,0.858,CC(C)C=C1NC(=O)C(CC(C)C)n2c1nc1c(c2=O)C=CC=CO1,,False,unassigned stereo,Cc1ccc(C[n+]2c3c(c(=O)n4c2C(=CC(C)C)NC(=O)C4CC(C)C)C=CC=CO3)cc1,N-benzyl pyridinium (Menshutkin),pyridinium,False,single reduction; parent reported irreversible,False,446.571,1.0,60.0,4.18,inherently-charged (azinium; no neutral form),1.0,33.0,False
D3TaLES,80TFSO,O=C1C=CC(=O)c2cc3c(cc21)C3,2.66,1.055,0.1383,8.094,3.381,O=C1C=CC(=O)c2cc3c(cc21)C3,p-quinone,False,no graft handle,,,p-quinone,True,,,,,,,,,,True
D3TaLES,80FVTB,COc1ccccc1C1=CC(C(C)(C)C)=CC(=O)C1=O,2.45,2.227,0.3971,8.15,1.64,COc1ccccc1C1=CC(C(C)(C)C)=CC(=O)C1=O,o-quinone,False,no graft handle,,,o-quinone,True,,,,,,,,,,False
D3TaLES,80GFBC,COc1ccc(C2=CC(C(C)(C)C)=CC(=O)C2=O)cc1,2.38,1.341,0.428,8.251,1.433,COc1ccc(C2=CC(C(C)(C)C)=CC(=O)C2=O)cc1,o-quinone,False,no graft handle,,,o-quinone,True,,,,,,,,,,True
D3TaLES,80XACB,O=C1C=C(O)C(=O)c2ccccc21,2.12,1.563,,8.139,,O=C1C=C(O)C(=O)c2ccccc21,p-quinone,False,ok,Cc1ccc(COC2=CC(=O)c3ccccc3C2=O)cc1,"O-benzyl ether (phenol/enol, Williamson)",p-quinone,True,"two reversible waves in MeCN, spacing 0.79-0.94 V (benzoquinones, tier A)",True,278.307,2.0,192.6,1.99,neutral,0.0,21.0,False
D3TaLES,80MJXI,CC1=CC(=O)c2c(C=O)c(O)c(O)c(C(C)C)c2C1=O,3.19,4.758,1.574,8.153,1.865,CC1=CC(=O)c2c(C=O)c(O)c(O)c(C(C)C)c2C1=O,p-quinone,False,ok,CC1=CC(=O)c2c(C=O)c(OCc3ccc(C)cc3)c(O)c(C(C)C)c2C1=O,"O-benzyl ether (phenol/enol, Williamson)",p-quinone,True,"two reversible waves in MeCN, spacing 0.79-0.94 V (benzoquinones, tier A)",False,378.424,2.0,141.6,2.87,neutral,0.0,28.0,False
D3TaLES,80MJXI,CC1=CC(=O)c2c(C=O)c(O)c(O)c(C(C)C)c2C1=O,3.19,4.758,1.574,8.153,1.865,CC1=CC(=O)c2c(C=O)c(O)c(O)c(C(C)C)c2C1=O,p-quinone,False,ok,CC1=CC(=O)c2c(C=O)c(O)c(OCc3ccc(C)cc3)c(C(C)C)c2C1=O,"O-benzyl ether (phenol/enol, Williamson)",p-quinone,True,"two reversible waves in MeCN, spacing 0.79-0.94 V (benzoquinones, tier A)",False,378.424,2.0,141.6,2.86,neutral,0.0,28.0,False
D3TaLES,80QJRQ,C=C(C)C1CC2=C(O1)C(=O)c1cc(O)ccc1C2=O,3.38,0.5587,0.5141,7.989,2.011,C=C(C)C1CC2=C(O1)C(=O)c1cc(O)ccc1C2=O,p-quinone,False,unassigned stereo,C=C(C)C1CC2=C(O1)C(=O)c1cc(OCc3ccc(C)cc3)ccc1C2=O,"O-benzyl ether (phenol/enol, Williamson)",p-quinone,True,"two reversible waves in MeCN, spacing 0.79-0.94 V (benzoquinones, tier A)",False,360.409,2.0,148.7,3.05,neutral,0.0,27.0,True
D3TaLES,80PNEA,C=CCC1(C)c2c(C)c3c(c(O)c2OC1O)C(=O)C(C(C)C)=C(O)C3=O,4.25,4.552,0.9617,7.273,1.457,C=CCC1(C)c2c(C)c3c(c(O)c2OC1O)C(=O)C(C(C)C)=C(O)C3=O,p-quinone,False,unassigned stereo,C=CCC1(C)c2c(C)c3c(c(OCc4ccc(C)cc4)c2OC1O)C(=O)C(C(C)C)=C(O)C3=O,"O-benzyl ether (phenol/enol, Williamson)",p-quinone,True,"two reversible waves in MeCN, spacing 0.79-0.94 V (benzoquinones, tier A)",False,462.542,2.0,115.9,4.05,neutral,0.0,34.0,False
D3TaLES,80PNEA,C=CCC1(C)c2c(C)c3c(c(O)c2OC1O)C(=O)C(C(C)C)=C(O)C3=O,4.25,4.552,0.9617,7.273,1.457,C=CCC1(C)c2c(C)c3c(c(O)c2OC1O)C(=O)C(C(C)C)=C(O)C3=O,p-quinone,False,unassigned stereo,C=CCC1(C)c2c(C)c3c(c(O)c2OC1OCc1ccc(C)cc1)C(=O)C(C(C)C)=C(O)C3=O,"O-benzyl ether (phenol/enol, Williamson)",p-quinone,True,"two reversible waves in MeCN, spacing 0.79-0.94 V (benzoquinones, tier A)",False,462.542,2.0,115.9,4.1,neutral,0.0,34.0,False
D3TaLES,80PNEA,C=CCC1(C)c2c(C)c3c(c(O)c2OC1O)C(=O)C(C(C)C)=C(O)C3=O,4.25,4.552,0.9617,7.273,1.457,C=CCC1(C)c2c(C)c3c(c(O)c2OC1O)C(=O)C(C(C)C)=C(O)C3=O,p-quinone,False,unassigned stereo,C=CCC1(C)c2c(C)c3c(c(O)c2OC1O)C(=O)C(C(C)C)=C(OCc1ccc(C)cc1)C3=O,"O-benzyl ether (phenol/enol, Williamson)",p-quinone,True,"two reversible waves in MeCN, spacing 0.79-0.94 V (benzoquinones, tier A)",False,462.542,2.0,115.9,4.05,neutral,0.0,34.0,False
D3TaLES,80GPCQ,CC1=C(C(=O)OC(C)(C)C)N([O])c2ccccc2N1[O],3.09,2.43,0.3346,7.274,1.263,CC1=C(C(=O)OC(C)(C)C)N([O])c2ccccc2N1[O],nitroxide,False,no graft handle,,,nitroxide,False,,,,,,,,,,False
D3TaLES,80OZXT,C=C1CCCC2C1(C)CCC(C)C2(C)CC1=CC(=O)C=C(NCC(O)c2cc(Br)c(OCCCNC(=O)C3=NOC4(CC(Br)=C(OC)C(Br)=CO4)C3O)c(Br)c2)C1=O,6.2,6.683,1.262,8.019,1.999,C=C1CCCC2C1(C)CCC(C)C2(C)CC1=CC(=O)C=C(NCC(O)c2cc(Br)c(OCCCNC(=O)C3=NOC4(CC(Br)=C(OC)C(Br)=CO4)C3O)c(Br)c2)C1=O,p-quinone,False,unassigned stereo,C=C1CCCC2C1(C)CCC(C)C2(C)CC1=CC(=O)C=C(NCC(OCc2ccc(C)cc2)c2cc(Br)c(OCCCNC(=O)C3=NOC4(CC(Br)=C(OC)C(Br)=CO4)C3O)c(Br)c2)C1=O,"O-benzyl ether (phenol/enol, Williamson)",p-quinone,True,"two reversible waves in MeCN, spacing 0.79-0.94 V (benzoquinones, tier A)",False,1163.634,2.0,46.1,6.31,neutral,0.0,66.0,False
D3TaLES,80OZXT,C=C1CCCC2C1(C)CCC(C)C2(C)CC1=CC(=O)C=C(NCC(O)c2cc(Br)c(OCCCNC(=O)C3=NOC4(CC(Br)=C(OC)C(Br)=CO4)C3O)c(Br)c2)C1=O,6.2,6.683,1.262,8.019,1.999,C=C1CCCC2C1(C)CCC(C)C2(C)CC1=CC(=O)C=C(NCC(O)c2cc(Br)c(OCCCNC(=O)C3=NOC4(CC(Br)=C(OC)C(Br)=CO4)C3O)c(Br)c2)C1=O,p-quinone,False,unassigned stereo,C=C1CCCC2C1(C)CCC(C)C2(C)CC1=CC(=O)C=C(NCC(O)c2cc(Br)c(OCCCNC(=O)C3=NOC4(CC(Br)=C(OC)C(Br)=CO4)C3OCc3ccc(C)cc3)c(Br)c2)C1=O,"O-benzyl ether (phenol/enol, Williamson)",p-quinone,True,"two reversible waves in MeCN, spacing 0.79-0.94 V (benzoquinones, tier A)",False,1163.634,2.0,46.1,6.3,neutral,0.0,66.0,False
D3TaLES,80OZXT,C=C1CCCC2C1(C)CCC(C)C2(C)CC1=CC(=O)C=C(NCC(O)c2cc(Br)c(OCCCNC(=O)C3=NOC4(CC(Br)=C(OC)C(Br)=CO4)C3O)c(Br)c2)C1=O,6.2,6.683,1.262,8.019,1.999,C=C1CCCC2C1(C)CCC(C)C2(C)CC1=CC(=O)C=C(NCC(O)c2cc(Br)c(OCCCNC(=O)C3=NOC4(CC(Br)=C(OC)C(Br)=CO4)C3O)c(Br)c2)C1=O,p-quinone,False,unassigned stereo,C=C1CCCC2C1(C)CCC(C)C2(C)CC1=CC(=O)C=C(N(Cc2ccc(C)cc2)CC(O)c2cc(Br)c(OCCCNC(=O)C3=NOC4(CC(Br)=C(OC)C(Br)=CO4)C3O)c(Br)c2)C1=O,N-benzyl (amine N-H),p-quinone,True,"two reversible waves in MeCN, spacing 0.79-0.94 V (benzoquinones, tier A)",False,1163.634,2.0,46.1,6.33,neutral,0.0,66.0,False
D3TaLES,80DQOI,COC(=O)C1=C(C(=O)OC)C(=C(C(=O)OC)c2nc(OC)c(OC)cc2C(=O)OC)N=C(OC)C(OC)=C1,3.56,6.531,1.703,7.552,0.898,COC(=O)C1=C(C(=O)OC)C(=C(C(=O)OC)c2nc(OC)c(OC)cc2C(=O)OC)N=C(OC)C(OC)=C1,,False,unassigned stereo,COC(=O)C1=C(C(=O)OC)C(=C(C(=O)OC)c2c(C(=O)OC)cc(OC)c(OC)[n+]2Cc2ccc(C)cc2)N=C(OC)C(OC)=C1,N-benzyl pyridinium (Menshutkin),pyridinium,False,single reduction; parent reported irreversible,False,639.634,1.0,41.9,3.81,inherently-charged (azinium; no neutral form),1.0,46.0,False
D3TaLES,80AQHS,COCCn1c2nc(=O)n(CCN3C(=O)C4(C)CC(C)(C(=O)O)CC(C)(C4)C3=O)c(=O)c-2nc2cc(C)c(C)cc21,4.81,3.922,0.2435,7.742,1.803,COCCn1c2nc(=O)n(CCN3C(=O)C4(C)CC(C)(C(=O)O)CC(C)(C4)C3=O)c(=O)c-2nc2cc(C)c(C)cc21,,False,unassigned stereo,COCCn1c2[n+](Cc3ccc(C)cc3)c(=O)n(CCN3C(=O)C4(C)CC(C)(C(=O)O)CC(C)(C4)C3=O)c(=O)c-2nc2cc(C)c(C)cc21,N-benzyl pyridinium (Menshutkin),pyridinium,False,single reduction; parent reported irreversible,False,670.787,1.0,40.0,5.1,inherently-charged (azinium; no neutral form),1.0,49.0,False
D3TaLES,80AQHS,COCCn1c2nc(=O)n(CCN3C(=O)C4(C)CC(C)(C(=O)O)CC(C)(C4)C3=O)c(=O)c-2nc2cc(C)c(C)cc21,4.81,3.922,0.2435,7.742,1.803,COCCn1c2nc(=O)n(CCN3C(=O)C4(C)CC(C)(C(=O)O)CC(C)(C4)C3=O)c(=O)c-2nc2cc(C)c(C)cc21,,False,unassigned stereo,COCCn1c2nc(=O)n(CCN3C(=O)C4(C)CC(C)(C(=O)O)CC(C)(C4)C3=O)c(=O)c-2[n+](Cc2ccc(C)cc2)c2cc(C)c(C)cc21,N-benzyl pyridinium (Menshutkin),pyridinium,False,single reduction; parent reported irreversible,False,670.787,1.0,40.0,5.12,inherently-charged (azinium; no neutral form),1.0,49.0,False
D3TaLES,80DZZZ,CC(C)(C)OC(=O)NC1=CC(=O)c2c(O)cc(CC3(C)OCCO3)cc2C1=O,3.1,2.838,0.9046,8.523,1.741,CC(C)(C)OC(=O)NC1=CC(=O)c2c(O)cc(CC3(C)OCCO3)cc2C1=O,p-quinone,False,ok,Cc1ccc(COc2cc(CC3(C)OCCO3)cc3c2C(=O)C=C(NC(=O)OC(C)(C)C)C3=O)cc1,"O-benzyl ether (phenol/enol, Williamson)",p-quinone,True,"two reversible waves in MeCN, spacing 0.79-0.94 V (benzoquinones, tier A)",False,493.556,2.0,108.6,2.98,neutral,0.0,36.0,False
D3TaLES,80DXOA,COC1=CC(=O)C(c2ccc(N(C)C)cc2)=CC1=O,2.39,1.914,0.1795,7.893,0.861,COC1=CC(=O)C(c2ccc(N(C)C)cc2)=CC1=O,p-quinone,False,no graft handle,,,p-quinone,True,,,,,,,,,,False
D3TaLES,80QGAB,COC1=CC(=O)C(N(C)c2ccccc2)=CC1=O,2.57,1.798,0.4644,7.915,1.334,COC1=CC(=O)C(N(C)c2ccccc2)=CC1=O,p-quinone,False,no graft handle,,,p-quinone,True,,,,,,,,,,False
D3TaLES,80NRSA,Cc1c(C)c(=O)c2sc3sc(=O)sc3sc=2c1=O,4.03,4.49,0.9484,8.537,1.641,Cc1c(C)c(=O)c2sc3sc(=O)sc3sc=2c1=O,p-quinone,False,no graft handle,,,p-quinone,True,,,,,,,,,,False
D3TaLES,80AYXX,COC1=CC(=O)c2c(O)cc(OC)c(O)c2C1=O,2.53,2.159,0.6548,8.415,1.23,COC1=CC(=O)c2c(O)cc(OC)c(O)c2C1=O,p-quinone,False,ok,COC1=CC(=O)c2c(OCc3ccc(C)cc3)cc(OC)c(O)c2C1=O,"O-benzyl ether (phenol/enol, Williamson)",p-quinone,True,"two reversible waves in MeCN, spacing 0.79-0.94 V (benzoquinones, tier A)",False,354.358,2.0,151.3,2.36,neutral,0.0,26.0,False
D3TaLES,80AYXX,COC1=CC(=O)c2c(O)cc(OC)c(O)c2C1=O,2.53,2.159,0.6548,8.415,1.23,COC1=CC(=O)c2c(O)cc(OC)c(O)c2C1=O,p-quinone,False,ok,COC1=CC(=O)c2c(O)cc(OC)c(OCc3ccc(C)cc3)c2C1=O,"O-benzyl ether (phenol/enol, Williamson)",p-quinone,True,"two reversible waves in MeCN, spacing 0.79-0.94 V (benzoquinones, tier A)",False,354.358,2.0,151.3,2.39,neutral,0.0,26.0,False
D3TaLES,80ZYVZ,N#Cc1cc2c(cn1)C=CC(O)C2O,4.01,1.738,0.4898,7.112,1.936,N#Cc1cc2c(cn1)C=CC(O)C2O,,False,unassigned stereo,Cc1ccc(C[n+]2cc3c(cc2C#N)C(O)C(O)C=C3)cc1,N-benzyl pyridinium (Menshutkin),pyridinium,False,single reduction; parent reported irreversible,False,293.346,1.0,91.4,4.0,inherently-charged (azinium; no neutral form),1.0,22.0,False
D3TaLES,80FZJL,N#Cc1ccc2c(n1)C(O)C(O)C=C2,4.05,,0.2926,,2.291,N#Cc1ccc2c(n1)C(O)C(O)C=C2,,False,unassigned stereo,Cc1ccc(C[n+]2c(C#N)ccc3c2C(O)C(O)C=C3)cc1,N-benzyl pyridinium (Menshutkin),pyridinium,False,single reduction; parent reported irreversible,False,293.346,1.0,91.4,3.96,inherently-charged (azinium; no neutral form),1.0,22.0,False
D3TaLES,80RHPU,COC(=O)C1=C(N)C(=O)c2cc(OC)ccc2C1=O,2.35,2.725,1.264,7.972,2.676,COC(=O)C1=C(N)C(=O)c2cc(OC)ccc2C1=O,p-quinone,False,ok,COC(=O)C1=C(NCc2ccc(C)cc2)C(=O)c2cc(OC)ccc2C1=O,N-benzyl (amine N-H),p-quinone,True,"two reversible waves in MeCN, spacing 0.79-0.94 V (benzoquinones, tier A)",False,365.385,2.0,146.7,2.3,neutral,0.0,27.0,False
D3TaLES,80XAII,COC1=CC(=O)c2ccccc2C1=O,2.01,1.126,0.4266,7.962,2.259,COC1=CC(=O)c2ccccc2C1=O,p-quinone,True,no graft handle,,,p-quinone,True,,,,,,,,,,True
D3TaLES,80UBOU,Cc1cc(O)c2c(c1)C(=O)C=C(Br)C2=O,2.51,1.748,0.3717,7.714,2.104,Cc1cc(O)c2c(c1)C(=O)C=C(Br)C2=O,p-quinone,False,ok,Cc1ccc(COc2cc(C)cc3c2C(=O)C(Br)=CC3=O)cc1,"O-benzyl ether (phenol/enol, Williamson)",p-quinone,True,"two reversible waves in MeCN, spacing 0.79-0.94 V (benzoquinones, tier A)",False,371.23,2.0,144.4,2.24,neutral,0.0,23.0,False
D3TaLES,80UPDL,[O]N1C=CN([O])c2ccccc21,3.47,0.8485,0.3134,7.35,1.234,[O]N1C=CN([O])c2ccccc21,nitroxide,False,no graft handle,,,nitroxide,False,,,,,,,,,,True
D3TaLES,80CODF,CC1=C(C)N([O])c2ccccc2N1[O],3.25,0.9039,0.2374,7.051,1.094,CC1=C(C)N([O])c2ccccc2N1[O],nitroxide,False,no graft handle,,,nitroxide,False,,,,,,,,,,True
D3TaLES,80ZLOZ,CC(=O)Oc1cc2c3c(c1C)C(=O)C(=O)C(C)=C3OCC2C,3.61,1.773,0.5728,7.845,1.521,CC(=O)Oc1cc2c3c(c1C)C(=O)C(=O)C(C)=C3OCC2C,o-quinone,False,no graft handle,,,o-quinone,True,,,,,,,,,,False
D3TaLES,80APEK,CC1=C(CO[N+](=O)[O-])C(=O)c2ccccc2C1=O,2.51,2.846,1.51,8.157,2.674,CC1=C(CO[N+](=O)[O-])C(=O)c2ccccc2C1=O,p-quinone,False,no graft handle,,,p-quinone,True,,,,,,,,,,False
D3TaLES,80CXTR,CC1=CC(=O)C2C3=C(CCC2(O)C1)C(=O)c1c(O)cccc1C3=O,3.94,2.562,1.39,8.145,2.325,CC1=CC(=O)C2C3=C(CCC2(O)C1)C(=O)c1c(O)cccc1C3=O,p-quinone,False,unassigned stereo,CC1=CC(=O)C2C3=C(CCC2(OCc2ccc(C)cc2)C1)C(=O)c1c(O)cccc1C3=O,"O-benzyl ether (phenol/enol, Williamson)",p-quinone,True,"two reversible waves in MeCN, spacing 0.79-0.94 V (benzoquinones, tier A)",False,428.484,2.0,125.1,3.86,neutral,0.0,32.0,False
D3TaLES,80CXTR,CC1=CC(=O)C2C3=C(CCC2(O)C1)C(=O)c1c(O)cccc1C3=O,3.94,2.562,1.39,8.145,2.325,CC1=CC(=O)C2C3=C(CCC2(O)C1)C(=O)c1c(O)cccc1C3=O,p-quinone,False,unassigned stereo,CC1=CC(=O)C2C3=C(CCC2(O)C1)C(=O)c1c(OCc2ccc(C)cc2)cccc1C3=O,"O-benzyl ether (phenol/enol, Williamson)",p-quinone,True,"two reversible waves in MeCN, spacing 0.79-0.94 V (benzoquinones, tier A)",False,428.484,2.0,125.1,3.69,neutral,0.0,32.0,False
D3TaLES,80FNMX,CCCC(=O)OCC(OC(=O)CCC)C(OC(=O)CCC)C(Cn1c2nc(=O)[nH]c(=O)c-2nc2cc(C)c(C)cc21)OC(=O)CCC,4.29,4.453,0.7568,8.271,1.723,CCCC(=O)OCC(OC(=O)CCC)C(OC(=O)CCC)C(Cn1c2nc(=O)[nH]c(=O)c-2nc2cc(C)c(C)cc21)OC(=O)CCC,,False,unassigned stereo,CCCC(=O)OCC(OC(=O)CCC)C(OC(=O)CCC)C(Cn1c2[n+](Cc3ccc(C)cc3)c(=O)[nH]c(=O)c-2nc2cc(C)c(C)cc21)OC(=O)CCC,N-benzyl pyridinium (Menshutkin),pyridinium,False,single reduction; parent reported irreversible,False,761.893,1.0,35.2,4.65,inherently-charged (azinium; no neutral form),1.0,55.0,False
D3TaLES,80FNMX,CCCC(=O)OCC(OC(=O)CCC)C(OC(=O)CCC)C(Cn1c2nc(=O)[nH]c(=O)c-2nc2cc(C)c(C)cc21)OC(=O)CCC,4.29,4.453,0.7568,8.271,1.723,CCCC(=O)OCC(OC(=O)CCC)C(OC(=O)CCC)C(Cn1c2nc(=O)[nH]c(=O)c-2nc2cc(C)c(C)cc21)OC(=O)CCC,,False,unassigned stereo,CCCC(=O)OCC(OC(=O)CCC)C(OC(=O)CCC)C(Cn1c2nc(=O)[nH]c(=O)c-2[n+](Cc2ccc(C)cc2)c2cc(C)c(C)cc21)OC(=O)CCC,N-benzyl pyridinium (Menshutkin),pyridinium,False,single reduction; parent reported irreversible,False,761.893,1.0,35.2,4.64,inherently-charged (azinium; no neutral form),1.0,55.0,False
D3TaLES,80XZVF,CC1=C(O)C(=O)c2cc3c(c(O)c2C1=O)C(C)OC(C)C3,3.8,2.757,0.866,8.068,1.824,CC1=C(O)C(=O)c2cc3c(c(O)c2C1=O)C(C)OC(C)C3,p-quinone,False,unassigned stereo,CC1=C(OCc2ccc(C)cc2)C(=O)c2cc3c(c(O)c2C1=O)C(C)OC(C)C3,"O-benzyl ether (phenol/enol, Williamson)",p-quinone,True,"two reversible waves in MeCN, spacing 0.79-0.94 V (benzoquinones, tier A)",False,392.451,2.0,136.6,3.56,neutral,0.0,29.0,False
D3TaLES,80XZVF,CC1=C(O)C(=O)c2cc3c(c(O)c2C1=O)C(C)OC(C)C3,3.8,2.757,0.866,8.068,1.824,CC1=C(O)C(=O)c2cc3c(c(O)c2C1=O)C(C)OC(C)C3,p-quinone,False,unassigned stereo,CC1=C(O)C(=O)c2cc3c(c(OCc4ccc(C)cc4)c2C1=O)C(C)OC(C)C3,"O-benzyl ether (phenol/enol, Williamson)",p-quinone,True,"two reversible waves in MeCN, spacing 0.79-0.94 V (benzoquinones, tier A)",False,392.451,2.0,136.6,3.58,neutral,0.0,29.0,False
D3TaLES,80ZOZN,CC1(C)OC2=C(C(=O)C(=O)c3ccccc32)C1N=[N+]=[N-],3.65,2.212,0.4431,7.989,2.158,CC1(C)OC2=C(C(=O)C(=O)c3ccccc32)C1N=[N+]=[N-],o-quinone,False,no graft handle,,,o-quinone,True,,,,,,,,,,False
D3TaLES,80SOBN,CC1=Cc2cccc(C)c2C(=O)C1=O,2.43,0.8562,1.287,8.01,2.521,CC1=Cc2cccc(C)c2C(=O)C1=O,o-quinone,False,no graft handle,,,o-quinone,True,,,,,,,,,,True
D3TaLES,80ESZD,O=c1ccc(=O)c2c(=O)c3ccccc3c(=O)c1=2,2.72,2.858,1.144,8.959,2.77,O=c1ccc(=O)c2c(=O)c3ccccc3c(=O)c1=2,p-quinone,False,no graft handle,,,p-quinone,True,,,,,,,,,,False
D3TaLES,80XNNS,C#CCOC1=CC(=O)c2ccccc2C1=O,2.5,1.192,0.6615,7.993,2.498,C#CCOC1=CC(=O)c2ccccc2C1=O,p-quinone,False,no graft handle,,,p-quinone,True,,,,,,,,,,True
D3TaLES,80EBWA,CCNC1=C(C)C(=O)c2ccccc2C1=O,2.19,0.5887,0.4512,7.741,1.267,CCNC1=C(C)C(=O)c2ccccc2C1=O,p-quinone,False,ok,CCN(Cc1ccc(C)cc1)C1=C(C)C(=O)c2ccccc2C1=O,N-benzyl (amine N-H),p-quinone,True,"two reversible waves in MeCN, spacing 0.79-0.94 V (benzoquinones, tier A)",False,319.404,2.0,167.8,2.26,neutral,0.0,24.0,True
D3TaLES,80BCVE,CCCCCNC1=C(C)C(=O)c2ccccc2C1=O,2.13,1.853,0.4495,7.661,1.261,CCCCCNC1=C(C)C(=O)c2ccccc2C1=O,p-quinone,False,ok,CCCCCN(Cc1ccc(C)cc1)C1=C(C)C(=O)c2ccccc2C1=O,N-benzyl (amine N-H),p-quinone,True,"two reversible waves in MeCN, spacing 0.79-0.94 V (benzoquinones, tier A)",False,361.485,2.0,148.3,2.31,neutral,0.0,27.0,False
D3TaLES,80JRKF,CCCCCCNC1=C(C)C(=O)c2ccccc2C1=O,2.13,1.832,0.3386,7.557,1.222,CCCCCCNC1=C(C)C(=O)c2ccccc2C1=O,p-quinone,False,ok,CCCCCCN(Cc1ccc(C)cc1)C1=C(C)C(=O)c2ccccc2C1=O,N-benzyl (amine N-H),p-quinone,True,"two reversible waves in MeCN, spacing 0.79-0.94 V (benzoquinones, tier A)",False,375.512,2.0,142.7,2.33,neutral,0.0,28.0,False
D3TaLES,80FVZE,Cc1cc2c(cc1O)C(=O)C=C(NC(=O)OC(C)(C)C)C2=O,2.59,1.913,1.105,8.279,2.163,Cc1cc2c(cc1O)C(=O)C=C(NC(=O)OC(C)(C)C)C2=O,p-quinone,False,ok,Cc1ccc(COc2cc3c(cc2C)C(=O)C(NC(=O)OC(C)(C)C)=CC3=O)cc1,"O-benzyl ether (phenol/enol, Williamson)",p-quinone,True,"two reversible waves in MeCN, spacing 0.79-0.94 V (benzoquinones, tier A)",False,407.466,2.0,131.6,2.45,neutral,0.0,30.0,False
D3TaLES,80VGLK,COc1cc(O)c2c(c1)C(=O)C1=C(CC3OC(C)(C)OC3(C)C1)C2=O,3.94,0.492,0.3357,8.081,1.794,COc1cc(O)c2c(c1)C(=O)C1=C(CC3OC(C)(C)OC3(C)C1)C2=O,p-quinone,False,unassigned stereo,COc1cc(OCc2ccc(C)cc2)c2c(c1)C(=O)C1=C(CC3OC(C)(C)OC3(C)C1)C2=O,"O-benzyl ether (phenol/enol, Williamson)",p-quinone,True,"two reversible waves in MeCN, spacing 0.79-0.94 V (benzoquinones, tier A)",False,448.515,2.0,119.5,3.72,neutral,0.0,33.0,True
D3TaLES,80INIW,O=c1c(Br)c2oc3c(Br)c(Br)c(Br)c(Br)c3oc-2c(Br)c1=O,3.56,1.76,0.4773,8.691,2.318,O=c1c(Br)c2oc3c(Br)c(Br)c(Br)c(Br)c3oc-2c(Br)c1=O,o-quinone,False,no graft handle,,,o-quinone,True,,,,,,,,,,False
D3TaLES,80XWME,O=C1C(Cl)=C(Cl)C(=O)C(NC2=C(Cl)C(=O)c3ccccc3C2=O)=C1Cl,2.86,0.4204,0.4062,8.69,1.893,O=C1C(Cl)=C(Cl)C(=O)C(NC2=C(Cl)C(=O)c3ccccc3C2=O)=C1Cl,p-quinone,False,ok,Cc1ccc(CN(C2=C(Cl)C(=O)C(Cl)=C(Cl)C2=O)C2=C(Cl)C(=O)c3ccccc3C2=O)cc1,N-benzyl (amine N-H),p-quinone,True,"two reversible waves in MeCN, spacing 0.79-0.94 V (benzoquinones, tier A)",False,521.183,2.0,102.8,2.95,neutral,0.0,33.0,True
D3TaLES,80YWEY,CC1=C(C)C(=O)C(C(C)(C)CC(=O)N(C)c2ccc(CO)cc2)=C(C)C1=O,2.83,,0.8464,,1.371,CC1=C(C)C(=O)C(C(C)(C)CC(=O)N(C)c2ccc(CO)cc2)=C(C)C1=O,p-quinone,False,ok,CC1=C(C)C(=O)C(C(C)(C)CC(=O)N(C)c2ccc(COCc3ccc(C)cc3)cc2)=C(C)C1=O,"O-benzyl ether (phenol/enol, Williamson)",p-quinone,True,"two reversible waves in MeCN, spacing 0.79-0.94 V (benzoquinones, tier A)",False,473.613,2.0,113.2,2.78,neutral,0.0,35.0,False
D3TaLES,80GZPS,COC1OC(C)CC2=C1C(=O)c1c(O)cc(O)cc1C2=O,3.77,,0.4623,,2.005,COC1OC(C)CC2=C1C(=O)c1c(O)cc(O)cc1C2=O,p-quinone,False,unassigned stereo,COC1OC(C)CC2=C1C(=O)c1c(OCc3ccc(C)cc3)cc(O)cc1C2=O,"O-benzyl ether (phenol/enol, Williamson)",p-quinone,True,"two reversible waves in MeCN, spacing 0.79-0.94 V (benzoquinones, tier A)",False,394.423,2.0,135.9,3.51,neutral,0.0,29.0,False
D3TaLES,80GZPS,COC1OC(C)CC2=C1C(=O)c1c(O)cc(O)cc1C2=O,3.77,,0.4623,,2.005,COC1OC(C)CC2=C1C(=O)c1c(O)cc(O)cc1C2=O,p-quinone,False,unassigned stereo,COC1OC(C)CC2=C1C(=O)c1c(O)cc(OCc3ccc(C)cc3)cc1C2=O,"O-benzyl ether (phenol/enol, Williamson)",p-quinone,True,"two reversible waves in MeCN, spacing 0.79-0.94 V (benzoquinones, tier A)",False,394.423,2.0,135.9,3.47,neutral,0.0,29.0,False
D3TaLES,80DWCE,CC1=C(C(F)(F)C(F)(F)F)C(=O)c2ccccc2C1=O,2.61,1.775,,8.271,3.246,CC1=C(C(F)(F)C(F)(F)F)C(=O)c2ccccc2C1=O,p-quinone,False,no graft handle,,,p-quinone,True,,,,,,,,,,False
D3TaLES,80XRMK,CCCNC1=C(C)C(=O)c2ccccc2C1=O,2.14,1.733,0.3495,7.78,1.277,CCCNC1=C(C)C(=O)c2ccccc2C1=O,p-quinone,False,ok,CCCN(Cc1ccc(C)cc1)C1=C(C)C(=O)c2ccccc2C1=O,N-benzyl (amine N-H),p-quinone,True,"two reversible waves in MeCN, spacing 0.79-0.94 V (benzoquinones, tier A)",False,333.431,2.0,160.8,2.28,neutral,0.0,25.0,False
D3TaLES,80YBKW,CC1(C)OC2=C(CC1O)C(=O)C(=O)c1ccccc12,3.25,,,,,CC1(C)OC2=C(CC1O)C(=O)C(=O)c1ccccc12,o-quinone,False,unassigned stereo,Cc1ccc(COC2CC3=C(OC2(C)C)c2ccccc2C(=O)C3=O)cc1,"O-benzyl ether (phenol/enol, Williamson)",o-quinone,True,"two quasi-reversible waves, spacing 0.41 V (1,2-naphthoquinone, tier A)",False,362.425,2.0,147.9,3.13,neutral,0.0,27.0,False
D3TaLES,80NYOC,C#CC1(O)CCC2C3CCC4=Cc5onc(C(=O)OCC)c5CC4(C)C3CCC21C,4.7,,0.3901,,1.467,C#CC1(O)CCC2C3CCC4=Cc5onc(C(=O)OCC)c5CC4(C)C3CCC21C,,False,unassigned stereo,C#CC1(O)CCC2C3CCC4=Cc5o[n+](Cc6ccc(C)cc6)c(C(=O)OCC)c5CC4(C)C3CCC21C,N-benzyl pyridinium (Menshutkin),pyridinium,False,single reduction; parent reported irreversible,False,514.686,1.0,52.1,4.89,inherently-charged (azinium; no neutral form),1.0,38.0,False
D3TaLES,80WNPY,COc1cc(OC)c(C2=CC(=O)C=C(C)C2=O)cc1OC,2.41,2.151,0.5402,8.092,0.893,COc1cc(OC)c(C2=CC(=O)C=C(C)C2=O)cc1OC,p-quinone,False,no graft handle,,,p-quinone,True,,,,,,,,,,False
D3TaLES,80DPQQ,CC(C)(C)C1=CC(=O)C(=O)C(c2c(Cl)cccc2Cl)=C1,2.69,1.758,1.357,8.338,2.441,CC(C)(C)C1=CC(=O)C(=O)C(c2c(Cl)cccc2Cl)=C1,o-quinone,False,no graft handle,,,o-quinone,True,,,,,,,,,,False
D3TaLES,80UYSA,CC(C)(C)C1=CC(c2c(Cl)cccc2Cl)=CC(=O)C1=O,2.68,1.662,1.052,8.377,2.654,CC(C)(C)C1=CC(c2c(Cl)cccc2Cl)=CC(=O)C1=O,o-quinone,False,no graft handle,,,o-quinone,True,,,,,,,,,,False
D3TaLES,80VPEP,CCCC1C2=C(OC(O)C1CC)C(=O)c1ccccc1C2=O,3.83,2.101,0.8741,7.864,2.255,CCCC1C2=C(OC(O)C1CC)C(=O)c1ccccc1C2=O,p-quinone,False,unassigned stereo,CCCC1C2=C(OC(OCc3ccc(C)cc3)C1CC)C(=O)c1ccccc1C2=O,"O-benzyl ether (phenol/enol, Williamson)",p-quinone,True,"two reversible waves in MeCN, spacing 0.79-0.94 V (benzoquinones, tier A)",False,404.506,2.0,132.5,3.63,neutral,0.0,30.0,False
D3TaLES,80LCSY,COc1cc2c(cc1OC)C(=O)C=CC2=O,2.14,0.4878,0.4188,7.975,1.555,COc1cc2c(cc1OC)C(=O)C=CC2=O,p-quinone,False,no graft handle,,,p-quinone,True,,,,,,,,,,True
D3TaLES,80GZDK,CC1=C(Br)C(=O)c2ccccc2C1=O,2.13,0.5061,0.5791,8.173,2.872,CC1=C(Br)C(=O)c2ccccc2C1=O,p-quinone,False,no graft handle,,,p-quinone,True,,,,,,,,,,True
D3TaLES,80YNMQ,CCC1=C(C)C(=O)c2ccccc2C1=O,2.13,1.126,0.4271,7.926,2.371,CCC1=C(C)C(=O)c2ccccc2C1=O,p-quinone,False,no graft handle,,,p-quinone,True,,,,,,,,,,True
D3TaLES,80FHTC,CNC1=C(C)C(=O)c2ccccc2C1=O,2.21,,0.2998,,1.221,CNC1=C(C)C(=O)c2ccccc2C1=O,p-quinone,False,ok,CC1=C(N(C)Cc2ccc(C)cc2)C(=O)c2ccccc2C1=O,N-benzyl (amine N-H),p-quinone,True,"two reversible waves in MeCN, spacing 0.79-0.94 V (benzoquinones, tier A)",False,305.377,2.0,175.5,2.21,neutral,0.0,23.0,False
D3TaLES,80HKKI,O=C1C2=C(C(=O)c3ccccc31)C1CC2C2OC12,4.47,1.362,0.9213,8.054,2.936,O=C1C2=C(C(=O)c3ccccc31)C1CC2C2OC12,p-quinone,False,no graft handle,,,p-quinone,True,,,,,,,,,,True
D3TaLES,80BWEW,O=C1C(O)=C(C2CCCCC2)C(=O)c2ccccc21,2.22,1.982,0.6201,8.264,2.143,O=C1C(O)=C(C2CCCCC2)C(=O)c2ccccc21,p-quinone,False,ok,Cc1ccc(COC2=C(C3CCCCC3)C(=O)c3ccccc3C2=O)cc1,"O-benzyl ether (phenol/enol, Williamson)",p-quinone,True,"two reversible waves in MeCN, spacing 0.79-0.94 V (benzoquinones, tier A)",False,360.453,2.0,148.7,2.27,neutral,0.0,27.0,False
D3TaLES,80WNQM,CC(C)(C)C1CCC(C2=C(O)C(=O)c3ccccc3C2=O)CC1,2.45,3.008,0.5905,8.066,2.121,CC(C)(C)C1CCC(C2=C(O)C(=O)c3ccccc3C2=O)CC1,p-quinone,False,unassigned stereo,Cc1ccc(COC2=C(C3CCC(C(C)(C)C)CC3)C(=O)c3ccccc3C2=O)cc1,"O-benzyl ether (phenol/enol, Williamson)",p-quinone,True,"two reversible waves in MeCN, spacing 0.79-0.94 V (benzoquinones, tier A)",False,416.561,2.0,128.7,2.5,neutral,0.0,31.0,False
D3TaLES,80YETI,CC1(C)CCC2=C(O1)C(=O)c1ccccc1C2=O,2.54,0.5049,0.6184,7.803,2.026,CC1(C)CCC2=C(O1)C(=O)c1ccccc1C2=O,p-quinone,False,no graft handle,,,p-quinone,True,,,,,,,,,,True
D3TaLES,80UAXC,CC1(C)C=CC2=C(O1)C(=O)c1ccccc1C2=O,2.62,1.237,0.5309,7.956,1.587,CC1(C)C=CC2=C(O1)C(=O)c1ccccc1C2=O,p-quinone,False,no graft handle,,,p-quinone,True,,,,,,,,,,True
D3TaLES,80EXSO,C=C(C)C1OC2=C(C(=O)c3ccccc3C2=O)C1O,3.62,0.6465,0.622,8.114,2.307,C=C(C)C1OC2=C(C(=O)c3ccccc3C2=O)C1O,p-quinone,False,unassigned stereo,C=C(C)C1OC2=C(C(=O)c3ccccc3C2=O)C1OCc1ccc(C)cc1,"O-benzyl ether (phenol/enol, Williamson)",p-quinone,True,"two reversible waves in MeCN, spacing 0.79-0.94 V (benzoquinones, tier A)",False,360.409,2.0,148.7,3.41,neutral,0.0,27.0,True
D3TaLES,80IBUP,CC(O)(CO)C1CC2=C(O1)c1ccccc1C(=O)C2=O,3.74,0.5149,0.6824,7.896,1.816,CC(O)(CO)C1CC2=C(O1)c1ccccc1C(=O)C2=O,o-quinone,False,unassigned stereo,Cc1ccc(COC(C)(CO)C2CC3=C(O2)c2ccccc2C(=O)C3=O)cc1,"O-benzyl ether (phenol/enol, Williamson)",o-quinone,True,"two quasi-reversible waves, spacing 0.41 V (1,2-naphthoquinone, tier A)",False,378.424,2.0,141.6,3.7,neutral,0.0,28.0,True
D3TaLES,80IBUP,CC(O)(CO)C1CC2=C(O1)c1ccccc1C(=O)C2=O,3.74,0.5149,0.6824,7.896,1.816,CC(O)(CO)C1CC2=C(O1)c1ccccc1C(=O)C2=O,o-quinone,False,unassigned stereo,Cc1ccc(COCC(C)(O)C2CC3=C(O2)c2ccccc2C(=O)C3=O)cc1,"O-benzyl ether (phenol/enol, Williamson)",o-quinone,True,"two quasi-reversible waves, spacing 0.41 V (1,2-naphthoquinone, tier A)",False,378.424,2.0,141.6,3.57,neutral,0.0,28.0,True
D3TaLES,80PPEX,CC(O)(CO)C1CC2=C(O1)C(=O)c1ccccc1C2=O,3.61,0.6314,0.9495,8.212,1.925,CC(O)(CO)C1CC2=C(O1)C(=O)c1ccccc1C2=O,p-quinone,False,unassigned stereo,Cc1ccc(COC(C)(CO)C2CC3=C(O2)C(=O)c2ccccc2C3=O)cc1,"O-benzyl ether (phenol/enol, Williamson)",p-quinone,True,"two reversible waves in MeCN, spacing 0.79-0.94 V (benzoquinones, tier A)",False,378.424,2.0,141.6,3.62,neutral,0.0,28.0,True
D3TaLES,80PPEX,CC(O)(CO)C1CC2=C(O1)C(=O)c1ccccc1C2=O,3.61,0.6314,0.9495,8.212,1.925,CC(O)(CO)C1CC2=C(O1)C(=O)c1ccccc1C2=O,p-quinone,False,unassigned stereo,Cc1ccc(COCC(C)(O)C2CC3=C(O2)C(=O)c2ccccc2C3=O)cc1,"O-benzyl ether (phenol/enol, Williamson)",p-quinone,True,"two reversible waves in MeCN, spacing 0.79-0.94 V (benzoquinones, tier A)",False,378.424,2.0,141.6,3.48,neutral,0.0,28.0,True
D3TaLES,80GKVH,CC(C)=CC1=C(O)C(=O)c2ccccc2C1=O,2.49,0.4671,0.475,8.018,1.851,CC(C)=CC1=C(O)C(=O)c2ccccc2C1=O,p-quinone,False,ok,CC(C)=CC1=C(OCc2ccc(C)cc2)C(=O)c2ccccc2C1=O,"O-benzyl ether (phenol/enol, Williamson)",p-quinone,True,"two reversible waves in MeCN, spacing 0.79-0.94 V (benzoquinones, tier A)",False,332.399,2.0,161.3,2.41,neutral,0.0,25.0,True
D3TaLES,80ODGW,CN(C)c1ccc(C(Cl)=CC2=C(Cl)C(=O)C(Cl)=C(Cl)C2=O)cc1,2.96,0.4536,0.2362,8.589,0.918,CN(C)c1ccc(C(Cl)=CC2=C(Cl)C(=O)C(Cl)=C(Cl)C2=O)cc1,p-quinone,False,no graft handle,,,p-quinone,True,,,,,,,,,,True
D3TaLES,80CSZQ,CC(C)N(c1ccc(C(Cl)=CC2=C(Cl)C(=O)C(Cl)=C(Cl)C2=O)cc1)C(C)C,3.2,3.233,0.2252,8.492,0.905,CC(C)N(c1ccc(C(Cl)=CC2=C(Cl)C(=O)C(Cl)=C(Cl)C2=O)cc1)C(C)C,p-quinone,False,no graft handle,,,p-quinone,True,,,,,,,,,,False
D3TaLES,80RMXP,CCN(C=CC1=C(Cl)C(=O)C(Cl)=C(C=C(Cl)c2ccc(N(C(C)C)C(C)C)cc2)C1=O)CC,3.64,4.135,0.5225,8.535,0.418,CCN(C=CC1=C(Cl)C(=O)C(Cl)=C(C=C(Cl)c2ccc(N(C(C)C)C(C)C)cc2)C1=O)CC,p-quinone,False,no graft handle,,,p-quinone,True,,,,,,,,,,False
D3TaLES,80PLJO,CC(C)N(c1ccc(C(Cl)=CC2=C(Cl)C(=O)C(Cl)=C(C=CN3CCCCC3)C2=O)cc1)C(C)C,3.53,6.3,0.5399,8.21,0.722,CC(C)N(c1ccc(C(Cl)=CC2=C(Cl)C(=O)C(Cl)=C(C=CN3CCCCC3)C2=O)cc1)C(C)C,p-quinone,False,no graft handle,,,p-quinone,True,,,,,,,,,,False
D3TaLES,80WFFR,Cc1cc(O)cc2c1C1=C(C(=O)C2=O)C(C)(C)C(C)O1,3.58,0.4626,0.3845,7.776,1.358,Cc1cc(O)cc2c1C1=C(C(=O)C2=O)C(C)(C)C(C)O1,o-quinone,False,unassigned stereo,Cc1ccc(COc2cc(C)c3c(c2)C(=O)C(=O)C2=C3OC(C)C2(C)C)cc1,"O-benzyl ether (phenol/enol, Williamson)",o-quinone,True,"two quasi-reversible waves, spacing 0.41 V (1,2-naphthoquinone, tier A)",False,376.452,2.0,142.4,3.21,neutral,0.0,28.0,True
D3TaLES,80HURN,CC1(C)C(=O)N(c2ccccc2)C2=CC(=O)C(=O)C=C21,2.77,0.5614,0.5243,8.148,2.135,CC1(C)C(=O)N(c2ccccc2)C2=CC(=O)C(=O)C=C21,o-quinone,False,no graft handle,,,o-quinone,True,,,,,,,,,,True
D3TaLES,80UMPT,O=C1C(Cl)=C(N2CCOCC2)C(=O)c2ccccc21,2.23,,,,,O=C1C(Cl)=C(N2CCOCC2)C(=O)c2ccccc21,p-quinone,False,no graft handle,,,p-quinone,True,,,,,,,,,,False
D3TaLES,80KHAK,CC(=O)Oc1cccc2c1C(=O)C1=C(C2=O)C2=C(CC(C)(C)C(OC(C)=O)C2=O)C(O)C1,4.11,4.122,1.594,8.155,1.958,CC(=O)Oc1cccc2c1C(=O)C1=C(C2=O)C2=C(CC(C)(C)C(OC(C)=O)C2=O)C(O)C1,p-quinone,False,unassigned stereo,CC(=O)Oc1cccc2c1C(=O)C1=C(C2=O)C2=C(CC(C)(C)C(OC(C)=O)C2=O)C(OCc2ccc(C)cc2)C1,"O-benzyl ether (phenol/enol, Williamson)",p-quinone,True,"two reversible waves in MeCN, spacing 0.79-0.94 V (benzoquinones, tier A)",False,542.584,2.0,98.8,4.05,neutral,0.0,40.0,False
D3TaLES,80CFDW,O=C1C(Cl)=C(N2CCCC2)C(=O)c2ccccc21,2.15,0.6203,0.466,7.986,1.196,O=C1C(Cl)=C(N2CCCC2)C(=O)c2ccccc21,p-quinone,False,no graft handle,,,p-quinone,True,,,,,,,,,,True
D3TaLES,80IXLE,COc1ccc(OC)c2c1C(=O)C(Cl)=C(Cl)C2=O,2.35,1.162,0.6325,8.12,1.667,COc1ccc(OC)c2c1C(=O)C(Cl)=C(Cl)C2=O,p-quinone,False,no graft handle,,,p-quinone,True,,,,,,,,,,True
D3TaLES,80VANH,CC(=O)CCC1=C(O)C(=O)c2ccccc2C1=O,2.38,2.311,1.852,7.642,1.84,CC(=O)CCC1=C(O)C(=O)c2ccccc2C1=O,p-quinone,False,ok,CC(=O)CCC1=C(OCc2ccc(C)cc2)C(=O)c2ccccc2C1=O,"O-benzyl ether (phenol/enol, Williamson)",p-quinone,True,"two reversible waves in MeCN, spacing 0.79-0.94 V (benzoquinones, tier A)",False,348.398,2.0,153.9,2.3,neutral,0.0,26.0,False
D3TaLES,80GYKO,CC1=C2OCC(C)c3ccc(C)c(c32)C(=O)C1=O,3.46,0.447,0.519,7.812,1.628,CC1=C2OCC(C)c3ccc(C)c(c32)C(=O)C1=O,o-quinone,False,no graft handle,,,o-quinone,True,,,,,,,,,,True
D3TaLES,80KRWL,CC(=O)OCC1OC(Oc2cccc3c2C(=O)C=CC3=O)C(OC(C)=O)C(OC(C)=O)C1OC(C)=O,4.04,3.739,0.8007,7.996,2.275,CC(=O)OCC1OC(Oc2cccc3c2C(=O)C=CC3=O)C(OC(C)=O)C(OC(C)=O)C1OC(C)=O,p-quinone,False,no graft handle,,,p-quinone,True,,,,,,,,,,False
D3TaLES,80YOZH,O=C1C(O)=CC(=O)c2c(O)c(Cl)cc(O)c21,2.81,2.728,0.7797,7.773,1.522,O=C1C(O)=CC(=O)c2c(O)c(Cl)cc(O)c21,p-quinone,False,ok,Cc1ccc(COC2=CC(=O)c3c(O)c(Cl)cc(O)c3C2=O)cc1,"O-benzyl ether (phenol/enol, Williamson)",p-quinone,True,"two reversible waves in MeCN, spacing 0.79-0.94 V (benzoquinones, tier A)",False,344.75,2.0,155.5,2.51,neutral,0.0,24.0,False
D3TaLES,80YOZH,O=C1C(O)=CC(=O)c2c(O)c(Cl)cc(O)c21,2.81,2.728,0.7797,7.773,1.522,O=C1C(O)=CC(=O)c2c(O)c(Cl)cc(O)c21,p-quinone,False,ok,Cc1ccc(COc2c(Cl)cc(O)c3c2C(=O)C=C(O)C3=O)cc1,"O-benzyl ether (phenol/enol, Williamson)",p-quinone,True,"two reversible waves in MeCN, spacing 0.79-0.94 V (benzoquinones, tier A)",False,344.75,2.0,155.5,2.48,neutral,0.0,24.0,False
D3TaLES,80YOZH,O=C1C(O)=CC(=O)c2c(O)c(Cl)cc(O)c21,2.81,2.728,0.7797,7.773,1.522,O=C1C(O)=CC(=O)c2c(O)c(Cl)cc(O)c21,p-quinone,False,ok,Cc1ccc(COc2cc(Cl)c(O)c3c2C(=O)C(O)=CC3=O)cc1,"O-benzyl ether (phenol/enol, Williamson)",p-quinone,True,"two reversible waves in MeCN, spacing 0.79-0.94 V (benzoquinones, tier A)",False,344.75,2.0,155.5,2.47,neutral,0.0,24.0,False
D3TaLES,80GBMG,CC(=O)Oc1cc(O)c2c(c1OC(C)=O)C(=O)C=C(Cl)C2=O,2.86,2.331,1.409,8.109,1.988,CC(=O)Oc1cc(O)c2c(c1OC(C)=O)C(=O)C=C(Cl)C2=O,p-quinone,False,ok,CC(=O)Oc1cc(OCc2ccc(C)cc2)c2c(c1OC(C)=O)C(=O)C=C(Cl)C2=O,"O-benzyl ether (phenol/enol, Williamson)",p-quinone,True,"two reversible waves in MeCN, spacing 0.79-0.94 V (benzoquinones, tier A)",False,428.824,2.0,125.0,2.68,neutral,0.0,30.0,False
D3TaLES,80XYGJ,CNC1=CC(=O)c2nc(C)c(C)cc2C1=O,2.88,1.866,0.3905,7.439,1.561,CNC1=CC(=O)c2nc(C)c(C)cc2C1=O,p-quinone,False,ok,Cc1ccc(CN(C)C2=CC(=O)c3nc(C)c(C)cc3C2=O)cc1,N-benzyl (amine N-H),p-quinone,True,"two reversible waves in MeCN, spacing 0.79-0.94 V (benzoquinones, tier A)",False,320.392,2.0,167.3,2.65,neutral,0.0,24.0,False
D3TaLES,80VNAB,CC(C)(C)C1=CC(=O)c2cc(OC3CCCCC3)ccc2C1=O,2.47,0.4757,,7.936,1.901,CC(C)(C)C1=CC(=O)c2cc(OC3CCCCC3)ccc2C1=O,p-quinone,False,no graft handle,,,p-quinone,True,,,,,,,,,,True
D3TaLES,80FUMV,CC(=O)C1=C(C)OC(N)=C(C#N)C1c1nccn1C,3.44,,,,,CC(=O)C1=C(C)OC(N)=C(C#N)C1c1nccn1C,,False,unassigned stereo,CC(=O)C1=C(C)OC(N)=C(C#N)C1c1n(C)cc[n+]1Cc1ccc(C)cc1,N-benzyl pyridinium (Menshutkin),pyridinium,False,single reduction; parent reported irreversible,False,363.441,1.0,73.7,3.6,inherently-charged (azinium; no neutral form),1.0,27.0,False
D3TaLES,80WZKV,CC(=O)c1cc(C)c(O)c(CC2=C(C)C(=O)C(O)=C(C)C2=O)c1O,2.97,0.6499,0.4363,7.936,1.476,CC(=O)c1cc(C)c(O)c(CC2=C(C)C(=O)C(O)=C(C)C2=O)c1O,p-quinone,False,ok,CC(=O)c1cc(C)c(OCc2ccc(C)cc2)c(CC2=C(C)C(=O)C(O)=C(C)C2=O)c1O,"O-benzyl ether (phenol/enol, Williamson)",p-quinone,True,"two reversible waves in MeCN, spacing 0.79-0.94 V (benzoquinones, tier A)",False,434.488,2.0,123.4,2.83,neutral,0.0,32.0,True
D3TaLES,80WZKV,CC(=O)c1cc(C)c(O)c(CC2=C(C)C(=O)C(O)=C(C)C2=O)c1O,2.97,0.6499,0.4363,7.936,1.476,CC(=O)c1cc(C)c(O)c(CC2=C(C)C(=O)C(O)=C(C)C2=O)c1O,p-quinone,False,ok,CC(=O)c1cc(C)c(O)c(CC2=C(C)C(=O)C(OCc3ccc(C)cc3)=C(C)C2=O)c1O,"O-benzyl ether (phenol/enol, Williamson)",p-quinone,True,"two reversible waves in MeCN, spacing 0.79-0.94 V (benzoquinones, tier A)",False,434.488,2.0,123.4,2.83,neutral,0.0,32.0,True
D3TaLES,80WZKV,CC(=O)c1cc(C)c(O)c(CC2=C(C)C(=O)C(O)=C(C)C2=O)c1O,2.97,0.6499,0.4363,7.936,1.476,CC(=O)c1cc(C)c(O)c(CC2=C(C)C(=O)C(O)=C(C)C2=O)c1O,p-quinone,False,ok,CC(=O)c1cc(C)c(O)c(CC2=C(C)C(=O)C(O)=C(C)C2=O)c1OCc1ccc(C)cc1,"O-benzyl ether (phenol/enol, Williamson)",p-quinone,True,"two reversible waves in MeCN, spacing 0.79-0.94 V (benzoquinones, tier A)",False,434.488,2.0,123.4,2.86,neutral,0.0,32.0,True
D3TaLES,80NJMF,COc1cc(OS(=O)(=O)C(F)(F)F)cc2c1C(=O)C1=C(C2=O)C(C)OC2CC(=O)OC12,4.14,2.493,0.4679,8.616,2.321,COc1cc(OS(=O)(=O)C(F)(F)F)cc2c1C(=O)C1=C(C2=O)C(C)OC2CC(=O)OC12,p-quinone,False,no graft handle,,,p-quinone,True,,,,,,,,,,False
D3TaLES,80RXYL,C#CC1(O)CCC2C3CCC4=Cc5oncc5CC4(C)C3CCC21C,4.69,4.331,0.3452,5.913,1.364,C#CC1(O)CCC2C3CCC4=Cc5oncc5CC4(C)C3CCC21C,,False,unassigned stereo,C#CC1(O)CCC2C3CCC4=Cc5o[n+](Cc6ccc(C)cc6)cc5CC4(C)C3CCC21C,N-benzyl pyridinium (Menshutkin),pyridinium,False,single reduction; parent reported irreversible,False,442.623,1.0,60.6,4.84,inherently-charged (azinium; no neutral form),1.0,33.0,False
D3TaLES,80XVHF,CNC1=CC(=O)C(=O)c2cc(C)c(C)nc21,2.87,1.69,0.3983,7.637,1.493,CNC1=CC(=O)C(=O)c2cc(C)c(C)nc21,o-quinone,False,ok,Cc1ccc(CN(C)C2=CC(=O)C(=O)c3cc(C)c(C)nc32)cc1,N-benzyl (amine N-H),o-quinone,True,"two quasi-reversible waves, spacing 0.41 V (1,2-naphthoquinone, tier A)",False,320.392,2.0,167.3,2.67,neutral,0.0,24.0,False
D3TaLES,80JMLE,O=C1C=CC(=O)c2cc(OC3CCCCC3)ccc21,2.26,1.415,0.3524,7.995,1.927,O=C1C=CC(=O)c2cc(OC3CCCCC3)ccc21,p-quinone,False,no graft handle,,,p-quinone,True,,,,,,,,,,True
D3TaLES,80LJUN,CC1=C(C)C2(C)OC3=C(C(=O)c4ccccc4C3=O)C2(C)C1C,4.09,2.26,0.4044,7.906,1.852,CC1=C(C)C2(C)OC3=C(C(=O)c4ccccc4C3=O)C2(C)C1C,p-quinone,False,no graft handle,,,p-quinone,True,,,,,,,,,,False
D3TaLES,80GXWG,CC1=C(CO)C(=O)c2ccc(C)cc2C1=O,2.34,1.558,1.612,8.081,2.541,CC1=C(CO)C(=O)c2ccc(C)cc2C1=O,p-quinone,False,ok,CC1=C(COCc2ccc(C)cc2)C(=O)c2ccc(C)cc2C1=O,"O-benzyl ether (phenol/enol, Williamson)",p-quinone,True,"two reversible waves in MeCN, spacing 0.79-0.94 V (benzoquinones, tier A)",False,320.388,2.0,167.3,2.22,neutral,0.0,24.0,False
D3TaLES,80EEOZ,CC1=C(CCCO)C(=O)c2ccc(C)cc2C1=O,2.31,1.411,,7.873,3.301,CC1=C(CCCO)C(=O)c2ccc(C)cc2C1=O,p-quinone,False,ok,CC1=C(CCCOCc2ccc(C)cc2)C(=O)c2ccc(C)cc2C1=O,"O-benzyl ether (phenol/enol, Williamson)",p-quinone,True,"two reversible waves in MeCN, spacing 0.79-0.94 V (benzoquinones, tier A)",False,348.442,2.0,153.8,2.25,neutral,0.0,26.0,True
D3TaLES,80TBWR,CC1=C(CCO)C(=O)c2occc2C1=O,3.02,0.6437,0.6343,8.249,2.225,CC1=C(CCO)C(=O)c2occc2C1=O,p-quinone,False,ok,CC1=C(CCOCc2ccc(C)cc2)C(=O)c2occc2C1=O,"O-benzyl ether (phenol/enol, Williamson)",p-quinone,True,"two reversible waves in MeCN, spacing 0.79-0.94 V (benzoquinones, tier A)",False,310.349,2.0,172.7,2.65,neutral,0.0,23.0,True
D3TaLES,80JGCG,CCCNC1=C([N+](=O)[O-])C(=O)c2ccccc2C1=O,2.51,2.151,0.2621,8.071,2.018,CCCNC1=C([N+](=O)[O-])C(=O)c2ccccc2C1=O,p-quinone,False,ok,CCCN(Cc1ccc(C)cc1)C1=C([N+](=O)[O-])C(=O)c2ccccc2C1=O,N-benzyl (amine N-H),p-quinone,True,"two reversible waves in MeCN, spacing 0.79-0.94 V (benzoquinones, tier A)",False,364.401,2.0,147.1,2.51,neutral,0.0,27.0,False
D3TaLES,80XFJX,O=C1C=CC(=O)c2c([N+](=O)[O-])ccc(O)c21,2.54,2.839,1.216,7.795,2.581,O=C1C=CC(=O)c2c([N+](=O)[O-])ccc(O)c21,p-quinone,False,ok,Cc1ccc(COc2ccc([N+](=O)[O-])c3c2C(=O)C=CC3=O)cc1,"O-benzyl ether (phenol/enol, Williamson)",p-quinone,True,"two reversible waves in MeCN, spacing 0.79-0.94 V (benzoquinones, tier A)",False,323.304,2.0,165.8,2.31,neutral,0.0,24.0,False
D3TaLES,80SEZI,COC1=CC(OC)=NC(N2C(=O)c3ccccc3C2=O)C(C)=C1,3.44,2.143,0.8325,7.25,1.391,COC1=CC(OC)=NC(N2C(=O)c3ccccc3C2=O)C(C)=C1,mono-imide,False,no graft handle,,,mono-imide,False,,,,,,,,,,False
D3TaLES,80HCIO,CCCn1c(O)c2c(=O)[nH]c(=O)c(C#N)c-2c2ccccc21,2.68,3.848,0.3437,7.253,1.565,CCCn1c(O)c2c(=O)[nH]c(=O)c(C#N)c-2c2ccccc21,mono-imide,False,1e- family,CCCn1c(OCc2ccc(C)cc2)c2c(=O)[nH]c(=O)c(C#N)c-2c2ccccc21,"O-benzyl ether (phenol/enol, Williamson)",mono-imide,False,"single reversible wave only (N-alkyl phthalimides, Daub 2021)",False,399.45,1.0,67.1,2.67,neutral,0.0,30.0,False
D3TaLES,80HCIO,CCCn1c(O)c2c(=O)[nH]c(=O)c(C#N)c-2c2ccccc21,2.68,3.848,0.3437,7.253,1.565,CCCn1c(O)c2c(=O)[nH]c(=O)c(C#N)c-2c2ccccc21,mono-imide,False,1e- family,CCCn1c(O)c2c(=O)n(Cc3ccc(C)cc3)c(=O)c(C#N)c-2c2ccccc21,N-benzyl (imide N-H),mono-imide,False,"single reversible wave only (N-alkyl phthalimides, Daub 2021)",False,399.45,1.0,67.1,2.53,neutral,0.0,30.0,False
D3TaLES,80LLTS,CC1=C(O)C(=O)c2c(O)cccc2C1=O,2.38,2.174,0.2349,7.527,2.08,CC1=C(O)C(=O)c2c(O)cccc2C1=O,p-quinone,False,ok,CC1=C(OCc2ccc(C)cc2)C(=O)c2c(O)cccc2C1=O,"O-benzyl ether (phenol/enol, Williamson)",p-quinone,True,"two reversible waves in MeCN, spacing 0.79-0.94 V (benzoquinones, tier A)",False,308.333,2.0,173.8,2.23,neutral,0.0,23.0,False
D3TaLES,80LLTS,CC1=C(O)C(=O)c2c(O)cccc2C1=O,2.38,2.174,0.2349,7.527,2.08,CC1=C(O)C(=O)c2c(O)cccc2C1=O,p-quinone,False,ok,CC1=C(O)C(=O)c2c(OCc3ccc(C)cc3)cccc2C1=O,"O-benzyl ether (phenol/enol, Williamson)",p-quinone,True,"two reversible waves in MeCN, spacing 0.79-0.94 V (benzoquinones, tier A)",False,308.333,2.0,173.8,2.15,neutral,0.0,23.0,False
D3TaLES,80IUVV,FC(F)(F)c1nnc(C(F)(F)F)c2c1C1C=CC2C=C1,4.34,1.735,1.154,6.915,2.362,FC(F)(F)c1nnc(C(F)(F)F)c2c1C1C=CC2C=C1,,False,unassigned stereo,Cc1ccc(C[n+]2nc(C(F)(F)F)c3c(c2C(F)(F)F)C2C=CC3C=C2)cc1,N-benzyl pyridinium (Menshutkin),pyridinium,False,single reduction; parent reported irreversible,False,397.342,1.0,67.5,4.35,inherently-charged (azinium; no neutral form),1.0,28.0,False
D3TaLES,80EUWP,FC(F)(F)c1nnc(C(F)(F)F)c2c1C=CCC=CC2,3.48,4.51,1.16,7.104,2.399,FC(F)(F)c1nnc(C(F)(F)F)c2c1C=CCC=CC2,,False,unassigned stereo,Cc1ccc(C[n+]2nc(C(F)(F)F)c3c(c2C(F)(F)F)C=CCC=CC3)cc1,N-benzyl pyridinium (Menshutkin),pyridinium,False,single reduction; parent reported irreversible,False,399.358,1.0,67.1,3.52,inherently-charged (azinium; no neutral form),1.0,28.0,False
D3TaLES,80EUWP,FC(F)(F)c1nnc(C(F)(F)F)c2c1C=CCC=CC2,3.48,4.51,1.16,7.104,2.399,FC(F)(F)c1nnc(C(F)(F)F)c2c1C=CCC=CC2,,False,unassigned stereo,Cc1ccc(C[n+]2nc(C(F)(F)F)c3c(c2C(F)(F)F)CC=CCC=C3)cc1,N-benzyl pyridinium (Menshutkin),pyridinium,False,single reduction; parent reported irreversible,False,399.358,1.0,67.1,3.52,inherently-charged (azinium; no neutral form),1.0,28.0,False
D3TaLES,80KHCV,COc1cc(C2=CC(=O)C(Br)=CC2=O)c(OC)cc1Br,2.63,2.089,0.4255,8.403,1.262,COc1cc(C2=CC(=O)C(Br)=CC2=O)c(OC)cc1Br,p-quinone,False,no graft handle,,,p-quinone,True,,,,,,,,,,False
D3TaLES,80MUUD,CC(=O)[N-][n+]1cnc2n(Cc3ccccc3)cnc(N)c1-2,3.53,3.792,0.7123,6.418,0.888,CC(=O)[N-][n+]1cnc2n(Cc3ccccc3)cnc(N)c1-2,pyridinium,False,1e- family,CC(=O)[N-][n+]1cnc2n(Cc3ccccc3)cnc(NCc3ccc(C)cc3)c1-2,N-benzyl (amine N-H),pyridinium,False,single reduction; parent reported irreversible,False,386.459,1.0,69.4,3.2,neutral,0.0,29.0,False
D3TaLES,80KDWW,COC1OC(CNC2=CC(=O)c3c(O)cccc3C2=O)C2OC(C)(C)OC12,4.05,0.5371,0.6563,7.612,1.326,COC1OC(CNC2=CC(=O)c3c(O)cccc3C2=O)C2OC(C)(C)OC12,p-quinone,False,unassigned stereo,COC1OC(CNC2=CC(=O)c3c(OCc4ccc(C)cc4)cccc3C2=O)C2OC(C)(C)OC12,"O-benzyl ether (phenol/enol, Williamson)",p-quinone,True,"two reversible waves in MeCN, spacing 0.79-0.94 V (benzoquinones, tier A)",False,479.529,2.0,111.8,3.92,neutral,0.0,35.0,True
D3TaLES,80KDWW,COC1OC(CNC2=CC(=O)c3c(O)cccc3C2=O)C2OC(C)(C)OC12,4.05,0.5371,0.6563,7.612,1.326,COC1OC(CNC2=CC(=O)c3c(O)cccc3C2=O)C2OC(C)(C)OC12,p-quinone,False,unassigned stereo,COC1OC(CN(Cc2ccc(C)cc2)C2=CC(=O)c3c(O)cccc3C2=O)C2OC(C)(C)OC12,N-benzyl (amine N-H),p-quinone,True,"two reversible waves in MeCN, spacing 0.79-0.94 V (benzoquinones, tier A)",False,479.529,2.0,111.8,4.09,neutral,0.0,35.0,True
D3TaLES,80LTMQ,O=C1SC(C2CSC(=O)C2c2ccccn2)=CC1=C1C=CC=CN1,4.34,2.477,0.3887,6.763,0.466,O=C1SC(C2CSC(=O)C2c2ccccn2)=CC1=C1C=CC=CN1,,False,unassigned stereo,Cc1ccc(C[n+]2ccccc2C2C(=O)SCC2C2=CC(=C3C=CC=CN3)C(=O)S2)cc1,N-benzyl pyridinium (Menshutkin),pyridinium,False,single reduction; parent reported irreversible,False,459.616,1.0,58.3,4.38,inherently-charged (azinium; no neutral form),1.0,32.0,False
D3TaLES,80GBUA,CCCC1OC(C)=Cc2cc3c(c(OC(C)=O)c21)C(=O)C(C1OC(COC(C)=O)C(OC(C)=O)C1OC(C)=O)=CC3=O,4.8,5.036,0.6165,8.249,1.034,CCCC1OC(C)=Cc2cc3c(c(OC(C)=O)c21)C(=O)C(C1OC(COC(C)=O)C(OC(C)=O)C1OC(C)=O)=CC3=O,p-quinone,False,no graft handle,,,p-quinone,True,,,,,,,,,,False
D3TaLES,80YWEX,COCOc1c(C)cc2c(c1Br)C(=O)C=C(NC(=O)OC(C)(C)C)C2=O,2.94,2.238,1.546,8.009,1.903,COCOc1c(C)cc2c(c1Br)C(=O)C=C(NC(=O)OC(C)(C)C)C2=O,p-quinone,False,no graft handle,,,p-quinone,True,,,,,,,,,,False
D3TaLES,80NWCD,CSC1=NS(=O)(=O)c2c[n+](C)ccc2[N-]1,4.73,1.765,0.5119,7.205,2.098,CSC1=NS(=O)(=O)c2c[n+](C)ccc2[N-]1,pyridinium,False,no graft handle,,,pyridinium,False,,,,,,,,,,False
D3TaLES,80ILSM,CCN(C=CC1=C(Cl)C(=O)c2cccnc2C1=O)CC,3.15,1.965,0.2867,8.006,0.887,CCN(C=CC1=C(Cl)C(=O)c2cccnc2C1=O)CC,p-quinone,False,unassigned stereo,CCN(C=CC1=C(Cl)C(=O)c2ccc[n+](Cc3ccc(C)cc3)c2C1=O)CC,N-benzyl pyridinium (Menshutkin),p-quinone+pyridinium,True,"two reversible waves in MeCN, spacing 0.79-0.94 V (benzoquinones, tier A); single reduction; parent reported irreversible",False,395.91,2.0,135.4,3.29,inherently-charged (azinium; no neutral form),1.0,28.0,False
D3TaLES,80OKTX,CN1C2=C(C(=O)c3cccnc32)C2CC1C1=C(CCCC1=O)O2,4.74,2.509,0.3826,7.233,1.264,CN1C2=C(C(=O)c3cccnc32)C2CC1C1=C(CCCC1=O)O2,,False,unassigned stereo,Cc1ccc(C[n+]2cccc3c2C2=C(C3=O)C3CC(C4=C(CCCC4=O)O3)N2C)cc1,N-benzyl pyridinium (Menshutkin),pyridinium,False,single reduction; parent reported irreversible,False,413.497,1.0,64.8,4.81,inherently-charged (azinium; no neutral form),1.0,31.0,False
D3TaLES,80LPJB,CC(C)(C1=CC(=O)C(=O)C=C1)c1ccccc1,2.53,0.8715,1.209,8.292,2.464,CC(C)(C1=CC(=O)C(=O)C=C1)c1ccccc1,o-quinone,False,no graft handle,,,o-quinone,True,,,,,,,,,,True
D3TaLES,80OPRB,O=C1C=C(NC23CC4CC(CC(C4)C2)C3)c2ccccc2C1=O,3.8,1.693,0.6634,7.579,1.58,O=C1C=C(NC23CC4CC(CC(C4)C2)C3)c2ccccc2C1=O,o-quinone,False,unassigned stereo,Cc1ccc(CN(C2=CC(=O)C(=O)c3ccccc32)C23CC4CC(CC(C4)C2)C3)cc1,N-benzyl (amine N-H),o-quinone,True,"two quasi-reversible waves, spacing 0.41 V (1,2-naphthoquinone, tier A)",False,411.545,2.0,130.2,3.92,neutral,0.0,31.0,False
D3TaLES,80QNZU,COC1=CC(=O)C(=NNc2ccccn2)C=C1,2.64,1.232,0.3744,8.246,1.293,COC1=CC(=O)C(=NNc2ccccn2)C=C1,,False,unassigned stereo,COC1=CC(=O)C(=NNc2cccc[n+]2Cc2ccc(C)cc2)C=C1,N-benzyl pyridinium (Menshutkin),pyridinium,False,single reduction; parent reported irreversible,False,334.399,1.0,80.1,2.94,inherently-charged (azinium; no neutral form),1.0,25.0,True
D3TaLES,80BIDP,CCC12CC(C(=O)OC)=C3NC4=C(OC)C(=O)C(=O)C=C4C34CCN(C3c5cc6c(cc5OC3C1O)NC1=C(C(=O)OC)CC3(CC)C5OC5CN5CCC16C53)C42,7.07,-0.9794,1.175,9.612,0.804,CCC12CC(C(=O)OC)=C3NC4=C(OC)C(=O)C(=O)C=C4C34CCN(C3c5cc6c(cc5OC3C1O)NC1=C(C(=O)OC)CC3(CC)C5OC5CN5CCC16C53)C42,o-quinone,False,unassigned stereo,CCC12CC(C(=O)OC)=C3NC4=C(OC)C(=O)C(=O)C=C4C34CCN(C3c5cc6c(cc5OC3C1OCc1ccc(C)cc1)NC1=C(C(=O)OC)CC3(CC)C5OC5CN5CCC16C53)C42,"O-benzyl ether (phenol/enol, Williamson)",o-quinone,True,"two quasi-reversible waves, spacing 0.41 V (1,2-naphthoquinone, tier A)",False,883.011,2.0,60.7,7.09,neutral,0.0,65.0,False
D3TaLES,80BIDP,CCC12CC(C(=O)OC)=C3NC4=C(OC)C(=O)C(=O)C=C4C34CCN(C3c5cc6c(cc5OC3C1O)NC1=C(C(=O)OC)CC3(CC)C5OC5CN5CCC16C53)C42,7.07,-0.9794,1.175,9.612,0.804,CCC12CC(C(=O)OC)=C3NC4=C(OC)C(=O)C(=O)C=C4C34CCN(C3c5cc6c(cc5OC3C1O)NC1=C(C(=O)OC)CC3(CC)C5OC5CN5CCC16C53)C42,o-quinone,False,unassigned stereo,CCC12CC(C(=O)OC)=C3N(Cc4ccc(C)cc4)C4=C(OC)C(=O)C(=O)C=C4C34CCN(C3c5cc6c(cc5OC3C1O)NC1=C(C(=O)OC)CC3(CC)C5OC5CN5CCC16C53)C42,N-benzyl (amine N-H),o-quinone,True,"two quasi-reversible waves, spacing 0.41 V (1,2-naphthoquinone, tier A)",False,883.011,2.0,60.7,7.1,neutral,0.0,65.0,False
D3TaLES,80BIDP,CCC12CC(C(=O)OC)=C3NC4=C(OC)C(=O)C(=O)C=C4C34CCN(C3c5cc6c(cc5OC3C1O)NC1=C(C(=O)OC)CC3(CC)C5OC5CN5CCC16C53)C42,7.07,-0.9794,1.175,9.612,0.804,CCC12CC(C(=O)OC)=C3NC4=C(OC)C(=O)C(=O)C=C4C34CCN(C3c5cc6c(cc5OC3C1O)NC1=C(C(=O)OC)CC3(CC)C5OC5CN5CCC16C53)C42,o-quinone,False,unassigned stereo,CCC12CC(C(=O)OC)=C3NC4=C(OC)C(=O)C(=O)C=C4C34CCN(C3c5cc6c(cc5OC3C1O)N(Cc1ccc(C)cc1)C1=C(C(=O)OC)CC3(CC)C5OC5CN5CCC16C53)C42,N-benzyl (amine N-H),o-quinone,True,"two quasi-reversible waves, spacing 0.41 V (1,2-naphthoquinone, tier A)",False,883.011,2.0,60.7,7.12,neutral,0.0,65.0,False
D3TaLES,80JVOK,CC1(C)COC2=C(C1)C(=O)C(=O)c1ccccc12,2.73,1.254,0.4964,7.873,1.809,CC1(C)COC2=C(C1)C(=O)C(=O)c1ccccc12,o-quinone,False,no graft handle,,,o-quinone,True,,,,,,,,,,True
D3TaLES,80XJOS,CCCCNC1=CC(=O)c2c(cccc2C2CC(=O)N(CC)C2=O)C1=O,3.2,3.423,0.7488,7.847,1.658,CCCCNC1=CC(=O)c2c(cccc2C2CC(=O)N(CC)C2=O)C1=O,p-quinone,False,unassigned stereo,CCCCN(Cc1ccc(C)cc1)C1=CC(=O)c2c(cccc2C2CC(=O)N(CC)C2=O)C1=O,N-benzyl (amine N-H),p-quinone,True,"two reversible waves in MeCN, spacing 0.79-0.94 V (benzoquinones, tier A)",False,458.558,2.0,116.9,3.3,neutral,0.0,34.0,False
D3TaLES,80NOEW,CC(C)(C)n1cc[n+](C(C)(C)C)c1C1=NC(=N[C-](C#N)C#N)C(C#N)=C1C#N,4.8,2.516,0.5117,8.19,1.691,CC(C)(C)n1cc[n+](C(C)(C)C)c1C1=NC(=N[C-](C#N)C#N)C(C#N)=C1C#N,pyridinium,False,no graft handle,,,pyridinium,False,,,,,,,,,,False
D3TaLES,80OUCG,O=C1C(Cl)=CC(=O)c2c(O)cccc21,2.38,1.862,0.7351,7.7,2.112,O=C1C(Cl)=CC(=O)c2c(O)cccc21,p-quinone,False,ok,Cc1ccc(COc2cccc3c2C(=O)C=C(Cl)C3=O)cc1,"O-benzyl ether (phenol/enol, Williamson)",p-quinone,True,"two reversible waves in MeCN, spacing 0.79-0.94 V (benzoquinones, tier A)",False,312.752,2.0,171.4,2.13,neutral,0.0,22.0,False
D3TaLES,80AKVC,O=C1C=Cc2ccccc2C1=O,2.04,0.6417,1.181,8.131,2.441,O=C1C=Cc2ccccc2C1=O,o-quinone,True,no graft handle,,,o-quinone,True,,,,,,,,,,True
D3TaLES,06TNKR,CC1(C)CCCC(C)(C)N1[O],2.87,1.483,0.9432,6.353,0.856,CC1(C)CCCC(C)(C)N1[O],nitroxide,True,no graft handle,,,nitroxide,False,,,,,,,,,,True
D3TaLES,80GHSJ,Cc1onc(N)c1I,3.25,,0.4688,,2.135,Cc1onc(N)c1I,,False,element not allowed: I,Cc1ccc(C[n+]2oc(C)c(I)c2N)cc1,N-benzyl pyridinium (Menshutkin),pyridinium,False,single reduction; parent reported irreversible,False,329.161,1.0,81.4,3.17,inherently-charged (azinium; no neutral form),1.0,16.0,False
D3TaLES,80ZQCC,[O-][n+]1ccn(O)c1,4.42,,0.3407,,1.096,[O-][n+]1ccn(O)c1,pyridinium+nitroxide,False,no graft handle,,,pyridinium+nitroxide,False,,,,,,,,,,False
D3TaLES,80ECMB,Cc1n(O)cc[n+]1[O-],4.26,,0.3902,,0.884,Cc1n(O)cc[n+]1[O-],pyridinium+nitroxide,False,no graft handle,,,pyridinium+nitroxide,False,,,,,,,,,,False
D3TaLES,80VMCP,Cc1n(C)cc[n+]1[O-],3.85,,0.3521,,0.732,Cc1n(C)cc[n+]1[O-],pyridinium+nitroxide,False,no graft handle,,,pyridinium+nitroxide,False,,,,,,,,,,False
D3TaLES,80XEXI,CC(=O)OCC(OC(C)=O)C(OC(C)=O)C(OC(C)=O)C(OC(C)=O)c1cnc(C(C)=O)s1,4.27,0.8792,1.486,6.855,2.809,CC(=O)OCC(OC(C)=O)C(OC(C)=O)C(OC(C)=O)C(OC(C)=O)c1cnc(C(C)=O)s1,,False,unassigned stereo,CC(=O)OCC(OC(C)=O)C(OC(C)=O)C(OC(C)=O)C(OC(C)=O)c1c[n+](Cc2ccc(C)cc2)c(C(C)=O)s1,N-benzyl pyridinium (Menshutkin),pyridinium,False,single reduction; parent reported irreversible,False,592.643,1.0,45.2,4.52,inherently-charged (azinium; no neutral form),1.0,41.0,True
D3TaLES,80MWJQ,CC(=NO)C(=O)NN=C(C)c1ccccn1,2.68,1.575,1.921,7.063,1.826,CC(=NO)C(=O)NN=C(C)c1ccccn1,,False,unassigned stereo,CC(=NO)C(=O)NN=C(C)c1cccc[n+]1Cc1ccc(C)cc1,N-benzyl pyridinium (Menshutkin),pyridinium,False,single reduction; parent reported irreversible,False,325.392,1.0,82.4,2.98,inherently-charged (azinium; no neutral form),1.0,24.0,False
D3TaLES,80DNNA,[N-]=[N+]=Nc1nc(N=[N+]=[N-])c(C(F)(F)F)c(N=[N+]=[N-])c1Cl,4.31,3.35,0.3587,7.073,2.421,[N-]=[N+]=Nc1nc(N=[N+]=[N-])c(C(F)(F)F)c(N=[N+]=[N-])c1Cl,,False,unassigned stereo,Cc1ccc(C[n+]2c(N=[N+]=[N-])c(Cl)c(N=[N+]=[N-])c(C(F)(F)F)c2N=[N+]=[N-])cc1,N-benzyl pyridinium (Menshutkin),pyridinium,False,single reduction; parent reported irreversible,False,409.743,1.0,65.4,3.97,inherently-charged (azinium; no neutral form),1.0,28.0,False
D3TaLES,80NRMV,Cc1c[n+]([O-])cc[n+]1[O-],4.21,0.7967,0.2749,6.827,1.346,Cc1c[n+]([O-])cc[n+]1[O-],pyridinium+nitroxide,False,no graft handle,,,pyridinium+nitroxide,False,,,,,,,,,,True
D3TaLES,80YYJL,Cc1c[n+]([O-])c(C)c[n+]1[O-],4.1,0.9365,0.293,6.739,1.284,Cc1c[n+]([O-])c(C)c[n+]1[O-],pyridinium+nitroxide,False,no graft handle,,,pyridinium+nitroxide,False,,,,,,,,,,True
D3TaLES,80OTGP,COc1ccc(C)nc1I,2.49,,0.3702,,1.755,COc1ccc(C)nc1I,,False,element not allowed: I,COc1ccc(C)[n+](Cc2ccc(C)cc2)c1I,N-benzyl pyridinium (Menshutkin),pyridinium,False,single reduction; parent reported irreversible,False,354.211,1.0,75.7,2.61,inherently-charged (azinium; no neutral form),1.0,18.0,False
D3TaLES,80ELNU,CCOC(=O)C(=NOC)c1csc(N)n1,2.66,3.374,0.7774,6.733,1.428,CCOC(=O)C(=NOC)c1csc(N)n1,,False,unassigned stereo,CCOC(=O)C(=NOC)c1csc(N)[n+]1Cc1ccc(C)cc1,N-benzyl pyridinium (Menshutkin),pyridinium,False,single reduction; parent reported irreversible,False,334.421,1.0,80.1,3.11,inherently-charged (azinium; no neutral form),1.0,23.0,False
D3TaLES,80EAEP,CC(C)C(CO)n1ccnc1,3.15,3.08,0.5932,4.913,1.671,CC(C)C(CO)n1ccnc1,,False,unassigned stereo,Cc1ccc(C[n+]2ccn(C(CO)C(C)C)c2)cc1,N-benzyl pyridinium (Menshutkin),pyridinium,False,single reduction; parent reported irreversible,False,259.373,1.0,103.3,3.23,inherently-charged (azinium; no neutral form),1.0,19.0,False
D3TaLES,80UVBO,Ic1ncc[nH]1,3.74,3.96,0.4253,7.081,1.874,Ic1ncc[nH]1,,False,element not allowed: I,Cc1ccc(C[n+]2cc[nH]c2I)cc1,N-benzyl pyridinium (Menshutkin),pyridinium,False,single reduction; parent reported irreversible,False,299.135,1.0,89.6,2.89,inherently-charged (azinium; no neutral form),1.0,14.0,False
D3TaLES,80AXLT,CC(NC(=O)c1ccccn1)C(=O)O,2.22,,1.522,,2.305,CC(NC(=O)c1ccccn1)C(=O)O,,False,unassigned stereo,Cc1ccc(C[n+]2ccccc2C(=O)NC(C)C(=O)O)cc1,N-benzyl pyridinium (Menshutkin),pyridinium,False,single reduction; parent reported irreversible,False,299.35,1.0,89.5,2.86,inherently-charged (azinium; no neutral form),1.0,22.0,False
D3TaLES,80FCTT,CC#CC=C(C)[BH2-]c1n(C)cc[n+]1C,4.93,1.348,0.8727,5.378,0.883,CC#CC=C(C)[BH2-]c1n(C)cc[n+]1C,pyridinium,False,no graft handle,,,pyridinium,False,,,,,,,,,,True
D3TaLES,80QQGA,CCC(=NO)c1ccncc1,2.37,0.5893,0.594,6.466,2.137,CCC(=NO)c1ccncc1,,False,unassigned stereo,CCC(=NO)c1cc[n+](Cc2ccc(C)cc2)cc1,N-benzyl pyridinium (Menshutkin),pyridinium,False,single reduction; parent reported irreversible,False,255.341,1.0,105.0,2.55,inherently-charged (azinium; no neutral form),1.0,19.0,True
D3TaLES,80JFJW,NC(=CC(=O)c1ccccn1)C(F)(F)F,2.6,0.859,0.9041,7.357,1.692,NC(=CC(=O)c1ccccn1)C(F)(F)F,,False,unassigned stereo,Cc1ccc(C[n+]2ccccc2C(=O)C=C(N)C(F)(F)F)cc1,N-benzyl pyridinium (Menshutkin),pyridinium,False,single reduction; parent reported irreversible,False,321.322,1.0,83.4,2.88,inherently-charged (azinium; no neutral form),1.0,23.0,True
D3TaLES,80YIPN,NC(=CC(=O)C(F)(F)F)c1ccccn1,2.72,2.647,0.4133,7.121,1.798,NC(=CC(=O)C(F)(F)F)c1ccccn1,,False,unassigned stereo,Cc1ccc(C[n+]2ccccc2C(N)=CC(=O)C(F)(F)F)cc1,N-benzyl pyridinium (Menshutkin),pyridinium,False,single reduction; parent reported irreversible,False,321.322,1.0,83.4,2.88,inherently-charged (azinium; no neutral form),1.0,23.0,False
D3TaLES,80EEVN,CSC(=S)N(C)N=C(C)c1cccc(C(C)=NN(C)C(=S)SC)n1,3.82,,0.592,,1.434,CSC(=S)N(C)N=C(C)c1cccc(C(C)=NN(C)C(=S)SC)n1,,False,unassigned stereo,CSC(=S)N(C)N=C(C)c1cccc(C(C)=NN(C)C(=S)SC)[n+]1Cc1ccc(C)cc1,N-benzyl pyridinium (Menshutkin),pyridinium,False,single reduction; parent reported irreversible,False,504.796,1.0,53.1,3.88,inherently-charged (azinium; no neutral form),1.0,32.0,False
D3TaLES,80BFXX,Cn1cc[n+]([B-](F)(F)F)c1,4.62,1.936,1.673,5.769,3.067,Cn1cc[n+]([B-](F)(F)F)c1,pyridinium,False,no graft handle,,,pyridinium,False,,,,,,,,,,False
D3TaLES,80WQPD,IC#Cc1cccc(C#CI)n1,3.71,6.198,0.1552,7.387,2.067,IC#Cc1cccc(C#CI)n1,,False,element not allowed: I,Cc1ccc(C[n+]2c(C#CI)cccc2C#CI)cc1,N-benzyl pyridinium (Menshutkin),pyridinium,False,single reduction; parent reported irreversible,False,484.098,1.0,55.4,3.53,inherently-charged (azinium; no neutral form),1.0,20.0,False
D3TaLES,80FLRT,CC(=O)C(=C(C)O)c1c(C)nn(C)c1C,2.71,,0.9159,,1.331,CC(=O)C(=C(C)O)c1c(C)nn(C)c1C,,False,unassigned stereo,CC(=O)C(=C(C)O)c1c(C)n(C)[n+](Cc2ccc(C)cc2)c1C,N-benzyl pyridinium (Menshutkin),pyridinium,False,single reduction; parent reported irreversible,False,313.421,1.0,85.5,3.17,inherently-charged (azinium; no neutral form),1.0,23.0,False
D3TaLES,80AFFL,CN(C)c1cccnc1C=NNC(N)=S,2.83,,0.7439,,1.197,CN(C)c1cccnc1C=NNC(N)=S,,False,unassigned stereo,Cc1ccc(C[n+]2cccc(N(C)C)c2C=NNC(N)=S)cc1,N-benzyl pyridinium (Menshutkin),pyridinium,False,single reduction; parent reported irreversible,False,328.465,1.0,81.6,2.94,inherently-charged (azinium; no neutral form),1.0,23.0,False
D3TaLES,80SEXI,N#CC(=Cc1cccnc1Cl)C(N)=O,2.61,,0.4887,,2.445,N#CC(=Cc1cccnc1Cl)C(N)=O,,False,unassigned stereo,Cc1ccc(C[n+]2cccc(C=C(C#N)C(N)=O)c2Cl)cc1,N-benzyl pyridinium (Menshutkin),pyridinium,False,single reduction; parent reported irreversible,False,312.78,1.0,85.7,2.81,inherently-charged (azinium; no neutral form),1.0,22.0,False
D3TaLES,80DUGV,CSC(=S)NN=C(C)c1cnccn1,2.95,1.564,1.531,6.827,1.534,CSC(=S)NN=C(C)c1cnccn1,,False,unassigned stereo,CSC(=S)NN=C(C)c1c[n+](Cc2ccc(C)cc2)ccn1,N-benzyl pyridinium (Menshutkin),pyridinium,False,single reduction; parent reported irreversible,False,331.49,1.0,80.9,3.07,inherently-charged (azinium; no neutral form),1.0,22.0,False
D3TaLES,80DUGV,CSC(=S)NN=C(C)c1cnccn1,2.95,1.564,1.531,6.827,1.534,CSC(=S)NN=C(C)c1cnccn1,,False,unassigned stereo,CSC(=S)NN=C(C)c1cncc[n+]1Cc1ccc(C)cc1,N-benzyl pyridinium (Menshutkin),pyridinium,False,single reduction; parent reported irreversible,False,331.49,1.0,80.9,3.23,inherently-charged (azinium; no neutral form),1.0,22.0,False
D3TaLES,80DPZH,CC(C)C(c1ccccc1)N([O])C(C)(C)CCC(=O)N(C)C,3.17,1.16,,6.557,0.592,CC(C)C(c1ccccc1)N([O])C(C)(C)CCC(=O)N(C)C,nitroxide,False,no graft handle,,,nitroxide,False,,,,,,,,,,True
D3TaLES,80XPJA,CCCCc1nc(Cl)c(C=NO)[nH]1,3.17,,0.5085,,1.518,CCCCc1nc(Cl)c(C=NO)[nH]1,,False,unassigned stereo,CCCCc1[nH]c(C=NO)c(Cl)[n+]1Cc1ccc(C)cc1,N-benzyl pyridinium (Menshutkin),pyridinium,False,single reduction; parent reported irreversible,False,306.817,1.0,87.4,3.11,inherently-charged (azinium; no neutral form),1.0,21.0,False
D3TaLES,80FFLX,CCC(CO[N+](=O)[O-])C(=O)NC(C)(C)c1ccccn1,3.38,,0.7241,,2.425,CCC(CO[N+](=O)[O-])C(=O)NC(C)(C)c1ccccn1,,False,unassigned stereo,CCC(CO[N+](=O)[O-])C(=O)NC(C)(C)c1cccc[n+]1Cc1ccc(C)cc1,N-benzyl pyridinium (Menshutkin),pyridinium,False,single reduction; parent reported irreversible,False,386.472,1.0,69.3,3.55,inherently-charged (azinium; no neutral form),1.0,28.0,False
D3TaLES,80ESAD,[O-][n+]1ccccc1I,3.43,2.858,0.5713,7.209,2.216,[O-][n+]1ccccc1I,pyridinium+nitroxide,False,no graft handle,,,pyridinium+nitroxide,False,,,,,,,,,,False
D3TaLES,80VCSQ,CCC[n+]1cc([O-])ccc1C=O,4.12,,0.2081,,1.477,CCC[n+]1cc([O-])ccc1C=O,pyridinium,False,no graft handle,,,pyridinium,False,,,,,,,,,,False
D3TaLES,80GLIA,CSC(=S)NN=C(C)c1ccccn1,2.65,,1.137,,1.313,CSC(=S)NN=C(C)c1ccccn1,,False,unassigned stereo,CSC(=S)NN=C(C)c1cccc[n+]1Cc1ccc(C)cc1,N-benzyl pyridinium (Menshutkin),pyridinium,False,single reduction; parent reported irreversible,False,330.502,1.0,81.1,2.95,inherently-charged (azinium; no neutral form),1.0,22.0,False
D3TaLES,80HMYZ,COC(=O)C(C)(O)C(C)c1ccncc1C,3.5,2.997,0.8376,5.668,2.059,COC(=O)C(C)(O)C(C)c1ccncc1C,,False,unassigned stereo,COC(=O)C(C)(O)C(C)c1cc[n+](Cc2ccc(C)cc2)cc1C,N-benzyl pyridinium (Menshutkin),pyridinium,False,single reduction; parent reported irreversible,False,328.432,1.0,81.6,3.63,inherently-charged (azinium; no neutral form),1.0,24.0,False
D3TaLES,80JGBF,CCC(C)(O)c1ccn[nH]1,3.59,,0.6134,,2.171,CCC(C)(O)c1ccn[nH]1,,False,unassigned stereo,CCC(C)(O)c1cc[n+](Cc2ccc(C)cc2)[nH]1,N-benzyl pyridinium (Menshutkin),pyridinium,False,single reduction; parent reported irreversible,False,245.346,1.0,109.2,3.63,inherently-charged (azinium; no neutral form),1.0,18.0,False
D3TaLES,80SCQX,CCS[B-](C#N)(C#N)c1n(C)c(C)c(C)[n+]1C,4.74,1.317,0.5786,5.999,1.551,CCS[B-](C#N)(C#N)c1n(C)c(C)c(C)[n+]1C,pyridinium,False,no graft handle,,,pyridinium,False,,,,,,,,,,True
D3TaLES,80WSUC,CCOC(=O)NC(C)CC(=O)NC(C)(C)c1ccccn1,2.93,,1.717,,1.641,CCOC(=O)NC(C)CC(=O)NC(C)(C)c1ccccn1,,False,unassigned stereo,CCOC(=O)NC(C)CC(=O)NC(C)(C)c1cccc[n+]1Cc1ccc(C)cc1,N-benzyl pyridinium (Menshutkin),pyridinium,False,single reduction; parent reported irreversible,False,398.527,1.0,67.3,3.24,inherently-charged (azinium; no neutral form),1.0,29.0,False
D3TaLES,80UOQH,Cc1cc([N+](=O)[O-])cc[n+]1[O-],2.94,0.4975,0.2498,7.5,2.072,Cc1cc([N+](=O)[O-])cc[n+]1[O-],pyridinium+nitroxide,False,no graft handle,,,pyridinium+nitroxide,False,,,,,,,,,,True
D3TaLES,80PREM,Fc1nc(F)c(F)c(I)c1F,3.12,3.095,0.2278,7.636,3.352,Fc1nc(F)c(F)c(I)c1F,,False,element not allowed: I,Cc1ccc(C[n+]2c(F)c(F)c(I)c(F)c2F)cc1,N-benzyl pyridinium (Menshutkin),pyridinium,False,single reduction; parent reported irreversible,False,382.118,1.0,70.1,3.08,inherently-charged (azinium; no neutral form),1.0,19.0,False
D3TaLES,80JIIV,NC(=S)NN=Cc1ccncc1,2.36,1.866,0.4895,7.061,1.722,NC(=S)NN=Cc1ccncc1,,False,unassigned stereo,Cc1ccc(C[n+]2ccc(C=NNC(N)=S)cc2)cc1,N-benzyl pyridinium (Menshutkin),pyridinium,False,single reduction; parent reported irreversible,False,285.396,1.0,93.9,2.53,inherently-charged (azinium; no neutral form),1.0,20.0,False
D3TaLES,80BUBK,COC(=O)NN=Cc1cccnc1,2.16,0.4098,1.373,6.785,1.73,COC(=O)NN=Cc1cccnc1,,False,unassigned stereo,COC(=O)NN=Cc1ccc[n+](Cc2ccc(C)cc2)c1,N-benzyl pyridinium (Menshutkin),pyridinium,False,single reduction; parent reported irreversible,False,284.339,1.0,94.3,2.49,inherently-charged (azinium; no neutral form),1.0,21.0,True
D3TaLES,80VNLQ,CC(C)C(Nc1nc(N)c(N=O)c(=O)n1C)C(=O)O,3.51,,1.597,,0.714,CC(C)C(Nc1nc(N)c(N=O)c(=O)n1C)C(=O)O,,False,unassigned stereo,Cc1ccc(C[n+]2c(N)c(N=O)c(=O)n(C)c2NC(C(=O)O)C(C)C)cc1,N-benzyl pyridinium (Menshutkin),pyridinium,False,single reduction; parent reported irreversible,False,374.421,1.0,71.6,3.62,inherently-charged (azinium; no neutral form),1.0,27.0,False
D3TaLES,80QBWY,CC(O)C(Nc1nc(N)c(N=O)c(=O)n1C)C(=O)O,3.87,,1.212,,0.393,CC(O)C(Nc1nc(N)c(N=O)c(=O)n1C)C(=O)O,,False,unassigned stereo,Cc1ccc(C[n+]2c(N)c(N=O)c(=O)n(C)c2NC(C(=O)O)C(C)O)cc1,N-benzyl pyridinium (Menshutkin),pyridinium,False,single reduction; parent reported irreversible,False,376.393,1.0,71.2,3.94,inherently-charged (azinium; no neutral form),1.0,27.0,False
D3TaLES,80AJEX,C=CCNC(=S)NN=C(C)c1ccccn1,2.51,,1.518,7.089,1.248,C=CCNC(=S)NN=C(C)c1ccccn1,,False,unassigned stereo,C=CCNC(=S)NN=C(C)c1cccc[n+]1Cc1ccc(C)cc1,N-benzyl pyridinium (Menshutkin),pyridinium,False,single reduction; parent reported irreversible,False,339.488,1.0,78.9,2.87,inherently-charged (azinium; no neutral form),1.0,24.0,False
D3TaLES,80ZUGD,CN(C)C=Cc1ncn(C)c1[N+](=O)[O-],3.36,,0.2777,,0.607,CN(C)C=Cc1ncn(C)c1[N+](=O)[O-],,False,unassigned stereo,Cc1ccc(C[n+]2cn(C)c([N+](=O)[O-])c2C=CN(C)C)cc1,N-benzyl pyridinium (Menshutkin),pyridinium,False,single reduction; parent reported irreversible,False,301.37,1.0,88.9,3.24,inherently-charged (azinium; no neutral form),1.0,22.0,False
D3TaLES,80USRH,CNC(=O)C(=NOC)c1nc(N)sc1Cl,2.97,,0.7205,,1.261,CNC(=O)C(=NOC)c1nc(N)sc1Cl,,False,unassigned stereo,CNC(=O)C(=NOC)c1c(Cl)sc(N)[n+]1Cc1ccc(C)cc1,N-benzyl pyridinium (Menshutkin),pyridinium,False,single reduction; parent reported irreversible,False,353.855,1.0,75.7,3.2,inherently-charged (azinium; no neutral form),1.0,23.0,False
D3TaLES,80SGEQ,Cc1nn(CN=[N+]=[N-])cc1C#N,3.67,,0.3704,,2.614,Cc1nn(CN=[N+]=[N-])cc1C#N,,False,unassigned stereo,Cc1ccc(C[n+]2c(C)c(C#N)cn2CN=[N+]=[N-])cc1,N-benzyl pyridinium (Menshutkin),pyridinium,False,single reduction; parent reported irreversible,False,267.316,1.0,100.3,3.56,inherently-charged (azinium; no neutral form),1.0,20.0,False
D3TaLES,80TLGX,COC(=O)C(=Cc1cccnc1)NC(C)=O,2.29,,0.7359,,1.469,COC(=O)C(=Cc1cccnc1)NC(C)=O,,False,unassigned stereo,COC(=O)C(=Cc1ccc[n+](Cc2ccc(C)cc2)c1)NC(C)=O,N-benzyl pyridinium (Menshutkin),pyridinium,False,single reduction; parent reported irreversible,False,325.388,1.0,82.4,2.62,inherently-charged (azinium; no neutral form),1.0,24.0,False
D3TaLES,80BOUE,CN=Cc1c(CO)cnc(C)c1O,3.11,1.285,1.255,7.36,1.667,CN=Cc1c(CO)cnc(C)c1O,,False,unassigned stereo,CN=Cc1c(CO)c[n+](Cc2ccc(C)cc2)c(C)c1O,N-benzyl pyridinium (Menshutkin),pyridinium,False,single reduction; parent reported irreversible,False,285.367,1.0,93.9,3.16,inherently-charged (azinium; no neutral form),1.0,21.0,True
D3TaLES,80LMYP,N#Cc1c(N=[N+]=[N-])nc(N=[N+]=[N-])c(F)c1N=[N+]=[N-],4.43,3.297,0.4308,7.438,2.3,N#Cc1c(N=[N+]=[N-])nc(N=[N+]=[N-])c(F)c1N=[N+]=[N-],,False,unassigned stereo,Cc1ccc(C[n+]2c(N=[N+]=[N-])c(F)c(N=[N+]=[N-])c(C#N)c2N=[N+]=[N-])cc1,N-benzyl pyridinium (Menshutkin),pyridinium,False,single reduction; parent reported irreversible,False,350.301,1.0,76.5,4.0,inherently-charged (azinium; no neutral form),1.0,26.0,False
D3TaLES,80KDLO,N#Cc1c(N=[N+]=[N-])nc(N=[N+]=[N-])c(Cl)c1N=[N+]=[N-],4.42,,0.4339,,2.216,N#Cc1c(N=[N+]=[N-])nc(N=[N+]=[N-])c(Cl)c1N=[N+]=[N-],,False,unassigned stereo,Cc1ccc(C[n+]2c(N=[N+]=[N-])c(Cl)c(N=[N+]=[N-])c(C#N)c2N=[N+]=[N-])cc1,N-benzyl pyridinium (Menshutkin),pyridinium,False,single reduction; parent reported irreversible,False,366.756,1.0,73.1,4.0,inherently-charged (azinium; no neutral form),1.0,26.0,False
D3TaLES,80PAAA,ON=Cc1cccc(F)n1,2.86,0.768,0.5614,6.724,2.482,ON=Cc1cccc(F)n1,,False,unassigned stereo,Cc1ccc(C[n+]2c(F)cccc2C=NO)cc1,N-benzyl pyridinium (Menshutkin),pyridinium,False,single reduction; parent reported irreversible,False,245.277,1.0,109.3,2.96,inherently-charged (azinium; no neutral form),1.0,18.0,True
D3TaLES,80TCIG,O=C(O)C[n+]1ccccc1C(=O)[O-],3.42,,1.783,,2.11,O=C(O)C[n+]1ccccc1C(=O)[O-],pyridinium,False,1e- family,Cc1ccc(COC(=O)C[n+]2ccccc2C(=O)[O-])cc1,benzyl ester (carboxylate),pyridinium,False,single reduction; parent reported irreversible,False,285.299,1.0,93.9,2.76,neutral,0.0,21.0,False
D3TaLES,80BPBX,Brc1cnc(I)nc1,3.24,0.7809,0.3466,6.894,2.491,Brc1cnc(I)nc1,,False,element not allowed: I,Cc1ccc(C[n+]2cc(Br)cnc2I)cc1,N-benzyl pyridinium (Menshutkin),pyridinium,False,single reduction; parent reported irreversible,False,390.042,1.0,68.7,2.94,inherently-charged (azinium; no neutral form),1.0,16.0,True
D3TaLES,80CTJR,CC(=O)C(=C(C)O)c1ccncc1,2.44,,0.9091,,1.942,CC(=O)C(=C(C)O)c1ccncc1,,False,unassigned stereo,CC(=O)C(=C(C)O)c1cc[n+](Cc2ccc(C)cc2)cc1,N-benzyl pyridinium (Menshutkin),pyridinium,False,single reduction; parent reported irreversible,False,282.363,1.0,94.9,2.62,inherently-charged (azinium; no neutral form),1.0,21.0,False
D3TaLES,80IRHT,O=C([O-])C[n+]1ccn(CC(=O)O)c1,3.68,,1.766,,1.759,O=C([O-])C[n+]1ccn(CC(=O)O)c1,pyridinium,False,1e- family,Cc1ccc(COC(=O)Cn2cc[n+](CC(=O)[O-])c2)cc1,benzyl ester (carboxylate),pyridinium,False,single reduction; parent reported irreversible,False,288.303,1.0,93.0,2.92,neutral,0.0,21.0,False
D3TaLES,80HLGW,ClI(Cl)c1ccccn1,4.03,,0.7555,,2.831,ClI(Cl)c1ccccn1,,False,element not allowed: I,Cc1ccc(C[n+]2ccccc2I(Cl)Cl)cc1,N-benzyl pyridinium (Menshutkin),pyridinium,False,single reduction; parent reported irreversible,False,381.064,1.0,70.3,3.25,inherently-charged (azinium; no neutral form),1.0,17.0,False
D3TaLES,80FSKZ,CCCOc1cccnc1I(Cl)Cl,3.44,,0.1928,,2.394,CCCOc1cccnc1I(Cl)Cl,,False,element not allowed: I,CCCOc1ccc[n+](Cc2ccc(C)cc2)c1I(Cl)Cl,N-benzyl pyridinium (Menshutkin),pyridinium,False,single reduction; parent reported irreversible,False,439.144,1.0,61.0,3.13,inherently-charged (azinium; no neutral form),1.0,21.0,False
D3TaLES,80EVFI,COc1cc(N)ncc1I,2.58,1.718,0.4613,6.889,1.462,COc1cc(N)ncc1I,,False,element not allowed: I,COc1cc(N)[n+](Cc2ccc(C)cc2)cc1I,N-benzyl pyridinium (Menshutkin),pyridinium,False,single reduction; parent reported irreversible,False,355.199,1.0,75.5,2.77,inherently-charged (azinium; no neutral form),1.0,18.0,False
D3TaLES,80BUFO,COC(=O)C=Cc1cccnc1,2.01,0.6309,0.4424,7.09,2.404,COC(=O)C=Cc1cccnc1,,False,unassigned stereo,COC(=O)C=Cc1ccc[n+](Cc2ccc(C)cc2)c1,N-benzyl pyridinium (Menshutkin),pyridinium,False,single reduction; parent reported irreversible,False,268.336,1.0,99.9,2.39,inherently-charged (azinium; no neutral form),1.0,20.0,True
D3TaLES,80ZGIT,CC(=O)C=C(C)Nc1cccc(N)n1,2.61,0.5969,0.2166,6.093,0.994,CC(=O)C=C(C)Nc1cccc(N)n1,,False,unassigned stereo,CC(=O)C=C(C)Nc1cccc(N)[n+]1Cc1ccc(C)cc1,N-benzyl pyridinium (Menshutkin),pyridinium,False,single reduction; parent reported irreversible,False,296.394,1.0,90.4,2.95,inherently-charged (azinium; no neutral form),1.0,22.0,True
D3TaLES,80FKYI,Cc1ncc(CO)c(C=NCCO)c1O,3.09,1.206,1.67,6.835,1.353,Cc1ncc(CO)c(C=NCCO)c1O,,False,unassigned stereo,Cc1ccc(C[n+]2cc(CO)c(C=NCCO)c(O)c2C)cc1,N-benzyl pyridinium (Menshutkin),pyridinium,False,single reduction; parent reported irreversible,False,315.393,1.0,85.0,3.19,inherently-charged (azinium; no neutral form),1.0,23.0,True
D3TaLES,80OAMV,CC(C)(C)N([O])c1cc(N([O])C(C)(C)C)c(C(F)(F)F)cc1C(F)(F)F,3.41,0.7598,0.872,8.639,0.1,CC(C)(C)N([O])c1cc(N([O])C(C)(C)C)c(C(F)(F)F)cc1C(F)(F)F,nitroxide,False,no graft handle,,,nitroxide,False,,,,,,,,,,True
D3TaLES,80ZNGZ,CC(N)=CC(=O)c1cnccn1,2.86,,0.5635,,1.462,CC(N)=CC(=O)c1cnccn1,,False,unassigned stereo,CC(N)=CC(=O)c1c[n+](Cc2ccc(C)cc2)ccn1,N-benzyl pyridinium (Menshutkin),pyridinium,False,single reduction; parent reported irreversible,False,268.34,1.0,99.9,2.95,inherently-charged (azinium; no neutral form),1.0,20.0,False
D3TaLES,80ZNGZ,CC(N)=CC(=O)c1cnccn1,2.86,,0.5635,,1.462,CC(N)=CC(=O)c1cnccn1,,False,unassigned stereo,CC(N)=CC(=O)c1cncc[n+]1Cc1ccc(C)cc1,N-benzyl pyridinium (Menshutkin),pyridinium,False,single reduction; parent reported irreversible,False,268.34,1.0,99.9,3.08,inherently-charged (azinium; no neutral form),1.0,20.0,False
D3TaLES,80FQFS,Cc1cc[n+](O)c([N-][N+](=O)[O-])c1,4.4,,0.7357,,1.929,Cc1cc[n+](O)c([N-][N+](=O)[O-])c1,pyridinium,False,no graft handle,,,pyridinium,False,,,,,,,,,,False
D3TaLES,80ZNGS,CON=CNC(=O)c1ccccn1,2.85,9.148,0.8847,6.337,1.702,CON=CNC(=O)c1ccccn1,,False,unassigned stereo,CON=CNC(=O)c1cccc[n+]1Cc1ccc(C)cc1,N-benzyl pyridinium (Menshutkin),pyridinium,False,single reduction; parent reported irreversible,False,284.339,1.0,94.3,3.04,inherently-charged (azinium; no neutral form),1.0,21.0,False
D3TaLES,80IOXI,CC(C)(C)OC(=O)NC(=NC(=O)C(F)(F)F)n1cccn1,3.16,1.641,2.693,7.282,2.687,CC(C)(C)OC(=O)NC(=NC(=O)C(F)(F)F)n1cccn1,,False,unassigned stereo,Cc1ccc(C[n+]2cccn2C(=NC(=O)C(F)(F)F)NC(=O)OC(C)(C)C)cc1,N-benzyl pyridinium (Menshutkin),pyridinium,False,single reduction; parent reported irreversible,False,411.404,1.0,65.1,3.39,inherently-charged (azinium; no neutral form),1.0,29.0,False
D3TaLES,80QRJX,CC(=NC#N)N(C)Cc1ccc(Cl)nc1,2.89,0.7764,0.446,6.401,1.78,CC(=NC#N)N(C)Cc1ccc(Cl)nc1,,False,unassigned stereo,CC(=NC#N)N(C)Cc1ccc(Cl)[n+](Cc2ccc(C)cc2)c1,N-benzyl pyridinium (Menshutkin),pyridinium,False,single reduction; parent reported irreversible,False,327.839,1.0,81.8,3.1,inherently-charged (azinium; no neutral form),1.0,23.0,True
D3TaLES,06OSYU,CC1=C(C)C(=O)C(C)=C(C)C1=O,2.25,0.5725,0.7766,7.953,2.606,CC1=C(C)C(=O)C(C)=C(C)C1=O,p-quinone,True,no graft handle,,,p-quinone,True,,,,,,,,,,True
D3TaLES,11ZHCX,O=C1c2ccccc2C(=O)c2ccccc21,1.33,0.3035,0.04998,7.832,2.607,O=C1c2ccccc2C(=O)c2ccccc21,p-quinone,True,no graft handle,,,p-quinone,True,,,,,,,,,,True
D3TaLES,81BWNS,Fc1ccc2ncc(I)n2c1,2.88,0.6506,,6.802,1.604,Fc1ccc2ncc(I)n2c1,,False,element not allowed: I,Cc1ccc(C[n+]2cc(I)n3cc(F)ccc32)cc1,N-benzyl pyridinium (Menshutkin),pyridinium,False,single reduction; parent reported irreversible,False,367.185,1.0,73.0,2.98,inherently-charged (azinium; no neutral form),1.0,19.0,True
D3TaLES,81FPVX,O=Cc1ccn2c(I)cnc2c1,3.08,0.9518,,7.807,1.588,O=Cc1ccn2c(I)cnc2c1,,False,element not allowed: I,Cc1ccc(C[n+]2cc(I)n3ccc(C=O)cc32)cc1,N-benzyl pyridinium (Menshutkin),pyridinium,False,single reduction; parent reported irreversible,False,377.205,1.0,71.1,3.12,inherently-charged (azinium; no neutral form),1.0,20.0,True
D3TaLES,81WJHT,S=C=Nc1cnn(Cc2ccccc2)c1,2.58,3.187,,8.05,2.308,S=C=Nc1cnn(Cc2ccccc2)c1,,False,unassigned stereo,Cc1ccc(C[n+]2cc(N=C=S)cn2Cc2ccccc2)cc1,N-benzyl pyridinium (Menshutkin),pyridinium,False,single reduction; parent reported irreversible,False,320.441,1.0,83.6,3.01,inherently-charged (azinium; no neutral form),1.0,23.0,False
D3TaLES,81WWAS,Cc1csc(C23CC4CC(CC(C4)C2)C3)n1,3.81,2.76,,7.385,2.12,Cc1csc(C23CC4CC(CC(C4)C2)C3)n1,,False,unassigned stereo,Cc1ccc(C[n+]2c(C)csc2C23CC4CC(CC(C4)C2)C3)cc1,N-benzyl pyridinium (Menshutkin),pyridinium,False,single reduction; parent reported irreversible,False,338.54,1.0,79.2,4.09,inherently-charged (azinium; no neutral form),1.0,24.0,False
D3TaLES,81ZYMD,Cn1nccc1I,3.21,3.75,,7.467,2.177,Cn1nccc1I,,False,element not allowed: I,Cc1ccc(C[n+]2ccc(I)n2C)cc1,N-benzyl pyridinium (Menshutkin),pyridinium,False,single reduction; parent reported irreversible,False,313.162,1.0,85.6,3.08,inherently-charged (azinium; no neutral form),1.0,15.0,False
D3TaLES,81QZDM,COc1nnc(Cl)c(I)c1I,3.37,2.802,,8.315,2.806,COc1nnc(Cl)c(I)c1I,,False,element not allowed: I,COc1c(I)c(I)c(Cl)n[n+]1Cc1ccc(C)cc1,N-benzyl pyridinium (Menshutkin),pyridinium,False,single reduction; parent reported irreversible,False,501.513,1.0,53.4,3.29,inherently-charged (azinium; no neutral form),1.0,19.0,False
D3TaLES,81QZDM,COc1nnc(Cl)c(I)c1I,3.37,2.802,,8.315,2.806,COc1nnc(Cl)c(I)c1I,,False,element not allowed: I,COc1n[n+](Cc2ccc(C)cc2)c(Cl)c(I)c1I,N-benzyl pyridinium (Menshutkin),pyridinium,False,single reduction; parent reported irreversible,False,501.513,1.0,53.4,3.21,inherently-charged (azinium; no neutral form),1.0,19.0,False
D3TaLES,81HNEZ,O=c1c2cc3c(=O)n(O)c(=O)c3cc2c(=O)n1O,2.75,3.178,1.671,10.91,3.541,O=c1c2cc3c(=O)n(O)c(=O)c3cc2c(=O)n1O,bis-imide,False,no graft handle,,,bis-imide,True,,,,,,,,,,False
D3TaLES,81DIAY,COC[C@H](C)n1cc(Br)c(I)n1,3.72,3.607,0.314,7.017,1.933,COC[C@H](C)n1cc(Br)c(I)n1,,False,element not allowed: I,COC[C@H](C)n1cc(Br)c(I)[n+]1Cc1ccc(C)cc1,N-benzyl pyridinium (Menshutkin),pyridinium,False,single reduction; parent reported irreversible,False,450.138,1.0,59.5,3.73,inherently-charged (azinium; no neutral form),1.0,20.0,False
D3TaLES,81ULJQ,CCc1ncc(CN(C)C(=O)NC2CCC(C)CC2)s1,2.53,3.046,0.4671,7.638,1.787,CCc1ncc(CN(C)C(=O)NC2CCC(C)CC2)s1,,False,unassigned stereo,CCc1sc(CN(C)C(=O)NC2CCC(C)CC2)c[n+]1Cc1ccc(C)cc1,N-benzyl pyridinium (Menshutkin),pyridinium,False,single reduction; parent reported irreversible,False,400.612,1.0,66.9,2.99,inherently-charged (azinium; no neutral form),1.0,28.0,False
D3TaLES,81YJED,Fc1cnc2[nH]cc(I)c2c1I,3.35,3.637,0.1305,8.443,1.86,Fc1cnc2[nH]cc(I)c2c1I,,False,element not allowed: I,Cc1ccc(C[n+]2cc(F)c(I)c3c(I)c[nH]c32)cc1,N-benzyl pyridinium (Menshutkin),pyridinium,False,single reduction; parent reported irreversible,False,493.081,1.0,54.4,3.3,inherently-charged (azinium; no neutral form),1.0,20.0,False
D3TaLES,81WRDE,Fc1ccc(Cn2ccc(I)n2)c(F)c1,2.51,1.403,0.48,6.454,2.621,Fc1ccc(Cn2ccc(I)n2)c(F)c1,,False,element not allowed: I,Cc1ccc(C[n+]2c(I)ccn2Cc2ccc(F)cc2F)cc1,N-benzyl pyridinium (Menshutkin),pyridinium,False,single reduction; parent reported irreversible,False,425.24,1.0,63.0,2.98,inherently-charged (azinium; no neutral form),1.0,23.0,True
D3TaLES,81OONN,CCn1cc(N=C=S)cn1,3.43,2.702,0.5016,7.533,2.301,CCn1cc(N=C=S)cn1,,False,unassigned stereo,CCn1cc(N=C=S)c[n+]1Cc1ccc(C)cc1,N-benzyl pyridinium (Menshutkin),pyridinium,False,single reduction; parent reported irreversible,False,258.37,1.0,103.7,3.43,inherently-charged (azinium; no neutral form),1.0,18.0,False
D3TaLES,81UNFU,N=[S@](N)c1cnc(N)s1,4.79,3.071,,7.892,1.17,N=[S@](N)c1cnc(N)s1,,False,unassigned stereo,Cc1ccc(C[n+]2cc([S@](=N)N)sc2N)cc1,N-benzyl pyridinium (Menshutkin),pyridinium,False,single reduction; parent reported irreversible,False,267.403,1.0,100.2,3.96,inherently-charged (azinium; no neutral form),1.0,17.0,False
D3TaLES,81VOVZ,Cc1cc(N)nc(S[C@H](C)C(=O)NC2CCC(C)CC2)n1,2.82,3.331,1.29,8.31,1.782,Cc1cc(N)nc(S[C@H](C)C(=O)NC2CCC(C)CC2)n1,,False,unassigned stereo,Cc1ccc(C[n+]2c(N)cc(C)nc2S[C@H](C)C(=O)NC2CCC(C)CC2)cc1,N-benzyl pyridinium (Menshutkin),pyridinium,False,single reduction; parent reported irreversible,False,413.611,1.0,64.8,3.28,inherently-charged (azinium; no neutral form),1.0,29.0,False
D3TaLES,81VOVZ,Cc1cc(N)nc(S[C@H](C)C(=O)NC2CCC(C)CC2)n1,2.82,3.331,1.29,8.31,1.782,Cc1cc(N)nc(S[C@H](C)C(=O)NC2CCC(C)CC2)n1,,False,unassigned stereo,Cc1ccc(C[n+]2c(C)cc(N)nc2S[C@H](C)C(=O)NC2CCC(C)CC2)cc1,N-benzyl pyridinium (Menshutkin),pyridinium,False,single reduction; parent reported irreversible,False,413.611,1.0,64.8,3.28,inherently-charged (azinium; no neutral form),1.0,29.0,False
D3TaLES,81MMFH,C[C@@H](Sc1ncc[nH]1)C(=O)NC12CC3CC(CC(C3)C1)C2,4.33,3.908,1.069,6.717,1.575,C[C@@H](Sc1ncc[nH]1)C(=O)NC12CC3CC(CC(C3)C1)C2,,False,unassigned stereo,Cc1ccc(C[n+]2cc[nH]c2S[C@H](C)C(=O)NC23CC4CC(CC(C4)C2)C3)cc1,N-benzyl pyridinium (Menshutkin),pyridinium,False,single reduction; parent reported irreversible,False,410.607,1.0,65.3,4.51,inherently-charged (azinium; no neutral form),1.0,29.0,False
D3TaLES,81TROM,C[C@@H]1CC(Nc2nc(Br)cs2)C[C@@H](C)C1,3.52,5.499,,8.234,1.483,C[C@@H]1CC(Nc2nc(Br)cs2)C[C@@H](C)C1,,False,unassigned stereo,Cc1ccc(C[n+]2c(Br)csc2NC2C[C@@H](C)C[C@H](C)C2)cc1,N-benzyl pyridinium (Menshutkin),pyridinium,False,single reduction; parent reported irreversible,False,394.402,1.0,68.0,3.76,inherently-charged (azinium; no neutral form),1.0,23.0,False
D3TaLES,81UGAC,O[C@H](COCc1ccco1)Cn1cc(I)cn1,3.1,4.891,,8.327,2.078,O[C@H](COCc1ccco1)Cn1cc(I)cn1,,False,element not allowed: I,Cc1ccc(C[n+]2cc(I)cn2C[C@H](O)COCc2ccco2)cc1,N-benzyl pyridinium (Menshutkin),pyridinium,False,single reduction; parent reported irreversible,False,453.3,1.0,59.1,3.59,inherently-charged (azinium; no neutral form),1.0,25.0,False
D3TaLES,81NTNI,CCc1nc([C@@H](C)OC)nc(Cl)c1I,3.46,3.693,,8.219,2.301,CCc1nc([C@@H](C)OC)nc(Cl)c1I,,False,element not allowed: I,CCc1c(I)c(Cl)nc([C@@H](C)OC)[n+]1Cc1ccc(C)cc1,N-benzyl pyridinium (Menshutkin),pyridinium,False,single reduction; parent reported irreversible,False,431.725,1.0,62.1,3.61,inherently-charged (azinium; no neutral form),1.0,22.0,False
D3TaLES,81NTNI,CCc1nc([C@@H](C)OC)nc(Cl)c1I,3.46,3.693,,8.219,2.301,CCc1nc([C@@H](C)OC)nc(Cl)c1I,,False,element not allowed: I,CCc1nc([C@@H](C)OC)[n+](Cc2ccc(C)cc2)c(Cl)c1I,N-benzyl pyridinium (Menshutkin),pyridinium,False,single reduction; parent reported irreversible,False,431.725,1.0,62.1,3.58,inherently-charged (azinium; no neutral form),1.0,22.0,False
D3TaLES,81BEXP,C[C@H](Nc1nccs1)C12CC3CC(CC(C3)C1)C2,4.33,1.728,0.4343,5.404,0.972,C[C@H](Nc1nccs1)C12CC3CC(CC(C3)C1)C2,,False,unassigned stereo,Cc1ccc(C[n+]2ccsc2N[C@@H](C)C23CC4CC(CC(C4)C2)C3)cc1,N-benzyl pyridinium (Menshutkin),pyridinium,False,single reduction; parent reported irreversible,False,367.582,1.0,72.9,4.55,inherently-charged (azinium; no neutral form),1.0,26.0,False
D3TaLES,81EHWU,CCNc1nc([C@H](C)OC)ncc1I,3.4,4.168,0.4542,8.228,1.722,CCNc1nc([C@H](C)OC)ncc1I,,False,element not allowed: I,CCNc1c(I)cnc([C@H](C)OC)[n+]1Cc1ccc(C)cc1,N-benzyl pyridinium (Menshutkin),pyridinium,False,single reduction; parent reported irreversible,False,412.295,1.0,65.0,3.65,inherently-charged (azinium; no neutral form),1.0,22.0,False
D3TaLES,81EHWU,CCNc1nc([C@H](C)OC)ncc1I,3.4,4.168,0.4542,8.228,1.722,CCNc1nc([C@H](C)OC)ncc1I,,False,element not allowed: I,CCNc1nc([C@H](C)OC)[n+](Cc2ccc(C)cc2)cc1I,N-benzyl pyridinium (Menshutkin),pyridinium,False,single reduction; parent reported irreversible,False,412.295,1.0,65.0,3.57,inherently-charged (azinium; no neutral form),1.0,22.0,False
D3TaLES,81FSTQ,CCCC1CCC(NC(=O)N2CCN(c3ncccn3)CC2)CC1,2.23,2.728,0.683,8.008,1.288,CCCC1CCC(NC(=O)N2CCN(c3ncccn3)CC2)CC1,,False,unassigned stereo,CCCC1CCC(NC(=O)N2CCN(c3nccc[n+]3Cc3ccc(C)cc3)CC2)CC1,N-benzyl pyridinium (Menshutkin),pyridinium,False,single reduction; parent reported irreversible,False,436.624,1.0,61.4,2.78,inherently-charged (azinium; no neutral form),1.0,32.0,False
D3TaLES,81UOOO,C[C@H]1CCC[C@@H](C)C1NC(=O)N(C)CCc1ccccn1,3.36,2.53,0.535,7.419,1.782,C[C@@H]1CCC[C@H](C)C1NC(=O)N(C)CCc1ccccn1,,False,unassigned stereo,Cc1ccc(C[n+]2ccccc2CCN(C)C(=O)NC2[C@H](C)CCC[C@@H]2C)cc1,N-benzyl pyridinium (Menshutkin),pyridinium,False,single reduction; parent reported irreversible,False,394.583,1.0,67.9,3.75,inherently-charged (azinium; no neutral form),1.0,29.0,False
D3TaLES,81CTBN,CCO[C@H](C)n1cc(I)cn1,3.45,4.441,0.5233,7.857,2.121,CCO[C@H](C)n1cc(I)cn1,,False,element not allowed: I,CCO[C@H](C)n1cc(I)c[n+]1Cc1ccc(C)cc1,N-benzyl pyridinium (Menshutkin),pyridinium,False,single reduction; parent reported irreversible,False,371.242,1.0,72.2,3.72,inherently-charged (azinium; no neutral form),1.0,19.0,False
D3TaLES,81RTZE,CC(C)(C)c1csc(CC2(O)CCC(C(F)(F)F)CC2)n1,3.03,0.8151,0.5516,5.696,1.833,CC(C)(C)c1csc(CC2(O)CCC(C(F)(F)F)CC2)n1,,False,unassigned stereo,Cc1ccc(C[n+]2c(C(C)(C)C)csc2CC2(O)CCC(C(F)(F)F)CC2)cc1,N-benzyl pyridinium (Menshutkin),pyridinium,False,single reduction; parent reported irreversible,False,426.568,1.0,62.8,3.35,inherently-charged (azinium; no neutral form),1.0,29.0,True
D3TaLES,81GPID,OC1(C#Cc2ccccn2)C2CC3CC(C2)CC1C3,4.14,2.045,0.5674,7.396,2.553,OC1(C#Cc2ccccn2)C2CC3CC(C2)CC1C3,,False,unassigned stereo,Cc1ccc(C[n+]2ccccc2C#CC2(O)C3CC4CC(C3)CC2C4)cc1,N-benzyl pyridinium (Menshutkin),pyridinium,False,single reduction; parent reported irreversible,False,358.505,1.0,74.8,4.29,inherently-charged (azinium; no neutral form),1.0,27.0,False
D3TaLES,81VLLF,CC(C)(C)c1cc(NC(=O)NCC2CCC(C(N)=O)CC2)no1,2.5,4.331,,7.49,2.331,CC(C)(C)c1cc(NC(=O)NCC2CCC(C(N)=O)CC2)no1,,False,unassigned stereo,Cc1ccc(C[n+]2oc(C(C)(C)C)cc2NC(=O)NCC2CCC(C(N)=O)CC2)cc1,N-benzyl pyridinium (Menshutkin),pyridinium,False,single reduction; parent reported irreversible,False,427.569,1.0,62.7,3.11,inherently-charged (azinium; no neutral form),1.0,31.0,False
D3TaLES,81NQBD,C[C@@H]1CC(Oc2nc3ccc(N)cc3[nH]2)C[C@@H](C)C1,3.39,2.677,,7.384,1.357,C[C@@H]1CC(Oc2nc3ccc(N)cc3[nH]2)C[C@@H](C)C1,,False,unassigned stereo,Cc1ccc(C[n+]2c(OC3C[C@@H](C)C[C@H](C)C3)[nH]c3cc(N)ccc32)cc1,N-benzyl pyridinium (Menshutkin),pyridinium,False,single reduction; parent reported irreversible,False,364.513,1.0,73.5,3.72,inherently-charged (azinium; no neutral form),1.0,27.0,False
D3TaLES,81OXIG,Clc1cccc(COc2cccc(I)c2)n1,2.11,3.877,,7.255,1.927,Clc1cccc(COc2cccc(I)c2)n1,,False,element not allowed: I,Cc1ccc(C[n+]2c(Cl)cccc2COc2cccc(I)c2)cc1,N-benzyl pyridinium (Menshutkin),pyridinium,False,single reduction; parent reported irreversible,False,450.727,1.0,59.5,2.63,inherently-charged (azinium; no neutral form),1.0,24.0,False
D3TaLES,81ALUH,Nc1cn[nH]c1NC(=O)c1ccc(I)cc1,2.49,1.459,1.42,6.77,2.471,Nc1cn[nH]c1NC(=O)c1ccc(I)cc1,,False,element not allowed: I,Cc1ccc(C[n+]2cc(N)c(NC(=O)c3ccc(I)cc3)[nH]2)cc1,N-benzyl pyridinium (Menshutkin),pyridinium,False,single reduction; parent reported irreversible,False,433.273,1.0,61.9,2.81,inherently-charged (azinium; no neutral form),1.0,24.0,True
D3TaLES,81PYXG,CS(=O)(=O)NC1CCC(NC(=O)Nc2cnn(CC(F)F)c2)CC1,2.64,3.176,0.6354,5.779,1.518,CS(=O)(=O)NC1CCC(NC(=O)Nc2cnn(CC(F)F)c2)CC1,,False,unassigned stereo,Cc1ccc(C[n+]2cc(NC(=O)NC3CCC(NS(C)(=O)=O)CC3)cn2CC(F)F)cc1,N-benzyl pyridinium (Menshutkin),pyridinium,False,single reduction; parent reported irreversible,False,470.566,1.0,57.0,3.21,inherently-charged (azinium; no neutral form),1.0,32.0,False
D3TaLES,81IALF,COc1ccc(CCn2cc(C)c(I)n2)cc1,2.32,,0.5308,,1.658,COc1ccc(CCn2cc(C)c(I)n2)cc1,,False,element not allowed: I,COc1ccc(CCn2cc(C)c(I)[n+]2Cc2ccc(C)cc2)cc1,N-benzyl pyridinium (Menshutkin),pyridinium,False,single reduction; parent reported irreversible,False,447.34,1.0,59.9,2.81,inherently-charged (azinium; no neutral form),1.0,25.0,False
D3TaLES,81NVJM,CC[C@H]1CCC[C@H](n2cc(C)c(I)n2)C1,3.66,4.45,0.3413,7.834,1.315,CC[C@H]1CCC[C@H](n2cc(C)c(I)n2)C1,,False,element not allowed: I,CC[C@H]1CCC[C@H](n2cc(C)c(I)[n+]2Cc2ccc(C)cc2)C1,N-benzyl pyridinium (Menshutkin),pyridinium,False,single reduction; parent reported irreversible,False,423.362,1.0,63.3,3.84,inherently-charged (azinium; no neutral form),1.0,23.0,False
D3TaLES,81BDLC,Cc1nn(Cc2cccc(F)c2)c(C)c1I,2.14,3.743,0.4152,7.683,1.848,Cc1nn(Cc2cccc(F)c2)c(C)c1I,,False,element not allowed: I,Cc1ccc(C[n+]2c(C)c(I)c(C)n2Cc2cccc(F)c2)cc1,N-benzyl pyridinium (Menshutkin),pyridinium,False,single reduction; parent reported irreversible,False,435.304,1.0,61.6,2.87,inherently-charged (azinium; no neutral form),1.0,24.0,False
D3TaLES,81CUXM,Cc1csc([C@@H](C#N)C(=O)C2CCC(C)CC2)n1,3.12,1.006,0.4793,6.59,2.056,Cc1csc([C@@H](C#N)C(=O)C2CCC(C)CC2)n1,,False,unassigned stereo,Cc1ccc(C[n+]2c(C)csc2[C@@H](C#N)C(=O)C2CCC(C)CC2)cc1,N-benzyl pyridinium (Menshutkin),pyridinium,False,single reduction; parent reported irreversible,False,367.538,1.0,72.9,3.47,inherently-charged (azinium; no neutral form),1.0,26.0,True
D3TaLES,81NDOX,C[C@H]1CC(C(=O)OCCOc2cncc(Cl)n2)C[C@H](C)O1,3.47,2.394,0.4127,8.003,2.453,C[C@H]1CC(C(=O)OCCOc2cncc(Cl)n2)C[C@H](C)O1,,False,unassigned stereo,Cc1ccc(C[n+]2cc(Cl)nc(OCCOC(=O)C3C[C@H](C)O[C@@H](C)C3)c2)cc1,N-benzyl pyridinium (Menshutkin),pyridinium,False,single reduction; parent reported irreversible,False,419.929,1.0,63.8,3.75,inherently-charged (azinium; no neutral form),1.0,29.0,False
D3TaLES,81NDOX,C[C@H]1CC(C(=O)OCCOc2cncc(Cl)n2)C[C@H](C)O1,3.47,2.394,0.4127,8.003,2.453,C[C@H]1CC(C(=O)OCCOc2cncc(Cl)n2)C[C@H](C)O1,,False,unassigned stereo,Cc1ccc(C[n+]2c(Cl)cncc2OCCOC(=O)C2C[C@H](C)O[C@@H](C)C2)cc1,N-benzyl pyridinium (Menshutkin),pyridinium,False,single reduction; parent reported irreversible,False,419.929,1.0,63.8,3.85,inherently-charged (azinium; no neutral form),1.0,29.0,False
D3TaLES,81JBCI,CC[C@@H](C)Nc1ncnc(Nc2ccc(I)cc2)c1N,2.77,3.874,0.516,8.266,1.053,CC[C@@H](C)Nc1ncnc(Nc2ccc(I)cc2)c1N,,False,element not allowed: I,CC[C@@H](C)Nc1c(N)c(Nc2ccc(I)cc2)nc[n+]1Cc1ccc(C)cc1,N-benzyl pyridinium (Menshutkin),pyridinium,False,single reduction; parent reported irreversible,False,488.397,1.0,54.9,3.31,inherently-charged (azinium; no neutral form),1.0,28.0,False
D3TaLES,81JBCI,CC[C@@H](C)Nc1ncnc(Nc2ccc(I)cc2)c1N,2.77,3.874,0.516,8.266,1.053,CC[C@@H](C)Nc1ncnc(Nc2ccc(I)cc2)c1N,,False,element not allowed: I,CC[C@@H](C)Nc1nc[n+](Cc2ccc(C)cc2)c(Nc2ccc(I)cc2)c1N,N-benzyl pyridinium (Menshutkin),pyridinium,False,single reduction; parent reported irreversible,False,488.397,1.0,54.9,3.32,inherently-charged (azinium; no neutral form),1.0,28.0,False
D3TaLES,81MXEP,CCn1cc(NC(=O)NCC2CCC(C)CC2)cn1,2.24,2.718,0.6135,5.753,1.456,CCn1cc(NC(=O)NCC2CCC(C)CC2)cn1,,False,unassigned stereo,CCn1cc(NC(=O)NCC2CCC(C)CC2)c[n+]1Cc1ccc(C)cc1,N-benzyl pyridinium (Menshutkin),pyridinium,False,single reduction; parent reported irreversible,False,369.533,1.0,72.5,2.95,inherently-charged (azinium; no neutral form),1.0,27.0,False
D3TaLES,81RQFS,Cc1nc([C@@H]2CSCCO2)nc(Cl)c1I,3.85,3.562,,8.149,2.352,Cc1nc([C@@H]2CSCCO2)nc(Cl)c1I,,False,element not allowed: I,Cc1ccc(C[n+]2c([C@@H]3CSCCO3)nc(Cl)c(I)c2C)cc1,N-benzyl pyridinium (Menshutkin),pyridinium,False,single reduction; parent reported irreversible,False,461.776,1.0,58.0,3.85,inherently-charged (azinium; no neutral form),1.0,23.0,False
D3TaLES,81RQFS,Cc1nc([C@@H]2CSCCO2)nc(Cl)c1I,3.85,3.562,,8.149,2.352,Cc1nc([C@@H]2CSCCO2)nc(Cl)c1I,,False,element not allowed: I,Cc1ccc(C[n+]2c([C@@H]3CSCCO3)nc(C)c(I)c2Cl)cc1,N-benzyl pyridinium (Menshutkin),pyridinium,False,single reduction; parent reported irreversible,False,461.776,1.0,58.0,3.86,inherently-charged (azinium; no neutral form),1.0,23.0,False
D3TaLES,81HHPD,Nc1ccc(Cn2cncc(I)c2=O)cc1F,2.4,1.612,0.9985,7.962,1.593,Nc1ccc(Cn2cncc(I)c2=O)cc1F,,False,element not allowed: I,Cc1ccc(C[n+]2cc(I)c(=O)n(Cc3ccc(N)c(F)c3)c2)cc1,N-benzyl pyridinium (Menshutkin),pyridinium,False,single reduction; parent reported irreversible,False,450.275,1.0,59.5,2.84,inherently-charged (azinium; no neutral form),1.0,25.0,False
D3TaLES,81NDMS,COCc1nc([C@H](C)OC)[nH]c(=O)c1I,3.55,2.6,0.5768,8.632,1.952,COCc1nc([C@H](C)OC)[nH]c(=O)c1I,,False,element not allowed: I,COCc1c(I)c(=O)[nH]c([C@H](C)OC)[n+]1Cc1ccc(C)cc1,N-benzyl pyridinium (Menshutkin),pyridinium,False,single reduction; parent reported irreversible,False,429.278,1.0,62.4,3.64,inherently-charged (azinium; no neutral form),1.0,23.0,False
D3TaLES,81MPFO,CC1CCC(C)(NC(=O)NCc2nccn2Cc2ccccc2)CC1,2.46,2.502,0.4794,7.36,1.745,CC1CCC(C)(NC(=O)NCc2nccn2Cc2ccccc2)CC1,,False,unassigned stereo,Cc1ccc(C[n+]2ccn(Cc3ccccc3)c2CNC(=O)NC2(C)CCC(C)CC2)cc1,N-benzyl pyridinium (Menshutkin),pyridinium,False,single reduction; parent reported irreversible,False,445.631,1.0,60.1,2.9,inherently-charged (azinium; no neutral form),1.0,33.0,False
D3TaLES,81SSJG,CC1CCC(N(C[C@H]2CCCO2)C(=O)Nc2cn[nH]c2)CC1,3.1,2.441,0.3481,6.544,1.391,CC1CCC(N(C[C@H]2CCCO2)C(=O)Nc2cn[nH]c2)CC1,,False,unassigned stereo,Cc1ccc(C[n+]2cc(NC(=O)N(C[C@H]3CCCO3)C3CCC(C)CC3)c[nH]2)cc1,N-benzyl pyridinium (Menshutkin),pyridinium,False,single reduction; parent reported irreversible,False,411.57,1.0,65.1,3.48,inherently-charged (azinium; no neutral form),1.0,30.0,False
D3TaLES,81WNEA,O=C1c2ccccc2C(=O)c2c1cc(F)c1ccccc21,1.96,,0.2683,,1.972,O=C1c2ccccc2C(=O)c2c1cc(F)c1ccccc21,p-quinone,False,no graft handle,,,p-quinone,True,,,,,,,,,,False
D3TaLES,81IQRX,Ic1ccn(C2CCOCC2)n1,3.04,4.39,0.3785,7.91,2.562,Ic1ccn(C2CCOCC2)n1,,False,element not allowed: I,Cc1ccc(C[n+]2c(I)ccn2C2CCOCC2)cc1,N-benzyl pyridinium (Menshutkin),pyridinium,False,single reduction; parent reported irreversible,False,383.253,1.0,69.9,3.21,inherently-charged (azinium; no neutral form),1.0,20.0,False
D3TaLES,81DJLA,Fc1nc(N2CCCC2)cc(I)c1Cl,2.76,3.711,0.2367,8.181,1.533,Fc1nc(N2CCCC2)cc(I)c1Cl,,False,element not allowed: I,Cc1ccc(C[n+]2c(N3CCCC3)cc(I)c(Cl)c2F)cc1,N-benzyl pyridinium (Menshutkin),pyridinium,False,single reduction; parent reported irreversible,False,431.7,1.0,62.1,2.97,inherently-charged (azinium; no neutral form),1.0,22.0,False
D3TaLES,81EGNR,C[C@@H]1CC(NC(=O)NC[C@@H]2CCCN(c3ncccn3)C2)C[C@@H](C)O1,3.45,2.461,0.2588,7.535,1.293,C[C@@H]1CC(NC(=O)NC[C@@H]2CCCN(c3ncccn3)C2)C[C@@H](C)O1,,False,unassigned stereo,Cc1ccc(C[n+]2cccnc2N2CCC[C@@H](CNC(=O)NC3C[C@@H](C)O[C@H](C)C3)C2)cc1,N-benzyl pyridinium (Menshutkin),pyridinium,False,single reduction; parent reported irreversible,False,452.623,1.0,59.2,3.9,inherently-charged (azinium; no neutral form),1.0,33.0,False
D3TaLES,81CZXR,Cc1cc(I)cnc1NC(=O)c1ccoc1,2.51,1.368,1.456,7.252,1.948,Cc1cc(I)cnc1NC(=O)c1ccoc1,,False,element not allowed: I,Cc1ccc(C[n+]2cc(I)cc(C)c2NC(=O)c2ccoc2)cc1,N-benzyl pyridinium (Menshutkin),pyridinium,False,single reduction; parent reported irreversible,False,433.269,1.0,61.9,2.94,inherently-charged (azinium; no neutral form),1.0,24.0,True
D3TaLES,81UXOF,C[C@@H]1CC(C(=O)Nc2cnc(C(C)(C)C)nc2)C[C@@H](C)O1,3.34,,0.8044,6.179,1.627,C[C@@H]1CC(C(=O)Nc2cnc(C(C)(C)C)nc2)C[C@@H](C)O1,,False,unassigned stereo,Cc1ccc(C[n+]2cc(NC(=O)C3C[C@@H](C)O[C@H](C)C3)cnc2C(C)(C)C)cc1,N-benzyl pyridinium (Menshutkin),pyridinium,False,single reduction; parent reported irreversible,False,396.555,1.0,67.6,3.76,inherently-charged (azinium; no neutral form),1.0,29.0,False
D3TaLES,81MWMH,N#CN/N=N/c1ccc2c(c1)C(=O)c1ccccc1C2=O,2.76,1.6,0.8425,9.117,2.296,N#CN/N=N/c1ccc2c(c1)C(=O)c1ccccc1C2=O,p-quinone,False,ok,Cc1ccc(CN(C#N)/N=N/c2ccc3c(c2)C(=O)c2ccccc2C3=O)cc1,N-benzyl (amine N-H),p-quinone,True,"two reversible waves in MeCN, spacing 0.79-0.94 V (benzoquinones, tier A)",False,380.407,2.0,140.9,2.77,neutral,0.0,29.0,False
D3TaLES,81UVTR,CC(C)c1cc(NC(=O)C2C[C@H](C)O[C@H](C)C2)[nH]n1,3.87,3.28,0.7126,7.528,1.463,CC(C)c1cc(NC(=O)C2C[C@@H](C)O[C@@H](C)C2)[nH]n1,,False,unassigned stereo,Cc1ccc(C[n+]2[nH]c(NC(=O)C3C[C@@H](C)O[C@@H](C)C3)cc2C(C)C)cc1,N-benzyl pyridinium (Menshutkin),pyridinium,False,single reduction; parent reported irreversible,False,370.517,1.0,72.3,4.07,inherently-charged (azinium; no neutral form),1.0,27.0,False
D3TaLES,81ZXNF,CC(C)(C)OC(=O)Oc1ccc(I)nc1Br,2.87,2.368,0.7699,7.138,2.107,CC(C)(C)OC(=O)Oc1ccc(I)nc1Br,,False,element not allowed: I,Cc1ccc(C[n+]2c(I)ccc(OC(=O)OC(C)(C)C)c2Br)cc1,N-benzyl pyridinium (Menshutkin),pyridinium,False,single reduction; parent reported irreversible,False,505.17,1.0,53.1,2.92,inherently-charged (azinium; no neutral form),1.0,24.0,False
D3TaLES,81KTJZ,CC(C)(C)C1CCC(=CC(=O)NC[C@@H]2CCCN(c3ncccn3)C2)CC1,3.21,2.697,0.2856,7.825,1.329,CC(C)(C)C1CCC(=CC(=O)NC[C@@H]2CCCN(c3ncccn3)C2)CC1,,False,unassigned stereo,Cc1ccc(C[n+]2cccnc2N2CCC[C@@H](CNC(=O)C=C3CCC(C(C)(C)C)CC3)C2)cc1,N-benzyl pyridinium (Menshutkin),pyridinium,False,single reduction; parent reported irreversible,False,475.701,1.0,56.3,3.62,inherently-charged (azinium; no neutral form),1.0,35.0,False
D3TaLES,81PSDT,CC1CCC(NC(=O)C(=O)Nc2cc(C(C)C)on2)CC1,2.5,2.627,0.5976,8.508,0.241,CC1CCC(NC(=O)C(=O)Nc2cc(C(C)C)on2)CC1,,False,unassigned stereo,Cc1ccc(C[n+]2oc(C(C)C)cc2NC(=O)C(=O)NC2CCC(C)CC2)cc1,N-benzyl pyridinium (Menshutkin),pyridinium,False,single reduction; parent reported irreversible,False,398.527,1.0,67.3,3.07,inherently-charged (azinium; no neutral form),1.0,29.0,False
D3TaLES,81PXFQ,C[C@@H]1CC(NC(=O)NCC(C)(C)c2ccncc2)C[C@@H](C)O1,3.31,3.098,0.4577,7.762,1.914,C[C@@H]1CC(NC(=O)NCC(C)(C)c2ccncc2)C[C@@H](C)O1,,False,unassigned stereo,Cc1ccc(C[n+]2ccc(C(C)(C)CNC(=O)NC3C[C@@H](C)O[C@H](C)C3)cc2)cc1,N-benzyl pyridinium (Menshutkin),pyridinium,False,single reduction; parent reported irreversible,False,410.582,1.0,65.3,3.53,inherently-charged (azinium; no neutral form),1.0,30.0,False
D3TaLES,81JGDB,Cc1cc(NC23CC4C[C@](C)(C2)C[C@@](C)(C4)C3)nc(Cl)n1,5.26,,,,,Cc1cc(NC23CC4C[C@@](C)(C2)C[C@](C)(C4)C3)nc(Cl)n1,,False,unassigned stereo,Cc1ccc(C[n+]2c(NC34CC5C[C@@](C)(C3)C[C@](C)(C5)C4)cc(C)nc2Cl)cc1,N-benzyl pyridinium (Menshutkin),pyridinium,False,single reduction; parent reported irreversible,False,411.013,1.0,65.2,5.49,inherently-charged (azinium; no neutral form),1.0,29.0,False
D3TaLES,81JGDB,Cc1cc(NC23CC4C[C@](C)(C2)C[C@@](C)(C4)C3)nc(Cl)n1,5.26,,,,,Cc1cc(NC23CC4C[C@@](C)(C2)C[C@](C)(C4)C3)nc(Cl)n1,,False,unassigned stereo,Cc1ccc(C[n+]2c(C)cc(NC34CC5C[C@@](C)(C3)C[C@](C)(C5)C4)nc2Cl)cc1,N-benzyl pyridinium (Menshutkin),pyridinium,False,single reduction; parent reported irreversible,False,411.013,1.0,65.2,5.44,inherently-charged (azinium; no neutral form),1.0,29.0,False
D3TaLES,81LXVR,Cc1nn(Cc2ccc(Br)cc2)c(C)c1N=C=S,2.58,3.109,0.5174,7.683,1.89,Cc1nn(Cc2ccc(Br)cc2)c(C)c1N=C=S,,False,unassigned stereo,Cc1ccc(C[n+]2c(C)c(N=C=S)c(C)n2Cc2ccc(Br)cc2)cc1,N-benzyl pyridinium (Menshutkin),pyridinium,False,single reduction; parent reported irreversible,False,427.391,1.0,62.7,3.12,inherently-charged (azinium; no neutral form),1.0,26.0,False
D3TaLES,81USKD,CCC1CCC(O)(CNc2ncncc2N)CC1,2.81,,0.8574,,0.788,CCC1CCC(O)(CNc2ncncc2N)CC1,,False,unassigned stereo,CCC1CCC(O)(CNc2c(N)cnc[n+]2Cc2ccc(C)cc2)CC1,N-benzyl pyridinium (Menshutkin),pyridinium,False,single reduction; parent reported irreversible,False,355.506,1.0,75.4,3.18,inherently-charged (azinium; no neutral form),1.0,26.0,False
D3TaLES,81USKD,CCC1CCC(O)(CNc2ncncc2N)CC1,2.81,,0.8574,,0.788,CCC1CCC(O)(CNc2ncncc2N)CC1,,False,unassigned stereo,CCC1CCC(O)(CNc2nc[n+](Cc3ccc(C)cc3)cc2N)CC1,N-benzyl pyridinium (Menshutkin),pyridinium,False,single reduction; parent reported irreversible,False,355.506,1.0,75.4,3.07,inherently-charged (azinium; no neutral form),1.0,26.0,False
D3TaLES,81UROY,Cc1ocnc1CNC(=O)N1CCN(CC(=O)NC2CCC(C)CC2)CC1,2.63,4.92,1.191,,1.004,Cc1ocnc1CNC(=O)N1CCN(CC(=O)NC2CCC(C)CC2)CC1,,False,unassigned stereo,Cc1ccc(C[n+]2coc(C)c2CNC(=O)N2CCN(CC(=O)NC3CCC(C)CC3)CC2)cc1,N-benzyl pyridinium (Menshutkin),pyridinium,False,single reduction; parent reported irreversible,False,482.649,1.0,55.5,2.96,inherently-charged (azinium; no neutral form),1.0,35.0,False
D3TaLES,81KOSJ,Cc1cc(C(=O)Nc2cccc(F)c2I)on1,2.39,1.479,0.4309,7.702,2.151,Cc1cc(C(=O)Nc2cccc(F)c2I)on1,,False,element not allowed: I,Cc1ccc(C[n+]2oc(C(=O)Nc3cccc(F)c3I)cc2C)cc1,N-benzyl pyridinium (Menshutkin),pyridinium,False,single reduction; parent reported irreversible,False,451.259,1.0,59.4,2.99,inherently-charged (azinium; no neutral form),1.0,25.0,True
D3TaLES,81KRDY,COCCCNc1ncnc(NC23CC4CC(CC(C4)C2)C3)c1N,3.81,2.563,1.032,7.008,1.055,COCCCNc1ncnc(NC23CC4CC(CC(C4)C2)C3)c1N,,False,unassigned stereo,COCCCNc1c(N)c(NC23CC4CC(CC(C4)C2)C3)nc[n+]1Cc1ccc(C)cc1,N-benzyl pyridinium (Menshutkin),pyridinium,False,single reduction; parent reported irreversible,False,436.624,1.0,61.4,4.23,inherently-charged (azinium; no neutral form),1.0,32.0,False
D3TaLES,81KRDY,COCCCNc1ncnc(NC23CC4CC(CC(C4)C2)C3)c1N,3.81,2.563,1.032,7.008,1.055,COCCCNc1ncnc(NC23CC4CC(CC(C4)C2)C3)c1N,,False,unassigned stereo,COCCCNc1nc[n+](Cc2ccc(C)cc2)c(NC23CC4CC(CC(C4)C2)C3)c1N,N-benzyl pyridinium (Menshutkin),pyridinium,False,single reduction; parent reported irreversible,False,436.624,1.0,61.4,4.19,inherently-charged (azinium; no neutral form),1.0,32.0,False
D3TaLES,81NFRH,Brc1cn2ccnc2c(NC23CC4CC(CC(C4)C2)C3)n1,4.15,2.109,0.3176,7.448,1.26,Brc1cn2ccnc2c(NC23CC4CC(CC(C4)C2)C3)n1,,False,unassigned stereo,Cc1ccc(C[n+]2ccn3cc(Br)nc(NC45CC6CC(CC(C6)C4)C5)c32)cc1,N-benzyl pyridinium (Menshutkin),pyridinium,False,single reduction; parent reported irreversible,False,452.42,1.0,59.2,4.37,inherently-charged (azinium; no neutral form),1.0,29.0,False
D3TaLES,81NFRH,Brc1cn2ccnc2c(NC23CC4CC(CC(C4)C2)C3)n1,4.15,2.109,0.3176,7.448,1.26,Brc1cn2ccnc2c(NC23CC4CC(CC(C4)C2)C3)n1,,False,unassigned stereo,Cc1ccc(C[n+]2c(Br)cn3ccnc3c2NC23CC4CC(CC(C4)C2)C3)cc1,N-benzyl pyridinium (Menshutkin),pyridinium,False,single reduction; parent reported irreversible,False,452.42,1.0,59.2,4.3,inherently-charged (azinium; no neutral form),1.0,29.0,False
D3TaLES,81ZHSL,C[C@@H]1CC(C(=O)Nc2ccn(CC(F)F)n2)C[C@@H](C)O1,3.53,2.305,0.943,6.596,2.014,C[C@@H]1CC(C(=O)Nc2ccn(CC(F)F)n2)C[C@@H](C)O1,,False,unassigned stereo,Cc1ccc(C[n+]2c(NC(=O)C3C[C@@H](C)O[C@H](C)C3)ccn2CC(F)F)cc1,N-benzyl pyridinium (Menshutkin),pyridinium,False,single reduction; parent reported irreversible,False,392.47,1.0,68.3,4.11,inherently-charged (azinium; no neutral form),1.0,28.0,False
D3TaLES,81BZQQ,CCC(C)(C)C1CCC(NC(=O)c2c(C)noc2C)CC1,2.42,3.089,0.499,7.93,2.15,CCC(C)(C)C1CCC(NC(=O)c2c(C)noc2C)CC1,,False,unassigned stereo,CCC(C)(C)C1CCC(NC(=O)c2c(C)o[n+](Cc3ccc(C)cc3)c2C)CC1,N-benzyl pyridinium (Menshutkin),pyridinium,False,single reduction; parent reported irreversible,False,397.583,1.0,67.4,3.04,inherently-charged (azinium; no neutral form),1.0,29.0,False
D3TaLES,81WLEU,Cc1ccc(Cn2ccc(NC(=O)COc3ccc(I)cc3)n2)cc1,2.04,,0.6038,,1.859,Cc1ccc(Cn2ccc(NC(=O)COc3ccc(I)cc3)n2)cc1,,False,element not allowed: I,Cc1ccc(Cn2ccc(NC(=O)COc3ccc(I)cc3)[n+]2Cc2ccc(C)cc2)cc1,N-benzyl pyridinium (Menshutkin),pyridinium,False,single reduction; parent reported irreversible,False,552.436,1.0,48.5,2.86,inherently-charged (azinium; no neutral form),1.0,33.0,False
D3TaLES,81KFLA,C=CC[C@@H](Cc1onc(C)c1I)c1onc(C)c1I,4.2,,0.4116,,2.18,C=CC[C@@H](Cc1onc(C)c1I)c1onc(C)c1I,,False,element not allowed: I,C=CC[C@@H](Cc1o[n+](Cc2ccc(C)cc2)c(C)c1I)c1onc(C)c1I,N-benzyl pyridinium (Menshutkin),pyridinium,False,single reduction; parent reported irreversible,False,589.235,1.0,45.5,4.19,inherently-charged (azinium; no neutral form),1.0,27.0,False
D3TaLES,81KFLA,C=CC[C@@H](Cc1onc(C)c1I)c1onc(C)c1I,4.2,,0.4116,,2.18,C=CC[C@@H](Cc1onc(C)c1I)c1onc(C)c1I,,False,element not allowed: I,C=CC[C@@H](Cc1onc(C)c1I)c1o[n+](Cc2ccc(C)cc2)c(C)c1I,N-benzyl pyridinium (Menshutkin),pyridinium,False,single reduction; parent reported irreversible,False,589.235,1.0,45.5,4.19,inherently-charged (azinium; no neutral form),1.0,27.0,False
D3TaLES,81GPXQ,COCCCn1cc(C)c(I)n1,2.83,4.669,0.2078,7.441,2.002,COCCCn1cc(C)c(I)n1,,False,element not allowed: I,COCCCn1cc(C)c(I)[n+]1Cc1ccc(C)cc1,N-benzyl pyridinium (Menshutkin),pyridinium,False,single reduction; parent reported irreversible,False,385.269,1.0,69.6,3.14,inherently-charged (azinium; no neutral form),1.0,20.0,False
D3TaLES,81CKBI,Cc1nc(CSCCC(=O)NC23CC4CC(CC(C4)C2)C3)cs1,3.79,5.185,1.928,8.301,1.331,Cc1nc(CSCCC(=O)NC23CC4CC(CC(C4)C2)C3)cs1,,False,unassigned stereo,Cc1ccc(C[n+]2c(CSCCC(=O)NC34CC5CC(CC(C5)C3)C4)csc2C)cc1,N-benzyl pyridinium (Menshutkin),pyridinium,False,single reduction; parent reported irreversible,False,455.713,1.0,58.8,4.24,inherently-charged (azinium; no neutral form),1.0,31.0,False
D3TaLES,81POVG,O=C(CSc1ccccn1)N/N=C/c1cccc(I)c1,2.27,1.736,0.7679,8.195,1.849,O=C(CSc1ccccn1)N/N=C/c1cccc(I)c1,,False,element not allowed: I,Cc1ccc(C[n+]2ccccc2SCC(=O)N/N=C/c2cccc(I)c2)cc1,N-benzyl pyridinium (Menshutkin),pyridinium,False,single reduction; parent reported irreversible,False,502.401,1.0,53.3,2.65,inherently-charged (azinium; no neutral form),1.0,28.0,False
D3TaLES,81GPUX,Cc1cc(C)nc([C@@H](C#N)C(=O)C2C[C@@H](C)O[C@H](C)C2)n1,3.91,2.254,0.2863,8.103,2.006,Cc1cc(C)nc([C@@H](C#N)C(=O)C2C[C@@H](C)O[C@H](C)C2)n1,,False,unassigned stereo,Cc1ccc(C[n+]2c(C)cc(C)nc2[C@@H](C#N)C(=O)C2C[C@@H](C)O[C@H](C)C2)cc1,N-benzyl pyridinium (Menshutkin),pyridinium,False,single reduction; parent reported irreversible,False,392.523,1.0,68.3,4.13,inherently-charged (azinium; no neutral form),1.0,29.0,False
D3TaLES,81SWOE,Cc1n[nH]c(C)c1CCOC(=O)C1C[C@H](C)O[C@H](C)C1,3.62,3.924,0.5563,7.263,1.784,Cc1n[nH]c(C)c1CCOC(=O)C1C[C@@H](C)O[C@@H](C)C1,,False,unassigned stereo,Cc1ccc(C[n+]2[nH]c(C)c(CCOC(=O)C3C[C@@H](C)O[C@@H](C)C3)c2C)cc1,N-benzyl pyridinium (Menshutkin),pyridinium,False,single reduction; parent reported irreversible,False,385.528,1.0,69.5,4.02,inherently-charged (azinium; no neutral form),1.0,28.0,False
D3TaLES,81PDQK,Cc1nc(CNC(=O)CNC(=O)CC23CC4CC(CC(C4)C2)C3)c(C)s1,3.84,1.598,,5.592,,Cc1nc(CNC(=O)CNC(=O)CC23CC4CC(CC(C4)C2)C3)c(C)s1,,False,unassigned stereo,Cc1ccc(C[n+]2c(C)sc(C)c2CNC(=O)CNC(=O)CC23CC4CC(CC(C4)C2)C3)cc1,N-benzyl pyridinium (Menshutkin),pyridinium,False,single reduction; parent reported irreversible,False,480.698,1.0,55.8,4.15,inherently-charged (azinium; no neutral form),1.0,34.0,False
D3TaLES,81XBIW,O=C(Cc1nc(COc2ccccc2I)cs1)Nc1ccccc1,2.06,4.624,0.7359,8.507,2.001,O=C(Cc1nc(COc2ccccc2I)cs1)Nc1ccccc1,,False,element not allowed: I,Cc1ccc(C[n+]2c(COc3ccccc3I)csc2CC(=O)Nc2ccccc2)cc1,N-benzyl pyridinium (Menshutkin),pyridinium,False,single reduction; parent reported irreversible,False,555.461,1.0,48.3,2.77,inherently-charged (azinium; no neutral form),1.0,32.0,False
D3TaLES,81RTBA,CCC1CCC(NC(=O)CCc2nc3ccccc3c(=O)[nH]2)CC1,2.25,2.484,0.4734,7.774,1.937,CCC1CCC(NC(=O)CCc2nc3ccccc3c(=O)[nH]2)CC1,,False,unassigned stereo,CCC1CCC(NC(=O)CCc2[nH]c(=O)c3ccccc3[n+]2Cc2ccc(C)cc2)CC1,N-benzyl pyridinium (Menshutkin),pyridinium,False,single reduction; parent reported irreversible,False,432.588,1.0,62.0,2.74,inherently-charged (azinium; no neutral form),1.0,32.0,False
D3TaLES,81LKGM,CCN(C(=O)/C=C/c1cnn(C)c1)C12CC3CC(CC(C3)C1)C2,4.16,2.436,0.8223,8.322,1.74,CCN(C(=O)/C=C/c1cnn(C)c1)C12CC3CC(CC(C3)C1)C2,,False,unassigned stereo,CCN(C(=O)/C=C/c1cn(C)[n+](Cc2ccc(C)cc2)c1)C12CC3CC(CC(C3)C1)C2,N-benzyl pyridinium (Menshutkin),pyridinium,False,single reduction; parent reported irreversible,False,418.605,1.0,64.0,4.52,inherently-charged (azinium; no neutral form),1.0,31.0,False
D3TaLES,81PWXQ,CC[C@@H](NC(=O)C(=O)c1cnn(C)c1)C12CC3CC(CC(C3)C1)C2,4.45,2.289,0.6922,8.975,3.009,CC[C@@H](NC(=O)C(=O)c1cnn(C)c1)C12CC3CC(CC(C3)C1)C2,,False,unassigned stereo,CC[C@@H](NC(=O)C(=O)c1cn(C)[n+](Cc2ccc(C)cc2)c1)C12CC3CC(CC(C3)C1)C2,N-benzyl pyridinium (Menshutkin),pyridinium,False,single reduction; parent reported irreversible,False,434.604,1.0,61.7,4.84,inherently-charged (azinium; no neutral form),1.0,32.0,False
D3TaLES,81OEOM,O=C1CCC[C@H](n2cc(I)cn2)C1,3.37,2.024,0.5733,6.495,2.713,O=C1CCC[C@H](n2cc(I)cn2)C1,,False,element not allowed: I,Cc1ccc(C[n+]2cc(I)cn2[C@H]2CCCC(=O)C2)cc1,N-benzyl pyridinium (Menshutkin),pyridinium,False,single reduction; parent reported irreversible,False,395.264,1.0,67.8,3.65,inherently-charged (azinium; no neutral form),1.0,21.0,False
D3TaLES,81ABUP,FC(F)(F)Oc1cnc(Cl)cc1I,2.75,3.247,0.7757,8.036,2.895,FC(F)(F)Oc1cnc(Cl)cc1I,,False,element not allowed: I,Cc1ccc(C[n+]2cc(OC(F)(F)F)c(I)cc2Cl)cc1,N-benzyl pyridinium (Menshutkin),pyridinium,False,single reduction; parent reported irreversible,False,428.599,1.0,62.5,2.93,inherently-charged (azinium; no neutral form),1.0,21.0,False
D3TaLES,81SMFC,O=C(N1CCN(CCc2ccccn2)CC1)C12CC3CC(CC(C3)C1)C2,3.48,2.406,1.022,7.593,1.038,O=C(N1CCN(CCc2ccccn2)CC1)C12CC3CC(CC(C3)C1)C2,,False,unassigned stereo,Cc1ccc(C[n+]2ccccc2CCN2CCN(C(=O)C34CC5CC(CC(C5)C3)C4)CC2)cc1,N-benzyl pyridinium (Menshutkin),pyridinium,False,single reduction; parent reported irreversible,False,458.67,1.0,58.4,3.88,inherently-charged (azinium; no neutral form),1.0,34.0,False
D3TaLES,81LSYC,CCc1nn(C)cc1NC(=O)C12CC3CC(CC(C3)C1)C2,3.87,2.996,0.6458,6.516,1.512,CCc1nn(C)cc1NC(=O)C12CC3CC(CC(C3)C1)C2,,False,unassigned stereo,CCc1c(NC(=O)C23CC4CC(CC(C4)C2)C3)cn(C)[n+]1Cc1ccc(C)cc1,N-benzyl pyridinium (Menshutkin),pyridinium,False,single reduction; parent reported irreversible,False,392.567,1.0,68.3,4.22,inherently-charged (azinium; no neutral form),1.0,29.0,False
D3TaLES,81YKBD,CC(C)(CNC(=O)NC1CCC(CO)CC1)c1ccncc1,2.42,3.03,0.6222,8.049,1.904,CC(C)(CNC(=O)NC1CCC(CO)CC1)c1ccncc1,,False,unassigned stereo,Cc1ccc(C[n+]2ccc(C(C)(C)CNC(=O)NC3CCC(CO)CC3)cc2)cc1,N-benzyl pyridinium (Menshutkin),pyridinium,False,single reduction; parent reported irreversible,False,410.582,1.0,65.3,2.69,inherently-charged (azinium; no neutral form),1.0,30.0,False
D3TaLES,81UBGM,CN(C(=O)Cn1ncc2ccccc21)C1CCS(=O)CC1,2.82,2.169,0.3314,7.39,1.715,CN(C(=O)Cn1ncc2ccccc21)C1CCS(=O)CC1,,False,unassigned stereo,Cc1ccc(C[n+]2cc3ccccc3n2CC(=O)N(C)C2CCS(=O)CC2)cc1,N-benzyl pyridinium (Menshutkin),pyridinium,False,single reduction; parent reported irreversible,False,410.563,1.0,65.3,3.31,inherently-charged (azinium; no neutral form),1.0,29.0,False
D3TaLES,81HUNQ,CC(C)(CNC(=O)c1ccncc1I)c1ccncc1,2.51,2.446,1.407,8.332,2.022,CC(C)(CNC(=O)c1ccncc1I)c1ccncc1,,False,element not allowed: I,Cc1ccc(C[n+]2ccc(C(=O)NCC(C)(C)c3ccncc3)c(I)c2)cc1,N-benzyl pyridinium (Menshutkin),pyridinium,False,single reduction; parent reported irreversible,False,486.377,1.0,55.1,2.77,inherently-charged (azinium; no neutral form),1.0,28.0,False
D3TaLES,81HUNQ,CC(C)(CNC(=O)c1ccncc1I)c1ccncc1,2.51,2.446,1.407,8.332,2.022,CC(C)(CNC(=O)c1ccncc1I)c1ccncc1,,False,element not allowed: I,Cc1ccc(C[n+]2ccc(C(C)(C)CNC(=O)c3ccncc3I)cc2)cc1,N-benzyl pyridinium (Menshutkin),pyridinium,False,single reduction; parent reported irreversible,False,486.377,1.0,55.1,2.74,inherently-charged (azinium; no neutral form),1.0,28.0,False
D3TaLES,81EKMD,Cc1ncc(I)c(=O)n1CCCCCS,2.73,1.973,0.2241,8.078,1.804,Cc1ncc(I)c(=O)n1CCCCCS,,False,element not allowed: I,Cc1ccc(C[n+]2cc(I)c(=O)n(CCCCCS)c2C)cc1,N-benzyl pyridinium (Menshutkin),pyridinium,False,single reduction; parent reported irreversible,False,443.374,1.0,60.4,3.02,inherently-charged (azinium; no neutral form),1.0,23.0,False
D3TaLES,81CJTP,C[C@H](Sc1ncc2ccccn12)C(=O)NC12CC3CC(CC(C3)C1)C2,4.25,,1.115,,0.977,C[C@H](Sc1ncc2ccccn12)C(=O)NC12CC3CC(CC(C3)C1)C2,,False,unassigned stereo,Cc1ccc(C[n+]2cc3ccccn3c2S[C@@H](C)C(=O)NC23CC4CC(CC(C4)C2)C3)cc1,N-benzyl pyridinium (Menshutkin),pyridinium,False,single reduction; parent reported irreversible,False,460.667,1.0,58.2,4.62,inherently-charged (azinium; no neutral form),1.0,33.0,False
D3TaLES,81EYWT,O=C(Nc1cnn(CCc2ccccc2)c1)c1ccccc1I,1.96,4.729,0.8383,8.686,2.152,O=C(Nc1cnn(CCc2ccccc2)c1)c1ccccc1I,,False,element not allowed: I,Cc1ccc(C[n+]2cc(NC(=O)c3ccccc3I)cn2CCc2ccccc2)cc1,N-benzyl pyridinium (Menshutkin),pyridinium,False,single reduction; parent reported irreversible,False,522.41,1.0,51.3,2.72,inherently-charged (azinium; no neutral form),1.0,31.0,False
D3TaLES,81DGZZ,CCCCC1CCC(CO)(Cc2nc(C)c(C)s2)CC1,2.78,2.492,0.6109,7.354,1.888,CCCCC1CCC(CO)(Cc2nc(C)c(C)s2)CC1,,False,unassigned stereo,CCCCC1CCC(CO)(Cc2sc(C)c(C)[n+]2Cc2ccc(C)cc2)CC1,N-benzyl pyridinium (Menshutkin),pyridinium,False,single reduction; parent reported irreversible,False,400.652,1.0,66.9,3.13,inherently-charged (azinium; no neutral form),1.0,28.0,False
D3TaLES,81XGJA,Clc1nc2ccc(I)cc2nc1Cl,2.43,0.6385,0.364,8.229,2.964,Clc1nc2ccc(I)cc2nc1Cl,,False,element not allowed: I,Cc1ccc(C[n+]2c(Cl)c(Cl)nc3cc(I)ccc32)cc1,N-benzyl pyridinium (Menshutkin),pyridinium,False,single reduction; parent reported irreversible,False,430.096,1.0,62.3,2.82,inherently-charged (azinium; no neutral form),1.0,21.0,True
D3TaLES,81XGJA,Clc1nc2ccc(I)cc2nc1Cl,2.43,0.6385,0.364,8.229,2.964,Clc1nc2ccc(I)cc2nc1Cl,,False,element not allowed: I,Cc1ccc(C[n+]2c(Cl)c(Cl)nc3ccc(I)cc32)cc1,N-benzyl pyridinium (Menshutkin),pyridinium,False,single reduction; parent reported irreversible,False,430.096,1.0,62.3,2.79,inherently-charged (azinium; no neutral form),1.0,21.0,True
D3TaLES,81WLUP,CC1CCC(NC(=O)CN2CCN(c3ccc(C(N)=O)nn3)CC2)CC1,2.34,3.991,1.151,9.286,1.568,CC1CCC(NC(=O)CN2CCN(c3ccc(C(N)=O)nn3)CC2)CC1,,False,unassigned stereo,Cc1ccc(C[n+]2nc(N3CCN(CC(=O)NC4CCC(C)CC4)CC3)ccc2C(N)=O)cc1,N-benzyl pyridinium (Menshutkin),pyridinium,False,single reduction; parent reported irreversible,False,465.622,1.0,57.6,2.91,inherently-charged (azinium; no neutral form),1.0,34.0,False
D3TaLES,81WLUP,CC1CCC(NC(=O)CN2CCN(c3ccc(C(N)=O)nn3)CC2)CC1,2.34,3.991,1.151,9.286,1.568,CC1CCC(NC(=O)CN2CCN(c3ccc(C(N)=O)nn3)CC2)CC1,,False,unassigned stereo,Cc1ccc(C[n+]2nc(C(N)=O)ccc2N2CCN(CC(=O)NC3CCC(C)CC3)CC2)cc1,N-benzyl pyridinium (Menshutkin),pyridinium,False,single reduction; parent reported irreversible,False,465.622,1.0,57.6,2.9,inherently-charged (azinium; no neutral form),1.0,34.0,False
D3TaLES,81BVSI,O=C(NCc1ncc[nH]1)Nc1cc(F)c(I)c(F)c1,2.56,4.475,0.6222,8.178,2.423,O=C(NCc1ncc[nH]1)Nc1cc(F)c(I)c(F)c1,,False,element not allowed: I,Cc1ccc(C[n+]2cc[nH]c2CNC(=O)Nc2cc(F)c(I)c(F)c2)cc1,N-benzyl pyridinium (Menshutkin),pyridinium,False,single reduction; parent reported irreversible,False,483.28,1.0,55.5,2.86,inherently-charged (azinium; no neutral form),1.0,27.0,False
D3TaLES,81TQHS,Cc1nc2cc(NC(=O)CC34C[C@@H]5C[C@@H](CC(O)(C5)C3)C4)ccc2[nH]1,4.79,0.3648,0.5124,5.701,1.188,Cc1nc2cc(NC(=O)CC34C[C@@H]5C[C@@H](CC(O)(C5)C3)C4)ccc2[nH]1,,False,unassigned stereo,Cc1ccc(C[n+]2c(C)[nH]c3ccc(NC(=O)CC45C[C@@H]6C[C@@H](CC(O)(C6)C4)C5)cc32)cc1,N-benzyl pyridinium (Menshutkin),pyridinium,False,single reduction; parent reported irreversible,False,444.599,1.0,60.3,5.14,inherently-charged (azinium; no neutral form),1.0,33.0,True
D3TaLES,81IXNP,O=C(c1cccnc1)c1cccc(I)c1,1.92,0.5302,0.3082,7.118,2.49,O=C(c1cccnc1)c1cccc(I)c1,,False,element not allowed: I,Cc1ccc(C[n+]2cccc(C(=O)c3cccc(I)c3)c2)cc1,N-benzyl pyridinium (Menshutkin),pyridinium,False,single reduction; parent reported irreversible,False,414.266,1.0,64.7,2.33,inherently-charged (azinium; no neutral form),1.0,23.0,True
D3TaLES,81WEKL,O=c1c2ccccc2ncn1CC(O)Cn1cnc2ccccc2c1=O,2.22,2.553,0.4425,8.439,1.851,O=c1c2ccccc2ncn1CC(O)Cn1cnc2ccccc2c1=O,,False,unassigned stereo,Cc1ccc(C[n+]2cn(CC(O)Cn3cnc4ccccc4c3=O)c(=O)c3ccccc32)cc1,N-benzyl pyridinium (Menshutkin),pyridinium,False,single reduction; parent reported irreversible,False,453.522,1.0,59.1,3.12,inherently-charged (azinium; no neutral form),1.0,34.0,False
D3TaLES,81YYST,O=C(NC12CC3CC(CC(C3)C1)C2)c1cnc2ccccc2n1,3.47,1.416,0.3663,8.524,2.163,O=C(NC12CC3CC(CC(C3)C1)C2)c1cnc2ccccc2n1,,False,unassigned stereo,Cc1ccc(C[n+]2cc(C(=O)NC34CC5CC(CC(C5)C3)C4)nc3ccccc32)cc1,N-benzyl pyridinium (Menshutkin),pyridinium,False,single reduction; parent reported irreversible,False,412.557,1.0,65.0,3.91,inherently-charged (azinium; no neutral form),1.0,31.0,True
D3TaLES,81YYST,O=C(NC12CC3CC(CC(C3)C1)C2)c1cnc2ccccc2n1,3.47,1.416,0.3663,8.524,2.163,O=C(NC12CC3CC(CC(C3)C1)C2)c1cnc2ccccc2n1,,False,unassigned stereo,Cc1ccc(C[n+]2c(C(=O)NC34CC5CC(CC(C5)C3)C4)cnc3ccccc32)cc1,N-benzyl pyridinium (Menshutkin),pyridinium,False,single reduction; parent reported irreversible,False,412.557,1.0,65.0,3.98,inherently-charged (azinium; no neutral form),1.0,31.0,True
D3TaLES,81DBIC,CCN(CC)c1ncc(Cl)c(C(=O)NCC2CCC(C)CC2)n1,2.49,0.8256,0.3293,6.822,1.273,CCN(CC)c1ncc(Cl)c(C(=O)NCC2CCC(C)CC2)n1,,False,unassigned stereo,CCN(CC)c1nc(C(=O)NCC2CCC(C)CC2)c(Cl)c[n+]1Cc1ccc(C)cc1,N-benzyl pyridinium (Menshutkin),pyridinium,False,single reduction; parent reported irreversible,False,444.043,1.0,60.4,2.95,inherently-charged (azinium; no neutral form),1.0,31.0,True
D3TaLES,81DBIC,CCN(CC)c1ncc(Cl)c(C(=O)NCC2CCC(C)CC2)n1,2.49,0.8256,0.3293,6.822,1.273,CCN(CC)c1ncc(Cl)c(C(=O)NCC2CCC(C)CC2)n1,,False,unassigned stereo,CCN(CC)c1ncc(Cl)c(C(=O)NCC2CCC(C)CC2)[n+]1Cc1ccc(C)cc1,N-benzyl pyridinium (Menshutkin),pyridinium,False,single reduction; parent reported irreversible,False,444.043,1.0,60.4,3.01,inherently-charged (azinium; no neutral form),1.0,31.0,True
D3TaLES,81QDRV,C[C@@H](c1ccccn1)[C@@H](O)c1cccc(I)c1,3.02,3.864,0.2368,7.922,2.039,C[C@@H](c1ccccn1)[C@@H](O)c1cccc(I)c1,,False,element not allowed: I,Cc1ccc(C[n+]2ccccc2[C@H](C)[C@@H](O)c2cccc(I)c2)cc1,N-benzyl pyridinium (Menshutkin),pyridinium,False,single reduction; parent reported irreversible,False,444.336,1.0,60.3,3.44,inherently-charged (azinium; no neutral form),1.0,25.0,False
D3TaLES,81VCMN,Cc1nc(NC(=S)NC(=O)CC23CC4CC(CC(C4)C2)C3)ccc1Br,3.84,2.709,1.56,9.171,0.474,Cc1nc(NC(=S)NC(=O)CC23CC4CC(CC(C4)C2)C3)ccc1Br,,False,unassigned stereo,Cc1ccc(C[n+]2c(NC(=S)NC(=O)CC34CC5CC(CC(C5)C3)C4)ccc(Br)c2C)cc1,N-benzyl pyridinium (Menshutkin),pyridinium,False,single reduction; parent reported irreversible,False,527.552,1.0,50.8,4.2,inherently-charged (azinium; no neutral form),1.0,33.0,False
D3TaLES,81HACV,CSc1sc(NC(=O)C2C[C@@H](C)O[C@H](C)C2)nc1C,3.48,0.504,1.306,6.062,1.525,CSc1sc(NC(=O)C2C[C@@H](C)O[C@H](C)C2)nc1C,,False,unassigned stereo,CSc1sc(NC(=O)C2C[C@@H](C)O[C@H](C)C2)[n+](Cc2ccc(C)cc2)c1C,N-benzyl pyridinium (Menshutkin),pyridinium,False,single reduction; parent reported irreversible,False,405.609,1.0,66.1,3.86,inherently-charged (azinium; no neutral form),1.0,27.0,True
D3TaLES,81SINV,Cn1nc(C(F)(F)F)cc1N=C=S,3.35,2.845,0.6002,8.17,2.601,Cn1nc(C(F)(F)F)cc1N=C=S,,False,unassigned stereo,Cc1ccc(C[n+]2c(C(F)(F)F)cc(N=C=S)n2C)cc1,N-benzyl pyridinium (Menshutkin),pyridinium,False,single reduction; parent reported irreversible,False,312.34,1.0,85.8,3.5,inherently-charged (azinium; no neutral form),1.0,21.0,False
D3TaLES,81UEKS,Cc1cc(CC(=O)N2C[C@@H]3CCC[C@H](C2)C3O)no1,4.16,3.972,0.798,6.958,1.668,Cc1cc(CC(=O)N2C[C@H]3CCC[C@@H](C2)C3O)no1,,False,unassigned stereo,Cc1ccc(C[n+]2oc(C)cc2CC(=O)N2C[C@H]3CCC[C@@H](C2)C3O)cc1,N-benzyl pyridinium (Menshutkin),pyridinium,False,single reduction; parent reported irreversible,False,369.485,1.0,72.5,4.73,inherently-charged (azinium; no neutral form),1.0,27.0,False
D3TaLES,81MWUF,Cc1cc(C(=O)N2CCN(C3C[C@H](C)O[C@H](C)C3)CC2)on1,3.46,2.641,0.624,8.2,1.311,Cc1cc(C(=O)N2CCN(C3C[C@@H](C)O[C@@H](C)C3)CC2)on1,,False,unassigned stereo,Cc1ccc(C[n+]2oc(C(=O)N3CCN(C4C[C@@H](C)O[C@@H](C)C4)CC3)cc2C)cc1,N-benzyl pyridinium (Menshutkin),pyridinium,False,single reduction; parent reported irreversible,False,412.554,1.0,65.0,3.97,inherently-charged (azinium; no neutral form),1.0,30.0,False
D3TaLES,81DMQL,CCN(CC)C(=O)c1cnc(C23CC4CC(CC(C4)C2)C3)[nH]c1=O,3.88,2.444,1.115,8.199,2.192,CCN(CC)C(=O)c1cnc(C23CC4CC(CC(C4)C2)C3)[nH]c1=O,,False,unassigned stereo,CCN(CC)C(=O)c1c[n+](Cc2ccc(C)cc2)c(C23CC4CC(CC(C4)C2)C3)[nH]c1=O,N-benzyl pyridinium (Menshutkin),pyridinium,False,single reduction; parent reported irreversible,False,434.604,1.0,61.7,4.15,inherently-charged (azinium; no neutral form),1.0,32.0,False
D3TaLES,81KOQF,NNC(=O)c1ccc2c(c1)C(=O)c1ccccc1C2=O,1.93,1.351,,8.692,1.951,NNC(=O)c1ccc2c(c1)C(=O)c1ccccc1C2=O,p-quinone,False,ok,Cc1ccc(CNNC(=O)c2ccc3c(c2)C(=O)c2ccccc2C3=O)cc1,N-benzyl (amine N-H),p-quinone,True,"two reversible waves in MeCN, spacing 0.79-0.94 V (benzoquinones, tier A)",False,370.408,2.0,144.7,2.08,neutral,0.0,28.0,True
D3TaLES,81LFAS,N#C/C(=C\c1ccc(O)c(I)c1)c1nc2ccccc2[nH]1,2.51,1.859,0.3512,8.564,1.782,N#C/C(=C\c1ccc(O)c(I)c1)c1nc2ccccc2[nH]1,,False,element not allowed: I,Cc1ccc(C[n+]2c(/C(C#N)=C/c3ccc(O)c(I)c3)[nH]c3ccccc32)cc1,N-benzyl pyridinium (Menshutkin),pyridinium,False,single reduction; parent reported irreversible,False,492.34,1.0,54.4,2.95,inherently-charged (azinium; no neutral form),1.0,29.0,False
D3TaLES,81HAEF,C[C@H]1CO[C@H](C)CN1C(=O)c1ccncc1I,3.4,1.358,,6.595,,C[C@@H]1CN(C(=O)c2ccncc2I)[C@@H](C)CO1,,False,element not allowed: I,Cc1ccc(C[n+]2ccc(C(=O)N3C[C@@H](C)OC[C@@H]3C)c(I)c2)cc1,N-benzyl pyridinium (Menshutkin),pyridinium,False,single reduction; parent reported irreversible,False,451.328,1.0,59.4,3.56,inherently-charged (azinium; no neutral form),1.0,25.0,True
D3TaLES,81NMIP,C[C@@H]1CC(Oc2cncc(CO)n2)C[C@@H](C)C1,3.44,1.905,0.957,6.375,2.104,C[C@@H]1CC(Oc2cncc(CO)n2)C[C@@H](C)C1,,False,unassigned stereo,Cc1ccc(C[n+]2cc(CO)nc(OC3C[C@@H](C)C[C@H](C)C3)c2)cc1,N-benzyl pyridinium (Menshutkin),pyridinium,False,single reduction; parent reported irreversible,False,341.475,1.0,78.5,3.69,inherently-charged (azinium; no neutral form),1.0,25.0,False
D3TaLES,81NMIP,C[C@@H]1CC(Oc2cncc(CO)n2)C[C@@H](C)C1,3.44,1.905,0.957,6.375,2.104,C[C@@H]1CC(Oc2cncc(CO)n2)C[C@@H](C)C1,,False,unassigned stereo,Cc1ccc(C[n+]2c(CO)cncc2OC2C[C@@H](C)C[C@H](C)C2)cc1,N-benzyl pyridinium (Menshutkin),pyridinium,False,single reduction; parent reported irreversible,False,341.475,1.0,78.5,3.84,inherently-charged (azinium; no neutral form),1.0,25.0,False
D3TaLES,81ZUQC,C[C@@H]1CC(C(=O)Nc2cncnc2N(C)C)C[C@@H](C)O1,3.42,,1.032,,1.387,C[C@@H]1CC(C(=O)Nc2cncnc2N(C)C)C[C@@H](C)O1,,False,unassigned stereo,Cc1ccc(C[n+]2cnc(N(C)C)c(NC(=O)C3C[C@@H](C)O[C@H](C)C3)c2)cc1,N-benzyl pyridinium (Menshutkin),pyridinium,False,single reduction; parent reported irreversible,False,383.516,1.0,69.9,3.7,inherently-charged (azinium; no neutral form),1.0,28.0,False
D3TaLES,81ZUQC,C[C@@H]1CC(C(=O)Nc2cncnc2N(C)C)C[C@@H](C)O1,3.42,,1.032,,1.387,C[C@@H]1CC(C(=O)Nc2cncnc2N(C)C)C[C@@H](C)O1,,False,unassigned stereo,Cc1ccc(C[n+]2cncc(NC(=O)C3C[C@@H](C)O[C@H](C)C3)c2N(C)C)cc1,N-benzyl pyridinium (Menshutkin),pyridinium,False,single reduction; parent reported irreversible,False,383.516,1.0,69.9,3.82,inherently-charged (azinium; no neutral form),1.0,28.0,False
D3TaLES,81TGIO,CCc1cc(Cn2nc(C)c(I)c2C)n(C)n1,2.78,,0.5939,6.844,2.059,CCc1cc(Cn2nc(C)c(I)c2C)n(C)n1,,False,element not allowed: I,CCc1cc(Cn2c(C)c(I)c(C)[n+]2Cc2ccc(C)cc2)n(C)n1,N-benzyl pyridinium (Menshutkin),pyridinium,False,single reduction; parent reported irreversible,False,449.36,1.0,59.6,3.24,inherently-charged (azinium; no neutral form),1.0,25.0,False
D3TaLES,81TGIO,CCc1cc(Cn2nc(C)c(I)c2C)n(C)n1,2.78,,0.5939,6.844,2.059,CCc1cc(Cn2nc(C)c(I)c2C)n(C)n1,,False,element not allowed: I,CCc1cc(Cn2nc(C)c(I)c2C)n(C)[n+]1Cc1ccc(C)cc1,N-benzyl pyridinium (Menshutkin),pyridinium,False,single reduction; parent reported irreversible,False,449.36,1.0,59.6,3.26,inherently-charged (azinium; no neutral form),1.0,25.0,False
D3TaLES,81PNMZ,CC(C)OC1CCC(NC(=O)Nc2cncc3ccccc23)CC1,2.36,2.575,,8.564,1.421,CC(C)OC1CCC(NC(=O)Nc2cncc3ccccc23)CC1,,False,unassigned stereo,Cc1ccc(C[n+]2cc(NC(=O)NC3CCC(OC(C)C)CC3)c3ccccc3c2)cc1,N-benzyl pyridinium (Menshutkin),pyridinium,False,single reduction; parent reported irreversible,False,432.588,1.0,62.0,2.73,inherently-charged (azinium; no neutral form),1.0,32.0,False
D3TaLES,81TRVH,CCc1nc(CN2CCN(C(=O)C3C[C@H](C)O[C@@H](C)C3)CC2)cs1,3.26,,0.6812,,0.989,CCc1nc(CN2CCN(C(=O)C3C[C@H](C)O[C@@H](C)C3)CC2)cs1,,False,unassigned stereo,CCc1scc(CN2CCN(C(=O)C3C[C@H](C)O[C@@H](C)C3)CC2)[n+]1Cc1ccc(C)cc1,N-benzyl pyridinium (Menshutkin),pyridinium,False,single reduction; parent reported irreversible,False,456.676,1.0,58.7,3.84,inherently-charged (azinium; no neutral form),1.0,32.0,False
D3TaLES,81EYTSSC,CN(C)c1ccc(NC(=O)c2ccc(N3C(=O)c4ccccc4C3=O)cc2)cc1,1.88,2.093,0.4839,8.632,0.724,CN(C)c1ccc(NC(=O)c2ccc(N3C(=O)c4ccccc4C3=O)cc2)cc1,mono-imide,False,no graft handle,,,mono-imide,False,,,,,,,,,,False
D3TaLES,81DXNE,CC1CCC(N(C)C(=O)CCc2nc3ccccc3c(=O)[nH]2)CC1,2.37,2.371,1.365,6.313,1.708,CC1CCC(N(C)C(=O)CCc2nc3ccccc3c(=O)[nH]2)CC1,,False,unassigned stereo,Cc1ccc(C[n+]2c(CCC(=O)N(C)C3CCC(C)CC3)[nH]c(=O)c3ccccc32)cc1,N-benzyl pyridinium (Menshutkin),pyridinium,False,single reduction; parent reported irreversible,False,432.588,1.0,62.0,2.83,inherently-charged (azinium; no neutral form),1.0,32.0,False
D3TaLES,81MKKS,CC(C)c1ccc(C=NNC(=O)c2ccc(Cn3cccn3)o2)cc1,2.34,2.887,0.876,6.626,1.456,CC(C)c1ccc(C=NNC(=O)c2ccc(Cn3cccn3)o2)cc1,,False,unassigned stereo,Cc1ccc(C[n+]2cccn2Cc2ccc(C(=O)NN=Cc3ccc(C(C)C)cc3)o2)cc1,N-benzyl pyridinium (Menshutkin),pyridinium,False,single reduction; parent reported irreversible,False,441.555,1.0,60.7,2.93,inherently-charged (azinium; no neutral form),1.0,33.0,False
D3TaLES,81GGCLGR,C[C@H]1CC(C(=O)NNc2ncnc3[nH]cnc23)C[C@H](C)O1,3.74,3.589,0.5756,5.991,1.658,C[C@H]1CC(C(=O)NNc2ncnc3[nH]cnc23)C[C@H](C)O1,,False,unassigned stereo,Cc1ccc(C[n+]2cnc3[nH]cnc3c2NNC(=O)C2C[C@H](C)O[C@@H](C)C2)cc1,N-benzyl pyridinium (Menshutkin),pyridinium,False,single reduction; parent reported irreversible,False,395.487,1.0,67.8,4.04,inherently-charged (azinium; no neutral form),1.0,29.0,False
D3TaLES,81GGCLGR,C[C@H]1CC(C(=O)NNc2ncnc3[nH]cnc23)C[C@H](C)O1,3.74,3.589,0.5756,5.991,1.658,C[C@H]1CC(C(=O)NNc2ncnc3[nH]cnc23)C[C@H](C)O1,,False,unassigned stereo,Cc1ccc(C[n+]2cnc(NNC(=O)C3C[C@H](C)O[C@@H](C)C3)c3nc[nH]c32)cc1,N-benzyl pyridinium (Menshutkin),pyridinium,False,single reduction; parent reported irreversible,False,395.487,1.0,67.8,3.99,inherently-charged (azinium; no neutral form),1.0,29.0,False
D3TaLES,81GGCLGR,C[C@H]1CC(C(=O)NNc2ncnc3[nH]cnc23)C[C@H](C)O1,3.74,3.589,0.5756,5.991,1.658,C[C@H]1CC(C(=O)NNc2ncnc3[nH]cnc23)C[C@H](C)O1,,False,unassigned stereo,Cc1ccc(C[n+]2c[nH]c3ncnc(NNC(=O)C4C[C@H](C)O[C@@H](C)C4)c32)cc1,N-benzyl pyridinium (Menshutkin),pyridinium,False,single reduction; parent reported irreversible,False,395.487,1.0,67.8,3.93,inherently-charged (azinium; no neutral form),1.0,29.0,False
D3TaLES,81HMWJ,C[C@H](OC(=O)C1C[C@@H](C)O[C@H](C)C1)c1nc2cc(Cl)ccc2[nH]1,3.54,6.762,0.6562,7.383,2.029,C[C@@H]1CC(C(=O)O[C@@H](C)c2nc3cc(Cl)ccc3[nH]2)C[C@@H](C)O1,,False,unassigned stereo,Cc1ccc(C[n+]2c([C@H](C)OC(=O)C3C[C@@H](C)O[C@H](C)C3)[nH]c3ccc(Cl)cc32)cc1,N-benzyl pyridinium (Menshutkin),pyridinium,False,single reduction; parent reported irreversible,False,441.979,1.0,60.6,3.94,inherently-charged (azinium; no neutral form),1.0,31.0,False
D3TaLES,81HAGD,O=C(Cn1ncc(Br)c(Br)c1=O)C12CC3CC(CC(C3)C1)C2,3.95,1.997,0.2997,7.086,2.067,O=C(Cn1ncc(Br)c(Br)c1=O)C12CC3CC(CC(C3)C1)C2,,False,unassigned stereo,Cc1ccc(C[n+]2cc(Br)c(Br)c(=O)n2CC(=O)C23CC4CC(CC(C4)C2)C3)cc1,N-benzyl pyridinium (Menshutkin),pyridinium,False,single reduction; parent reported irreversible,False,535.3,1.0,50.1,4.33,inherently-charged (azinium; no neutral form),1.0,30.0,False
D3TaLES,81ORPF,Nc1cnn(CC(=O)Nc2ccccc2I)c1,2.21,5.576,0.8536,7.147,1.946,Nc1cnn(CC(=O)Nc2ccccc2I)c1,,False,element not allowed: I,Cc1ccc(C[n+]2cc(N)cn2CC(=O)Nc2ccccc2I)cc1,N-benzyl pyridinium (Menshutkin),pyridinium,False,single reduction; parent reported irreversible,False,447.3,1.0,59.9,2.9,inherently-charged (azinium; no neutral form),1.0,25.0,False
D3TaLES,81DSDD,CCC1CCC(NC(=O)Nc2cc(COC)ncn2)CC1,2.4,2.697,1.759,6.267,1.739,CCC1CCC(NC(=O)Nc2cc(COC)ncn2)CC1,,False,unassigned stereo,CCC1CCC(NC(=O)Nc2cc(COC)[n+](Cc3ccc(C)cc3)cn2)CC1,N-benzyl pyridinium (Menshutkin),pyridinium,False,single reduction; parent reported irreversible,False,397.543,1.0,67.4,2.88,inherently-charged (azinium; no neutral form),1.0,29.0,False
D3TaLES,81DSDD,CCC1CCC(NC(=O)Nc2cc(COC)ncn2)CC1,2.4,2.697,1.759,6.267,1.739,CCC1CCC(NC(=O)Nc2cc(COC)ncn2)CC1,,False,unassigned stereo,CCC1CCC(NC(=O)Nc2cc(COC)nc[n+]2Cc2ccc(C)cc2)CC1,N-benzyl pyridinium (Menshutkin),pyridinium,False,single reduction; parent reported irreversible,False,397.543,1.0,67.4,2.9,inherently-charged (azinium; no neutral form),1.0,29.0,False
D3TaLES,81XWZF,C[C@H]1CCC[C@@H](C)C1NC(=O)N1CCC(NC(=O)c2cnn(C)c2)CC1,3.45,3.136,0.9703,7.485,2.219,C[C@@H]1CCC[C@H](C)C1NC(=O)N1CCC(NC(=O)c2cnn(C)c2)CC1,,False,unassigned stereo,Cc1ccc(C[n+]2cc(C(=O)NC3CCN(C(=O)NC4[C@H](C)CCC[C@@H]4C)CC3)cn2C)cc1,N-benzyl pyridinium (Menshutkin),pyridinium,False,single reduction; parent reported irreversible,False,466.65,1.0,57.4,3.99,inherently-charged (azinium; no neutral form),1.0,34.0,False
D3TaLES,81JORQ,CON1C(=O)c2cccc3c(Br)ccc(c23)C1=O,2.37,0.3307,0.2667,7.633,2.287,CON1C(=O)c2cccc3c(Br)ccc(c23)C1=O,mono-imide,False,no graft handle,,,mono-imide,False,,,,,,,,,,True
D3TaLES,81REVW,CCCC1CCC(NS(=O)(=O)c2cnn(C)c2)CC1,2.34,1.812,1.243,5.615,1.947,CCCC1CCC(NS(=O)(=O)c2cnn(C)c2)CC1,,False,unassigned stereo,CCCC1CCC(NS(=O)(=O)c2cn(C)[n+](Cc3ccc(C)cc3)c2)CC1,N-benzyl pyridinium (Menshutkin),pyridinium,False,single reduction; parent reported irreversible,False,390.573,1.0,68.6,2.94,inherently-charged (azinium; no neutral form),1.0,27.0,False
D3TaLES,81EPRL,CSCc1csc(NC(=O)C23CC4CC(CC(C4)C2)C3)n1,3.75,0.4919,0.8669,5.881,1.393,CSCc1csc(NC(=O)C23CC4CC(CC(C4)C2)C3)n1,,False,unassigned stereo,CSCc1csc(NC(=O)C23CC4CC(CC(C4)C2)C3)[n+]1Cc1ccc(C)cc1,N-benzyl pyridinium (Menshutkin),pyridinium,False,single reduction; parent reported irreversible,False,427.659,1.0,62.7,4.24,inherently-charged (azinium; no neutral form),1.0,29.0,True
D3TaLES,81DLTS,CC1CCC(OCCCn2cnc3c(N)ncnc32)CC1,2.52,0.808,0.5294,5.64,1.694,CC1CCC(OCCCn2cnc3c(N)ncnc32)CC1,,False,unassigned stereo,Cc1ccc(C[n+]2cn(CCCOC3CCC(C)CC3)c3ncnc(N)c32)cc1,N-benzyl pyridinium (Menshutkin),pyridinium,False,single reduction; parent reported irreversible,False,394.543,1.0,67.9,3.0,inherently-charged (azinium; no neutral form),1.0,29.0,True
D3TaLES,81DLTS,CC1CCC(OCCCn2cnc3c(N)ncnc32)CC1,2.52,0.808,0.5294,5.64,1.694,CC1CCC(OCCCn2cnc3c(N)ncnc32)CC1,,False,unassigned stereo,Cc1ccc(C[n+]2cnc3c(ncn3CCCOC3CCC(C)CC3)c2N)cc1,N-benzyl pyridinium (Menshutkin),pyridinium,False,single reduction; parent reported irreversible,False,394.543,1.0,67.9,2.88,inherently-charged (azinium; no neutral form),1.0,29.0,True
D3TaLES,81DLTS,CC1CCC(OCCCn2cnc3c(N)ncnc32)CC1,2.52,0.808,0.5294,5.64,1.694,CC1CCC(OCCCn2cnc3c(N)ncnc32)CC1,,False,unassigned stereo,Cc1ccc(C[n+]2cnc(N)c3ncn(CCCOC4CCC(C)CC4)c32)cc1,N-benzyl pyridinium (Menshutkin),pyridinium,False,single reduction; parent reported irreversible,False,394.543,1.0,67.9,3.0,inherently-charged (azinium; no neutral form),1.0,29.0,True
D3TaLES,81UXXD,CCCn1nc(C(C)(C)C)c(I)c1N,2.9,,,,,CCCn1nc(C(C)(C)C)c(I)c1N,,False,element not allowed: I,CCCn1c(N)c(I)c(C(C)(C)C)[n+]1Cc1ccc(C)cc1,N-benzyl pyridinium (Menshutkin),pyridinium,False,single reduction; parent reported irreversible,False,412.339,1.0,65.0,3.24,inherently-charged (azinium; no neutral form),1.0,22.0,False
D3TaLES,81WQPA,Cc1nc(Cc2ccccc2)sc1C(=O)NN=Cc1ccccc1,2.05,0.2942,0.9118,6.802,1.53,Cc1nc(Cc2ccccc2)sc1C(=O)NN=Cc1ccccc1,,False,unassigned stereo,Cc1ccc(C[n+]2c(Cc3ccccc3)sc(C(=O)NN=Cc3ccccc3)c2C)cc1,N-benzyl pyridinium (Menshutkin),pyridinium,False,single reduction; parent reported irreversible,False,440.592,1.0,60.8,2.68,inherently-charged (azinium; no neutral form),1.0,32.0,True
D3TaLES,81SBQP,CCOC(=O)C1CCC(Nc2nccn(CC(C)C)c2=O)CC1,2.41,1.2,0.5266,6.017,0.913,CCOC(=O)C1CCC(Nc2nccn(CC(C)C)c2=O)CC1,,False,unassigned stereo,CCOC(=O)C1CCC(Nc2c(=O)n(CC(C)C)cc[n+]2Cc2ccc(C)cc2)CC1,N-benzyl pyridinium (Menshutkin),pyridinium,False,single reduction; parent reported irreversible,False,426.581,1.0,62.8,2.87,inherently-charged (azinium; no neutral form),1.0,31.0,True
D3TaLES,81OTOH,Nc1nc2ccc(NC(=O)c3ccc(I)cc3)cc2s1,2.01,0.5682,0.588,6.622,0.99,Nc1nc2ccc(NC(=O)c3ccc(I)cc3)cc2s1,,False,element not allowed: I,Cc1ccc(C[n+]2c(N)sc3cc(NC(=O)c4ccc(I)cc4)ccc32)cc1,N-benzyl pyridinium (Menshutkin),pyridinium,False,single reduction; parent reported irreversible,False,500.385,1.0,53.6,2.52,inherently-charged (azinium; no neutral form),1.0,28.0,True
D3TaLES,81BPNP,CC1CCC(NC(=O)C(=O)Nc2ccc(Oc3cccnc3)nc2)CC1,2.31,0.7473,0.3778,6.541,1.618,CC1CCC(NC(=O)C(=O)Nc2ccc(Oc3cccnc3)nc2)CC1,,False,unassigned stereo,Cc1ccc(C[n+]2cccc(Oc3ccc(NC(=O)C(=O)NC4CCC(C)CC4)cn3)c2)cc1,N-benzyl pyridinium (Menshutkin),pyridinium,False,single reduction; parent reported irreversible,False,459.57,1.0,58.3,2.69,inherently-charged (azinium; no neutral form),1.0,34.0,True
D3TaLES,81BPNP,CC1CCC(NC(=O)C(=O)Nc2ccc(Oc3cccnc3)nc2)CC1,2.31,0.7473,0.3778,6.541,1.618,CC1CCC(NC(=O)C(=O)Nc2ccc(Oc3cccnc3)nc2)CC1,,False,unassigned stereo,Cc1ccc(C[n+]2cc(NC(=O)C(=O)NC3CCC(C)CC3)ccc2Oc2cccnc2)cc1,N-benzyl pyridinium (Menshutkin),pyridinium,False,single reduction; parent reported irreversible,False,459.57,1.0,58.3,2.86,inherently-charged (azinium; no neutral form),1.0,34.0,True
D3TaLES,81OCNX,C[C@H]1CC(Nc2ccn(CCC(N)=O)n2)C[C@@H](C)O1,3.57,2.542,1.106,4.954,0.806,C[C@@H]1CC(Nc2ccn(CCC(N)=O)n2)C[C@H](C)O1,,False,unassigned stereo,Cc1ccc(C[n+]2c(NC3C[C@@H](C)O[C@@H](C)C3)ccn2CCC(N)=O)cc1,N-benzyl pyridinium (Menshutkin),pyridinium,False,single reduction; parent reported irreversible,False,371.505,1.0,72.1,4.18,inherently-charged (azinium; no neutral form),1.0,27.0,False
D3TaLES,81UREM,N#Cc1cnc(Cl)cc1I,2.93,2.14,,7.444,,N#Cc1cnc(Cl)cc1I,,False,element not allowed: I,Cc1ccc(C[n+]2cc(C#N)c(I)cc2Cl)cc1,N-benzyl pyridinium (Menshutkin),pyridinium,False,single reduction; parent reported irreversible,False,369.613,1.0,72.5,2.98,inherently-charged (azinium; no neutral form),1.0,18.0,False
D3TaLES,81BINC,N#C[C@@H](C(=O)Nc1ccccc1I)c1ccccn1,2.78,0.3746,0.713,6.287,1.667,N#C[C@@H](C(=O)Nc1ccccc1I)c1ccccn1,,False,element not allowed: I,Cc1ccc(C[n+]2ccccc2[C@@H](C#N)C(=O)Nc2ccccc2I)cc1,N-benzyl pyridinium (Menshutkin),pyridinium,False,single reduction; parent reported irreversible,False,468.318,1.0,57.2,3.16,inherently-charged (azinium; no neutral form),1.0,27.0,True
D3TaLES,81QSCB,C[C@H]1CC(Nc2ccc(OCc3ccccn3)c(Cl)c2)C[C@H](C)O1,3.01,0.973,0.7066,5.924,0.753,C[C@H]1CC(Nc2ccc(OCc3ccccn3)c(Cl)c2)C[C@H](C)O1,,False,unassigned stereo,Cc1ccc(C[n+]2ccccc2COc2ccc(NC3C[C@H](C)O[C@@H](C)C3)cc2Cl)cc1,N-benzyl pyridinium (Menshutkin),pyridinium,False,single reduction; parent reported irreversible,False,452.018,1.0,59.3,3.47,inherently-charged (azinium; no neutral form),1.0,32.0,True
D3TaLES,81JWXT,CSc1ccc(NC(=O)C(=O)N(C)CC2CCC(C)CC2)cn1,2.57,1.853,0.5182,6.564,1.48,CSc1ccc(NC(=O)C(=O)N(C)CC2CCC(C)CC2)cn1,,False,unassigned stereo,CSc1ccc(NC(=O)C(=O)N(C)CC2CCC(C)CC2)c[n+]1Cc1ccc(C)cc1,N-benzyl pyridinium (Menshutkin),pyridinium,False,single reduction; parent reported irreversible,False,440.633,1.0,60.8,2.99,inherently-charged (azinium; no neutral form),1.0,31.0,False
D3TaLES,81FHCS,CCc1csc(NC(=O)NC2CCC(C(=O)OC(C)(C)C)CC2)n1,2.38,1.295,0.8845,5.887,1.192,CCc1csc(NC(=O)NC2CCC(C(=O)OC(C)(C)C)CC2)n1,,False,unassigned stereo,CCc1csc(NC(=O)NC2CCC(C(=O)OC(C)(C)C)CC2)[n+]1Cc1ccc(C)cc1,N-benzyl pyridinium (Menshutkin),pyridinium,False,single reduction; parent reported irreversible,False,458.648,1.0,58.4,2.98,inherently-charged (azinium; no neutral form),1.0,32.0,True
D3TaLES,81LJYH,Cn1cc(I)c(C(=O)Nc2cccc(Br)c2)n1,2.22,,,,,Cn1cc(I)c(C(=O)Nc2cccc(Br)c2)n1,,False,element not allowed: I,Cc1ccc(C[n+]2c(C(=O)Nc3cccc(Br)c3)c(I)cn2C)cc1,N-benzyl pyridinium (Menshutkin),pyridinium,False,single reduction; parent reported irreversible,False,511.181,1.0,52.4,2.86,inherently-charged (azinium; no neutral form),1.0,25.0,False
D3TaLES,81ISHV,CCn1cc(Br)c(/C(C)=N/NC(=O)CC23CC4CC(CC(C4)C2)C3)n1,4.03,,,,1.207,CCn1cc(Br)c(/C(C)=N/NC(=O)CC23CC4CC(CC(C4)C2)C3)n1,,False,unassigned stereo,CCn1cc(Br)c(/C(C)=N/NC(=O)CC23CC4CC(CC(C4)C2)C3)[n+]1Cc1ccc(C)cc1,N-benzyl pyridinium (Menshutkin),pyridinium,False,single reduction; parent reported irreversible,False,512.516,1.0,52.3,4.45,inherently-charged (azinium; no neutral form),1.0,33.0,False
D3TaLES,81GEBI,CC1CCC(Oc2cc(CNC(=O)NC3CCC(O)CC3)ccn2)CC1,2.49,0.9584,0.6818,5.863,1.954,CC1CCC(Oc2cc(CNC(=O)NC3CCC(O)CC3)ccn2)CC1,,False,unassigned stereo,Cc1ccc(C[n+]2ccc(CNC(=O)NC3CCC(O)CC3)cc2OC2CCC(C)CC2)cc1,N-benzyl pyridinium (Menshutkin),pyridinium,False,single reduction; parent reported irreversible,False,466.646,1.0,57.4,2.94,inherently-charged (azinium; no neutral form),1.0,34.0,True
D3TaLES,81YGYT,C[C@@H]1CC(C(=O)OCc2ccnc(Cl)c2)C[C@@H](C)O1,3.21,1.163,0.2955,6.323,3.059,C[C@@H]1CC(C(=O)OCc2ccnc(Cl)c2)C[C@@H](C)O1,,False,unassigned stereo,Cc1ccc(C[n+]2ccc(COC(=O)C3C[C@@H](C)O[C@H](C)C3)cc2Cl)cc1,N-benzyl pyridinium (Menshutkin),pyridinium,False,single reduction; parent reported irreversible,False,388.915,1.0,68.9,3.55,inherently-charged (azinium; no neutral form),1.0,27.0,True
D3TaLES,81AMLG,CC[C@@H](NC(=O)N(C)CC1CCC(C)CC1)c1ccncc1,2.79,2.62,,7.514,1.824,CC[C@@H](NC(=O)N(C)CC1CCC(C)CC1)c1ccncc1,,False,unassigned stereo,CC[C@@H](NC(=O)N(C)CC1CCC(C)CC1)c1cc[n+](Cc2ccc(C)cc2)cc1,N-benzyl pyridinium (Menshutkin),pyridinium,False,single reduction; parent reported irreversible,False,408.61,1.0,65.6,3.1,inherently-charged (azinium; no neutral form),1.0,30.0,False
D3TaLES,81HXJS,Cc1cc(C)nc(N/C(=N/C(=O)NC23CC4CC(CC(C4)C2)C3)N2CCC[C@@H](C)C2)n1,4.51,1.122,1.459,5.885,1.106,Cc1cc(C)nc(N/C(=N/C(=O)NC23CC4CC(CC(C4)C2)C3)N2CCC[C@@H](C)C2)n1,,False,unassigned stereo,Cc1ccc(C[n+]2c(C)cc(C)nc2N/C(=N/C(=O)NC23CC4CC(CC(C4)C2)C3)N2CCC[C@@H](C)C2)cc1,N-benzyl pyridinium (Menshutkin),pyridinium,False,single reduction; parent reported irreversible,False,529.753,1.0,50.6,4.88,inherently-charged (azinium; no neutral form),1.0,39.0,True
D3TaLES,81AHQI,O=C1c2nccnc2C(=O)N1c1ccc(O)cc1,2.29,0.6448,0.7038,7.674,1.593,O=C1c2nccnc2C(=O)N1c1ccc(O)cc1,mono-imide,False,1e- family,Cc1ccc(COc2ccc(N3C(=O)c4nccnc4C3=O)cc2)cc1,"O-benzyl ether (phenol/enol, Williamson)",mono-imide,False,"single reversible wave only (N-alkyl phthalimides, Daub 2021)",False,345.358,1.0,77.6,2.15,neutral,0.0,26.0,True
D3TaLES,81NFIZ,Cn1cc(C[C@@H]2CCN(C(=O)NC3CCC(C(=O)OC(C)(C)C)CC3)C2)cn1,3.03,2.582,0.8196,4.776,1.721,Cn1cc(C[C@@H]2CCN(C(=O)NC3CCC(C(=O)OC(C)(C)C)CC3)C2)cn1,,False,unassigned stereo,Cc1ccc(C[n+]2cc(C[C@@H]3CCN(C(=O)NC4CCC(C(=O)OC(C)(C)C)CC4)C3)cn2C)cc1,N-benzyl pyridinium (Menshutkin),pyridinium,False,single reduction; parent reported irreversible,False,495.688,1.0,54.1,3.55,inherently-charged (azinium; no neutral form),1.0,36.0,False
D3TaLES,81QNBE,CC(C)C[C@H](C)Oc1cc(CNC(=O)N(C)C2CCS(=O)CC2)ccn1,3.48,3.198,0.7681,7.626,1.657,CC(C)C[C@H](C)Oc1cc(CNC(=O)N(C)C2CCS(=O)CC2)ccn1,,False,unassigned stereo,Cc1ccc(C[n+]2ccc(CNC(=O)N(C)C3CCS(=O)CC3)cc2O[C@@H](C)CC(C)C)cc1,N-benzyl pyridinium (Menshutkin),pyridinium,False,single reduction; parent reported irreversible,False,486.702,1.0,55.1,3.79,inherently-charged (azinium; no neutral form),1.0,34.0,False
D3TaLES,81BPHT,CC1CCC(Oc2cc(CNC(=O)NC[C@H]3CCC[C@@H]3O)ccn2)CC1,3.24,,1.138,,1.775,CC1CCC(Oc2cc(CNC(=O)NC[C@H]3CCC[C@@H]3O)ccn2)CC1,,False,unassigned stereo,Cc1ccc(C[n+]2ccc(CNC(=O)NC[C@H]3CCC[C@@H]3O)cc2OC2CCC(C)CC2)cc1,N-benzyl pyridinium (Menshutkin),pyridinium,False,single reduction; parent reported irreversible,False,466.646,1.0,57.4,3.66,inherently-charged (azinium; no neutral form),1.0,34.0,False
D3TaLES,81PTAO,Cc1cnccc1CN(C)C(=O)CC12CC3CC(CC(C3)C1)C2,3.7,2.301,0.7234,6.92,2.214,Cc1cnccc1CN(C)C(=O)CC12CC3CC(CC(C3)C1)C2,,False,unassigned stereo,Cc1ccc(C[n+]2ccc(CN(C)C(=O)CC34CC5CC(CC(C5)C3)C4)c(C)c2)cc1,N-benzyl pyridinium (Menshutkin),pyridinium,False,single reduction; parent reported irreversible,False,417.617,1.0,64.2,3.93,inherently-charged (azinium; no neutral form),1.0,31.0,False
D3TaLES,81UGOD,CC1CCC(Oc2cc(CNc3nccnc3C#N)ccn2)CC1,2.66,,0.2711,,1.873,CC1CCC(Oc2cc(CNc3nccnc3C#N)ccn2)CC1,,False,unassigned stereo,Cc1ccc(C[n+]2ccnc(C#N)c2NCc2ccnc(OC3CCC(C)CC3)c2)cc1,N-benzyl pyridinium (Menshutkin),pyridinium,False,single reduction; parent reported irreversible,False,428.56,1.0,62.5,3.11,inherently-charged (azinium; no neutral form),1.0,32.0,False
D3TaLES,81UGOD,CC1CCC(Oc2cc(CNc3nccnc3C#N)ccn2)CC1,2.66,,0.2711,,1.873,CC1CCC(Oc2cc(CNc3nccnc3C#N)ccn2)CC1,,False,unassigned stereo,Cc1ccc(C[n+]2ccnc(NCc3ccnc(OC4CCC(C)CC4)c3)c2C#N)cc1,N-benzyl pyridinium (Menshutkin),pyridinium,False,single reduction; parent reported irreversible,False,428.56,1.0,62.5,3.05,inherently-charged (azinium; no neutral form),1.0,32.0,False
D3TaLES,81UGOD,CC1CCC(Oc2cc(CNc3nccnc3C#N)ccn2)CC1,2.66,,0.2711,,1.873,CC1CCC(Oc2cc(CNc3nccnc3C#N)ccn2)CC1,,False,unassigned stereo,Cc1ccc(C[n+]2ccc(CNc3nccnc3C#N)cc2OC2CCC(C)CC2)cc1,N-benzyl pyridinium (Menshutkin),pyridinium,False,single reduction; parent reported irreversible,False,428.56,1.0,62.5,3.06,inherently-charged (azinium; no neutral form),1.0,32.0,False
D3TaLES,81ZIDO,CC1CCC(Oc2cc(CNC(=O)NCCC(=O)N(C)C)ccn2)CC1,2.45,3.188,1.513,7.627,1.827,CC1CCC(Oc2cc(CNC(=O)NCCC(=O)N(C)C)ccn2)CC1,,False,unassigned stereo,Cc1ccc(C[n+]2ccc(CNC(=O)NCCC(=O)N(C)C)cc2OC2CCC(C)CC2)cc1,N-benzyl pyridinium (Menshutkin),pyridinium,False,single reduction; parent reported irreversible,False,467.634,1.0,57.3,2.91,inherently-charged (azinium; no neutral form),1.0,34.0,False
D3TaLES,81HZZG,CCC1CCC(N2CCO[C@](C)(c3cnn(C)c3)C2)CC1,3.4,3.431,0.7376,6.479,0.732,CCC1CCC(N2CCO[C@](C)(c3cnn(C)c3)C2)CC1,,False,unassigned stereo,CCC1CCC(N2CCO[C@](C)(c3cn(C)[n+](Cc4ccc(C)cc4)c3)C2)CC1,N-benzyl pyridinium (Menshutkin),pyridinium,False,single reduction; parent reported irreversible,False,396.599,1.0,67.6,3.72,inherently-charged (azinium; no neutral form),1.0,29.0,False
D3TaLES,81JPNR,O=C(Nc1ccc(N2CCOCC2)cn1)c1ccccc1I,2.09,2.212,0.8122,7.839,1.055,O=C(Nc1ccc(N2CCOCC2)cn1)c1ccccc1I,,False,element not allowed: I,Cc1ccc(C[n+]2cc(N3CCOCC3)ccc2NC(=O)c2ccccc2I)cc1,N-benzyl pyridinium (Menshutkin),pyridinium,False,single reduction; parent reported irreversible,False,514.387,1.0,52.1,2.7,inherently-charged (azinium; no neutral form),1.0,30.0,False
D3TaLES,81CBQT,CCC12CN3CC(CC)(CN(C1)C3c1cccnc1)C2=O,4.16,1.721,1.055,7.043,0.594,CCC12CN3CC(CC)(CN(C1)C3c1cccnc1)C2=O,,False,unassigned stereo,CCC12CN3CC(CC)(CN(C1)C3c1ccc[n+](Cc3ccc(C)cc3)c1)C2=O,N-benzyl pyridinium (Menshutkin),pyridinium,False,single reduction; parent reported irreversible,False,390.551,1.0,68.6,4.25,inherently-charged (azinium; no neutral form),1.0,29.0,False
D3TaLES,81CGRR,CC[C@H](NC(=O)c1cnn(C)c1)C12CC3CC(CC(C3)C1)C2,4.24,1.092,0.9972,5.394,1.907,CC[C@H](NC(=O)c1cnn(C)c1)C12CC3CC(CC(C3)C1)C2,,False,unassigned stereo,CC[C@H](NC(=O)c1cn(C)[n+](Cc2ccc(C)cc2)c1)C12CC3CC(CC(C3)C1)C2,N-benzyl pyridinium (Menshutkin),pyridinium,False,single reduction; parent reported irreversible,False,406.594,1.0,65.9,4.7,inherently-charged (azinium; no neutral form),1.0,30.0,True
D3TaLES,81UWYG,O=C1c2ccccc2C(=O)N1/N=C/c1cccc2ccccc12,2.08,0.513,0.3799,7.423,1.487,O=C1c2ccccc2C(=O)N1/N=C/c1cccc2ccccc12,mono-imide,False,no graft handle,,,mono-imide,False,,,,,,,,,,True
D3TaLES,81QEDB,C[C@@H]1CC(C(=O)NCCNc2nc3ccccc3s2)C[C@@H](C)O1,3.1,5.228,0.7617,8.546,1.491,C[C@@H]1CC(C(=O)NCCNc2nc3ccccc3s2)C[C@@H](C)O1,,False,unassigned stereo,Cc1ccc(C[n+]2c(NCCNC(=O)C3C[C@@H](C)O[C@H](C)C3)sc3ccccc32)cc1,N-benzyl pyridinium (Menshutkin),pyridinium,False,single reduction; parent reported irreversible,False,438.617,1.0,61.1,3.62,inherently-charged (azinium; no neutral form),1.0,31.0,False
D3TaLES,81HPAN,O=C(NC(=S)Nc1ccc(I)cn1)c1cccc2ccccc12,2.14,2.24,0.6244,8.765,1.828,O=C(NC(=S)Nc1ccc(I)cn1)c1cccc2ccccc12,,False,element not allowed: I,Cc1ccc(C[n+]2cc(I)ccc2NC(=S)NC(=O)c2cccc3ccccc23)cc1,N-benzyl pyridinium (Menshutkin),pyridinium,False,single reduction; parent reported irreversible,False,538.434,1.0,49.8,2.7,inherently-charged (azinium; no neutral form),1.0,31.0,False
D3TaLES,81XOXJOU,CN(CCc1cn[nH]c1)C(=O)CC(=O)NC12CC3CC(CC(C3)C1)C2,3.98,4.829,1.57,7.52,1.068,CN(CCc1cn[nH]c1)C(=O)CC(=O)NC12CC3CC(CC(C3)C1)C2,,False,unassigned stereo,Cc1ccc(C[n+]2cc(CCN(C)C(=O)CC(=O)NC34CC5CC(CC(C5)C3)C4)c[nH]2)cc1,N-benzyl pyridinium (Menshutkin),pyridinium,False,single reduction; parent reported irreversible,False,449.619,1.0,59.6,4.3,inherently-charged (azinium; no neutral form),1.0,33.0,False
D3TaLES,81GWIN,C[C@H]1CC(C(=O)NCc2cn3ccsc3n2)C[C@@H](C)O1,3.65,3.879,0.3423,8.103,1.188,C[C@@H]1CC(C(=O)NCc2cn3ccsc3n2)C[C@H](C)O1,,False,unassigned stereo,Cc1ccc(C[n+]2c(CNC(=O)C3C[C@@H](C)O[C@@H](C)C3)cn3ccsc32)cc1,N-benzyl pyridinium (Menshutkin),pyridinium,False,single reduction; parent reported irreversible,False,398.552,1.0,67.2,4.1,inherently-charged (azinium; no neutral form),1.0,28.0,False
D3TaLES,81KSNB,Cc1cc(C(=O)NNC(=O)c2ccccc2I)n[nH]1,2.26,4.484,0.8386,8.785,2.374,Cc1cc(C(=O)NNC(=O)c2ccccc2I)n[nH]1,,False,element not allowed: I,Cc1ccc(C[n+]2[nH]c(C)cc2C(=O)NNC(=O)c2ccccc2I)cc1,N-benzyl pyridinium (Menshutkin),pyridinium,False,single reduction; parent reported irreversible,False,475.31,1.0,56.4,2.83,inherently-charged (azinium; no neutral form),1.0,27.0,False
D3TaLES,81MGFC,Cc1cc(Cl)ncc1NC(=O)NC1CCC(C(=O)OC(C)(C)C)CC1,2.41,2.552,0.9883,7.759,2.189,Cc1cc(Cl)ncc1NC(=O)NC1CCC(C(=O)OC(C)(C)C)CC1,,False,unassigned stereo,Cc1ccc(C[n+]2cc(NC(=O)NC3CCC(C(=O)OC(C)(C)C)CC3)c(C)cc2Cl)cc1,N-benzyl pyridinium (Menshutkin),pyridinium,False,single reduction; parent reported irreversible,False,473.037,1.0,56.7,2.86,inherently-charged (azinium; no neutral form),1.0,33.0,False
D3TaLES,81JLMZ,O=C(OC1CCN(c2ccc(Cl)cn2)CC1)C12CC3CC(CC(C3)C1)C2,3.66,2.136,0.234,7.466,1.167,O=C(OC1CCN(c2ccc(Cl)cn2)CC1)C12CC3CC(CC(C3)C1)C2,,False,unassigned stereo,Cc1ccc(C[n+]2cc(Cl)ccc2N2CCC(OC(=O)C34CC5CC(CC(C5)C3)C4)CC2)cc1,N-benzyl pyridinium (Menshutkin),pyridinium,False,single reduction; parent reported irreversible,False,480.072,1.0,55.8,4.1,inherently-charged (azinium; no neutral form),1.0,34.0,False
D3TaLES,81EGIS,CCc1noc(C)c1C(=O)Nc1ccccc1I,2.19,2.135,0.5248,7.796,2.087,CCc1noc(C)c1C(=O)Nc1ccccc1I,,False,element not allowed: I,CCc1c(C(=O)Nc2ccccc2I)c(C)o[n+]1Cc1ccc(C)cc1,N-benzyl pyridinium (Menshutkin),pyridinium,False,single reduction; parent reported irreversible,False,461.323,1.0,58.1,2.88,inherently-charged (azinium; no neutral form),1.0,26.0,False
D3TaLES,81AOOL,Cc1noc(C)c1[C@H](C)NC(=O)/C=C/c1ccc(I)o1,3.3,3.986,0.311,8.914,1.646,Cc1noc(C)c1[C@H](C)NC(=O)/C=C/c1ccc(I)o1,,False,element not allowed: I,Cc1ccc(C[n+]2oc(C)c([C@H](C)NC(=O)/C=C/c3ccc(I)o3)c2C)cc1,N-benzyl pyridinium (Menshutkin),pyridinium,False,single reduction; parent reported irreversible,False,491.349,1.0,54.5,3.69,inherently-charged (azinium; no neutral form),1.0,28.0,False
D3TaLES,81RFOO,O=C(Nc1ccc2ncccc2c1)C(=O)NC1CCC(O)CC1,2.14,2.206,0.4858,8.797,1.692,O=C(Nc1ccc2ncccc2c1)C(=O)NC1CCC(O)CC1,,False,unassigned stereo,Cc1ccc(C[n+]2cccc3cc(NC(=O)C(=O)NC4CCC(O)CC4)ccc32)cc1,N-benzyl pyridinium (Menshutkin),pyridinium,False,single reduction; parent reported irreversible,False,418.517,1.0,64.0,2.58,inherently-charged (azinium; no neutral form),1.0,31.0,False
D3TaLES,81KFWO,C[C@H]1CC(C(=O)N(C)c2ccc(Cl)nn2)C[C@H](C)O1,3.62,0.6656,,6.615,,C[C@H]1CC(C(=O)N(C)c2ccc(Cl)nn2)C[C@H](C)O1,,False,unassigned stereo,Cc1ccc(C[n+]2nc(N(C)C(=O)C3C[C@H](C)O[C@@H](C)C3)ccc2Cl)cc1,N-benzyl pyridinium (Menshutkin),pyridinium,False,single reduction; parent reported irreversible,False,388.919,1.0,68.9,3.89,inherently-charged (azinium; no neutral form),1.0,27.0,True
D3TaLES,81KFWO,C[C@H]1CC(C(=O)N(C)c2ccc(Cl)nn2)C[C@H](C)O1,3.62,0.6656,,6.615,,C[C@H]1CC(C(=O)N(C)c2ccc(Cl)nn2)C[C@H](C)O1,,False,unassigned stereo,Cc1ccc(C[n+]2nc(Cl)ccc2N(C)C(=O)C2C[C@H](C)O[C@@H](C)C2)cc1,N-benzyl pyridinium (Menshutkin),pyridinium,False,single reduction; parent reported irreversible,False,388.919,1.0,68.9,3.92,inherently-charged (azinium; no neutral form),1.0,27.0,True
D3TaLES,81YLMQ,N#CC(C#N)=Cc1ccc(N2C(=O)c3ccccc3C2=O)cc1,2.27,1.488,0.4891,8.783,1.128,N#CC(C#N)=Cc1ccc(N2C(=O)c3ccccc3C2=O)cc1,mono-imide,False,no graft handle,,,mono-imide,False,,,,,,,,,,True
D3TaLES,81TWUB,O=C(NCc1ccc(Cn2cccn2)cc1)C1C[C@@H]2CC[C@H](C1)C21SCCS1,4.78,3.427,1.435,7.889,2.299,O=C(NCc1ccc(Cn2cccn2)cc1)C1C[C@H]2CC[C@@H](C1)C21SCCS1,,False,unassigned stereo,Cc1ccc(C[n+]2cccn2Cc2ccc(CNC(=O)C3C[C@H]4CC[C@@H](C3)C43SCCS3)cc2)cc1,N-benzyl pyridinium (Menshutkin),pyridinium,False,single reduction; parent reported irreversible,False,518.772,1.0,51.7,5.26,inherently-charged (azinium; no neutral form),1.0,36.0,False
D3TaLES,81IGQY,O=C(CSc1nc2ccccc2o1)Nc1ccc(I)cc1,2.0,6.342,0.1467,8.861,1.823,O=C(CSc1nc2ccccc2o1)Nc1ccc(I)cc1,,False,element not allowed: I,Cc1ccc(C[n+]2c(SCC(=O)Nc3ccc(I)cc3)oc3ccccc32)cc1,N-benzyl pyridinium (Menshutkin),pyridinium,False,single reduction; parent reported irreversible,False,515.396,1.0,52.0,2.67,inherently-charged (azinium; no neutral form),1.0,29.0,False
D3TaLES,81FMIW,Cc1nc(NC(=O)c2cccc(Cl)c2)ccc1I,2.05,,1.698,,1.894,Cc1nc(NC(=O)c2cccc(Cl)c2)ccc1I,,False,element not allowed: I,Cc1ccc(C[n+]2c(NC(=O)c3cccc(Cl)c3)ccc(I)c2C)cc1,N-benzyl pyridinium (Menshutkin),pyridinium,False,single reduction; parent reported irreversible,False,477.753,1.0,56.1,2.64,inherently-charged (azinium; no neutral form),1.0,26.0,False
D3TaLES,81GHVN,CC1CCC(Oc2cc(CNC(=O)CCS(C)(=O)=O)ccn2)CC1,2.44,1.27,1.448,5.942,2.091,CC1CCC(Oc2cc(CNC(=O)CCS(C)(=O)=O)ccn2)CC1,,False,unassigned stereo,Cc1ccc(C[n+]2ccc(CNC(=O)CCS(C)(=O)=O)cc2OC2CCC(C)CC2)cc1,N-benzyl pyridinium (Menshutkin),pyridinium,False,single reduction; parent reported irreversible,False,459.632,1.0,58.3,2.9,inherently-charged (azinium; no neutral form),1.0,32.0,True
D3TaLES,81DMSI,N#C[C@@H](C(=O)C1C2CC3CC(C2)CC1C3)c1ccc(F)cn1,4.52,2.263,1.864,7.588,2.628,N#C[C@@H](C(=O)C1C2CC3CC(C2)CC1C3)c1ccc(F)cn1,,False,unassigned stereo,Cc1ccc(C[n+]2cc(F)ccc2[C@@H](C#N)C(=O)C2C3CC4CC(C3)CC2C4)cc1,N-benzyl pyridinium (Menshutkin),pyridinium,False,single reduction; parent reported irreversible,False,403.521,1.0,66.4,4.73,inherently-charged (azinium; no neutral form),1.0,30.0,False
D3TaLES,81KSFL,O=C1c2ccc3c4c(ccc(c24)C(=O)N1Cc1ccccc1)CC3,2.11,1.538,0.2534,7.295,1.854,O=C1c2ccc3c4c(ccc(c24)C(=O)N1Cc1ccccc1)CC3,mono-imide,False,no graft handle,,,mono-imide,False,,,,,,,,,,False
D3TaLES,81JAUU,O=C(C1CCC(Nc2ccc(OC(F)F)cn2)CC1)N1CCSCC1,2.6,0.8374,0.3543,5.973,2.06,O=C(C1CCC(Nc2ccc(OC(F)F)cn2)CC1)N1CCSCC1,,False,unassigned stereo,Cc1ccc(C[n+]2cc(OC(F)F)ccc2NC2CCC(C(=O)N3CCSCC3)CC2)cc1,N-benzyl pyridinium (Menshutkin),pyridinium,False,single reduction; parent reported irreversible,False,476.613,1.0,56.2,3.04,inherently-charged (azinium; no neutral form),1.0,33.0,True
D3TaLES,81TUAO,S=C(NCc1ccco1)Nc1ccn(C23CC4CC(CC(C4)C2)C3)n1,3.93,,1.517,,0.982,S=C(NCc1ccco1)Nc1ccn(C23CC4CC(CC(C4)C2)C3)n1,,False,unassigned stereo,Cc1ccc(C[n+]2c(NC(=S)NCc3ccco3)ccn2C23CC4CC(CC(C4)C2)C3)cc1,N-benzyl pyridinium (Menshutkin),pyridinium,False,single reduction; parent reported irreversible,False,461.655,1.0,58.1,4.38,inherently-charged (azinium; no neutral form),1.0,33.0,False
D3TaLES,81KCVU,COc1ccc(N2C(=O)c3cc4ccccc4cc3C2=O)cc1,1.8,0.7062,0.8448,7.112,1.524,COc1ccc(N2C(=O)c3cc4ccccc4cc3C2=O)cc1,mono-imide,False,no graft handle,,,mono-imide,False,,,,,,,,,,True
D3TaLES,81NPBH,O[C@H](COCC12CC3CC(CC(C3)C1)C2)Cn1cnc2ccccc21,4.16,,0.4684,,1.922,O[C@H](COCC12CC3CC(CC(C3)C1)C2)Cn1cnc2ccccc21,,False,unassigned stereo,Cc1ccc(C[n+]2cn(C[C@H](O)COCC34CC5CC(CC(C5)C3)C4)c3ccccc32)cc1,N-benzyl pyridinium (Menshutkin),pyridinium,False,single reduction; parent reported irreversible,False,445.627,1.0,60.1,4.45,inherently-charged (azinium; no neutral form),1.0,33.0,False
D3TaLES,81OMET,CC(C)c1cc(C(=O)NC2CCC(C(=O)N3CCSCC3)CC2)on1,2.63,,1.025,,2.128,CC(C)c1cc(C(=O)NC2CCC(C(=O)N3CCSCC3)CC2)on1,,False,unassigned stereo,Cc1ccc(C[n+]2oc(C(=O)NC3CCC(C(=O)N4CCSCC4)CC3)cc2C(C)C)cc1,N-benzyl pyridinium (Menshutkin),pyridinium,False,single reduction; parent reported irreversible,False,470.659,1.0,56.9,3.14,inherently-charged (azinium; no neutral form),1.0,33.0,False
D3TaLES,81YCUI,Cc1nc(NCCc2nc(C)c(C)s2)ccc1I,2.67,4.148,0.2768,6.97,1.133,Cc1nc(NCCc2nc(C)c(C)s2)ccc1I,,False,element not allowed: I,Cc1ccc(C[n+]2c(NCCc3nc(C)c(C)s3)ccc(I)c2C)cc1,N-benzyl pyridinium (Menshutkin),pyridinium,False,single reduction; parent reported irreversible,False,478.423,1.0,56.0,3.07,inherently-charged (azinium; no neutral form),1.0,26.0,False
D3TaLES,81YCUI,Cc1nc(NCCc2nc(C)c(C)s2)ccc1I,2.67,4.148,0.2768,6.97,1.133,Cc1nc(NCCc2nc(C)c(C)s2)ccc1I,,False,element not allowed: I,Cc1ccc(C[n+]2c(CCNc3ccc(I)c(C)n3)sc(C)c2C)cc1,N-benzyl pyridinium (Menshutkin),pyridinium,False,single reduction; parent reported irreversible,False,478.423,1.0,56.0,3.11,inherently-charged (azinium; no neutral form),1.0,26.0,False
D3TaLES,81TRHK,Cc1cc(C)c(NC(=O)c2ccc(N3C(=O)c4ccccc4C3=O)cc2)c(C)c1,1.95,0.6754,0.8695,7.38,1.459,Cc1cc(C)c(NC(=O)c2ccc(N3C(=O)c4ccccc4C3=O)cc2)c(C)c1,mono-imide,False,no graft handle,,,mono-imide,False,,,,,,,,,,True
D3TaLES,81ZQQV,O=C(NCc1ccc(N2C(=O)c3ccccc3C2=O)cc1)Nc1ccc(Br)cc1,1.92,,0.6136,,1.536,O=C(NCc1ccc(N2C(=O)c3ccccc3C2=O)cc1)Nc1ccc(Br)cc1,mono-imide,False,no graft handle,,,mono-imide,False,,,,,,,,,,False
D3TaLES,81YOCQ,Cc1cc(Br)cnc1NC1CCC(Cl)CC1,2.54,0.7089,0.361,5.785,1.192,Cc1cc(Br)cnc1NC1CCC(Cl)CC1,,False,unassigned stereo,Cc1ccc(C[n+]2cc(Br)cc(C)c2NC2CCC(Cl)CC2)cc1,N-benzyl pyridinium (Menshutkin),pyridinium,False,single reduction; parent reported irreversible,False,408.791,1.0,65.6,2.95,inherently-charged (azinium; no neutral form),1.0,24.0,True
D3TaLES,81NLGP,O=C(NC(=S)Nc1ccc(I)cn1)c1cccc(F)c1,2.16,2.92,2.251,,0.673,O=C(NC(=S)Nc1ccc(I)cn1)c1cccc(F)c1,,False,element not allowed: I,Cc1ccc(C[n+]2cc(I)ccc2NC(=S)NC(=O)c2cccc(F)c2)cc1,N-benzyl pyridinium (Menshutkin),pyridinium,False,single reduction; parent reported irreversible,False,506.364,1.0,52.9,2.72,inherently-charged (azinium; no neutral form),1.0,28.0,False
D3TaLES,81VUKX,C[C@@H](NC(=O)Cn1ccc(C(F)(F)F)n1)C12CC3CC(CC(C3)C1)C2,4.27,1.246,1.349,5.622,2.396,C[C@@H](NC(=O)Cn1ccc(C(F)(F)F)n1)C12CC3CC(CC(C3)C1)C2,,False,unassigned stereo,Cc1ccc(C[n+]2c(C(F)(F)F)ccn2CC(=O)N[C@H](C)C23CC4CC(CC(C4)C2)C3)cc1,N-benzyl pyridinium (Menshutkin),pyridinium,False,single reduction; parent reported irreversible,False,460.564,1.0,58.2,4.82,inherently-charged (azinium; no neutral form),1.0,33.0,True
D3TaLES,81DWDY,O=C1c2ccccc2C(=O)N1SSN1C(=O)c2ccccc2C1=O,2.56,2.101,1.5,7.367,2.296,O=C1c2ccccc2C(=O)N1SSN1C(=O)c2ccccc2C1=O,bis-imide,False,no graft handle,,,bis-imide,True,,,,,,,,,,False
D3TaLES,81SLQJ,CCCN[C@]1(C#N)CCC[C@@H](n2cc(I)cn2)C1,3.92,3.384,0.4656,6.848,1.556,CCCN[C@]1(C#N)CCC[C@@H](n2cc(I)cn2)C1,,False,element not allowed: I,CCCN[C@]1(C#N)CCC[C@@H](n2cc(I)c[n+]2Cc2ccc(C)cc2)C1,N-benzyl pyridinium (Menshutkin),pyridinium,False,single reduction; parent reported irreversible,False,463.387,1.0,57.8,4.12,inherently-charged (azinium; no neutral form),1.0,26.0,False
D3TaLES,81QJSA,Cc1nc2cc(NC(=O)CC34C[C@@H]5C[C@@H](CC(Br)(C5)C3)C4)ccc2o1,4.84,0.5261,0.6027,5.928,1.548,Cc1nc2cc(NC(=O)CC34C[C@@H]5C[C@@H](CC(Br)(C5)C3)C4)ccc2o1,,False,unassigned stereo,Cc1ccc(C[n+]2c(C)oc3ccc(NC(=O)CC45C[C@@H]6C[C@@H](CC(Br)(C6)C4)C5)cc32)cc1,N-benzyl pyridinium (Menshutkin),pyridinium,False,single reduction; parent reported irreversible,False,508.48,1.0,52.7,5.13,inherently-charged (azinium; no neutral form),1.0,33.0,True
D3TaLES,81NMPN,COCc1cccc(CNc2ccc(I)c(C)n2)c1,2.24,,0.2594,,1.124,COCc1cccc(CNc2ccc(I)c(C)n2)c1,,False,element not allowed: I,COCc1cccc(CNc2ccc(I)c(C)[n+]2Cc2ccc(C)cc2)c1,N-benzyl pyridinium (Menshutkin),pyridinium,False,single reduction; parent reported irreversible,False,473.378,1.0,56.6,2.75,inherently-charged (azinium; no neutral form),1.0,27.0,False
D3TaLES,81RDWY,Cc1cnc(I)c(C)c1,2.7,5.535,0.3263,7.427,2.298,Cc1cnc(I)c(C)c1,,False,element not allowed: I,Cc1ccc(C[n+]2cc(C)cc(C)c2I)cc1,N-benzyl pyridinium (Menshutkin),pyridinium,False,single reduction; parent reported irreversible,False,338.212,1.0,79.2,2.73,inherently-charged (azinium; no neutral form),1.0,17.0,False
D3TaLES,81RJKPNO,C[C@@H]1CC(Nc2cccc(Oc3cnccn3)c2)C[C@@H](C)O1,3.18,0.7953,0.565,6.5,0.87,C[C@@H]1CC(Nc2cccc(Oc3cnccn3)c2)C[C@@H](C)O1,,False,unassigned stereo,Cc1ccc(C[n+]2ccnc(Oc3cccc(NC4C[C@@H](C)O[C@H](C)C4)c3)c2)cc1,N-benzyl pyridinium (Menshutkin),pyridinium,False,single reduction; parent reported irreversible,False,404.534,1.0,66.3,3.53,inherently-charged (azinium; no neutral form),1.0,30.0,True
D3TaLES,81RJKPNO,C[C@@H]1CC(Nc2cccc(Oc3cnccn3)c2)C[C@@H](C)O1,3.18,0.7953,0.565,6.5,0.87,C[C@@H]1CC(Nc2cccc(Oc3cnccn3)c2)C[C@@H](C)O1,,False,unassigned stereo,Cc1ccc(C[n+]2ccncc2Oc2cccc(NC3C[C@@H](C)O[C@H](C)C3)c2)cc1,N-benzyl pyridinium (Menshutkin),pyridinium,False,single reduction; parent reported irreversible,False,404.534,1.0,66.3,3.65,inherently-charged (azinium; no neutral form),1.0,30.0,True
D3TaLES,81QXOZ,CCOC(=O)C1CCC(Nc2ccc(Cn3cccn3)cc2)CC1,2.14,0.7986,0.3987,5.311,0.916,CCOC(=O)C1CCC(Nc2ccc(Cn3cccn3)cc2)CC1,,False,unassigned stereo,CCOC(=O)C1CCC(Nc2ccc(Cn3ccc[n+]3Cc3ccc(C)cc3)cc2)CC1,N-benzyl pyridinium (Menshutkin),pyridinium,False,single reduction; parent reported irreversible,False,432.588,1.0,62.0,2.8,inherently-charged (azinium; no neutral form),1.0,32.0,True
D3TaLES,81DMVI,CCCC(=O)Nc1cccc(N2C(=O)c3ccccc3C2=O)c1,1.8,0.6971,0.7184,7.279,1.733,CCCC(=O)Nc1cccc(N2C(=O)c3ccccc3C2=O)c1,mono-imide,False,no graft handle,,,mono-imide,False,,,,,,,,,,True
D3TaLES,81AETJ,N#Cc1c(Cn2cc(I)cn2)cn2ccccc12,2.76,0.5536,0.3145,6.43,1.347,N#Cc1c(Cn2cc(I)cn2)cn2ccccc12,,False,element not allowed: I,Cc1ccc(C[n+]2cc(I)cn2Cc2cn3ccccc3c2C#N)cc1,N-benzyl pyridinium (Menshutkin),pyridinium,False,single reduction; parent reported irreversible,False,453.307,1.0,59.1,3.26,inherently-charged (azinium; no neutral form),1.0,26.0,True
D3TaLES,81BTQS,Nc1c(NC23CC4CC(CC(C4)C2)C3)ncnc1N1CCN(c2ccc(F)cc2)CC1,3.69,0.6516,0.6174,5.452,0.907,Nc1c(NC23CC4CC(CC(C4)C2)C3)ncnc1N1CCN(c2ccc(F)cc2)CC1,,False,unassigned stereo,Cc1ccc(C[n+]2cnc(N3CCN(c4ccc(F)cc4)CC3)c(N)c2NC23CC4CC(CC(C4)C2)C3)cc1,N-benzyl pyridinium (Menshutkin),pyridinium,False,single reduction; parent reported irreversible,False,527.712,1.0,50.8,4.14,inherently-charged (azinium; no neutral form),1.0,39.0,True
D3TaLES,81BTQS,Nc1c(NC23CC4CC(CC(C4)C2)C3)ncnc1N1CCN(c2ccc(F)cc2)CC1,3.69,0.6516,0.6174,5.452,0.907,Nc1c(NC23CC4CC(CC(C4)C2)C3)ncnc1N1CCN(c2ccc(F)cc2)CC1,,False,unassigned stereo,Cc1ccc(C[n+]2cnc(NC34CC5CC(CC(C5)C3)C4)c(N)c2N2CCN(c3ccc(F)cc3)CC2)cc1,N-benzyl pyridinium (Menshutkin),pyridinium,False,single reduction; parent reported irreversible,False,527.712,1.0,50.8,4.15,inherently-charged (azinium; no neutral form),1.0,39.0,True
D3TaLES,81NSFG,CC(=O)c1ccc(NC(=O)c2ccc3c(c2)C(=O)N(c2ccccc2)C3=O)cc1,1.86,1.799,,,,CC(=O)c1ccc(NC(=O)c2ccc3c(c2)C(=O)N(c2ccccc2)C3=O)cc1,mono-imide,False,no graft handle,,,mono-imide,False,,,,,,,,,,False
D3TaLES,81VWRF,C[C@@H](NC(=O)C1CCC(C(C)(C)C)CC1)c1cnn(C)c1,2.79,,1.507,,1.523,C[C@@H](NC(=O)C1CCC(C(C)(C)C)CC1)c1cnn(C)c1,,False,unassigned stereo,Cc1ccc(C[n+]2cc([C@@H](C)NC(=O)C3CCC(C(C)(C)C)CC3)cn2C)cc1,N-benzyl pyridinium (Menshutkin),pyridinium,False,single reduction; parent reported irreversible,False,396.599,1.0,67.6,3.38,inherently-charged (azinium; no neutral form),1.0,29.0,False
D3TaLES,81MKDP,CCNc1nc([C@H](C)OC)nc(C(C)C)c1I,3.43,,0.5039,,1.637,CCNc1nc([C@H](C)OC)nc(C(C)C)c1I,,False,element not allowed: I,CCNc1c(I)c(C(C)C)nc([C@H](C)OC)[n+]1Cc1ccc(C)cc1,N-benzyl pyridinium (Menshutkin),pyridinium,False,single reduction; parent reported irreversible,False,454.376,1.0,59.0,3.67,inherently-charged (azinium; no neutral form),1.0,25.0,False
D3TaLES,81MKDP,CCNc1nc([C@H](C)OC)nc(C(C)C)c1I,3.43,,0.5039,,1.637,CCNc1nc([C@H](C)OC)nc(C(C)C)c1I,,False,element not allowed: I,CCNc1nc([C@H](C)OC)[n+](Cc2ccc(C)cc2)c(C(C)C)c1I,N-benzyl pyridinium (Menshutkin),pyridinium,False,single reduction; parent reported irreversible,False,454.376,1.0,59.0,3.63,inherently-charged (azinium; no neutral form),1.0,25.0,False
D3TaLES,81YREU,CCNc1nc([C@@H](C)OC)nc(C(C)C)c1I,3.43,3.351,0.4449,7.176,1.737,CCNc1nc([C@@H](C)OC)nc(C(C)C)c1I,,False,element not allowed: I,CCNc1c(I)c(C(C)C)nc([C@@H](C)OC)[n+]1Cc1ccc(C)cc1,N-benzyl pyridinium (Menshutkin),pyridinium,False,single reduction; parent reported irreversible,False,454.376,1.0,59.0,3.67,inherently-charged (azinium; no neutral form),1.0,25.0,False
D3TaLES,81YREU,CCNc1nc([C@@H](C)OC)nc(C(C)C)c1I,3.43,3.351,0.4449,7.176,1.737,CCNc1nc([C@@H](C)OC)nc(C(C)C)c1I,,False,element not allowed: I,CCNc1nc([C@@H](C)OC)[n+](Cc2ccc(C)cc2)c(C(C)C)c1I,N-benzyl pyridinium (Menshutkin),pyridinium,False,single reduction; parent reported irreversible,False,454.376,1.0,59.0,3.63,inherently-charged (azinium; no neutral form),1.0,25.0,False
D3TaLES,81WPQG,CC(C)C1CCC(C(=O)Nc2ccc3[nH]nc(C(N)=O)c3c2)CC1,2.36,0.5073,0.5149,6.284,1.404,CC(C)C1CCC(C(=O)Nc2ccc3[nH]nc(C(N)=O)c3c2)CC1,,False,unassigned stereo,Cc1ccc(C[n+]2[nH]c3ccc(NC(=O)C4CCC(C(C)C)CC4)cc3c2C(N)=O)cc1,N-benzyl pyridinium (Menshutkin),pyridinium,False,single reduction; parent reported irreversible,False,433.576,1.0,61.8,2.91,inherently-charged (azinium; no neutral form),1.0,32.0,True
D3TaLES,81HFTM,N#Cc1ccc(NC[C@H](O)COc2ccc(I)cc2)nc1,2.74,0.8055,0.3783,6.268,1.489,N#Cc1ccc(NC[C@H](O)COc2ccc(I)cc2)nc1,,False,element not allowed: I,Cc1ccc(C[n+]2cc(C#N)ccc2NC[C@H](O)COc2ccc(I)cc2)cc1,N-benzyl pyridinium (Menshutkin),pyridinium,False,single reduction; parent reported irreversible,False,500.36,1.0,53.6,3.28,inherently-charged (azinium; no neutral form),1.0,29.0,True
D3TaLES,81AXSG,CCCCC1CCC(C(=O)Nc2cccc3ccc(C)nc23)CC1,2.09,0.4808,0.4838,6.537,1.388,CCCCC1CCC(C(=O)Nc2cccc3ccc(C)nc23)CC1,,False,unassigned stereo,CCCCC1CCC(C(=O)Nc2cccc3ccc(C)[n+](Cc4ccc(C)cc4)c23)CC1,N-benzyl pyridinium (Menshutkin),pyridinium,False,single reduction; parent reported irreversible,False,429.628,1.0,62.4,2.65,inherently-charged (azinium; no neutral form),1.0,32.0,True
D3TaLES,81UKUK,Cc1ccccc1C(=O)ON1C(=O)c2cccc3cccc(c23)C1=O,2.18,,,,3.406,Cc1ccccc1C(=O)ON1C(=O)c2cccc3cccc(c23)C1=O,mono-imide,False,no graft handle,,,mono-imide,False,,,,,,,,,,False
D3TaLES,81VRGG,C[C@@H]1CC(C(=O)Nc2cnc3ccccc3c2)C[C@@H](C)O1,2.94,,0.3776,,1.637,C[C@@H]1CC(C(=O)Nc2cnc3ccccc3c2)C[C@@H](C)O1,,False,unassigned stereo,Cc1ccc(C[n+]2cc(NC(=O)C3C[C@@H](C)O[C@H](C)C3)cc3ccccc32)cc1,N-benzyl pyridinium (Menshutkin),pyridinium,False,single reduction; parent reported irreversible,False,389.519,1.0,68.8,3.41,inherently-charged (azinium; no neutral form),1.0,29.0,False
D3TaLES,81JKBC,C[C@@H]1CC(Nc2ccc(OCc3nccn3C)cc2)C[C@@H](C)O1,3.09,0.9314,0.6381,5.252,0.577,C[C@@H]1CC(Nc2ccc(OCc3nccn3C)cc2)C[C@@H](C)O1,,False,unassigned stereo,Cc1ccc(C[n+]2ccn(C)c2COc2ccc(NC3C[C@@H](C)O[C@H](C)C3)cc2)cc1,N-benzyl pyridinium (Menshutkin),pyridinium,False,single reduction; parent reported irreversible,False,420.577,1.0,63.7,3.57,inherently-charged (azinium; no neutral form),1.0,31.0,True
D3TaLES,81FKES,O=c1oc2ccccc2n1CCn1cc(I)cn1,2.46,3.078,0.1779,6.848,,O=c1oc2ccccc2n1CCn1cc(I)cn1,,False,element not allowed: I,Cc1ccc(C[n+]2cc(I)cn2CCn2c(=O)oc3ccccc32)cc1,N-benzyl pyridinium (Menshutkin),pyridinium,False,single reduction; parent reported irreversible,False,460.295,1.0,58.2,3.04,inherently-charged (azinium; no neutral form),1.0,26.0,False
D3TaLES,81AIAN,Cc1noc(C)c1S(=O)(=O)NC1C2CC3CC(C2)CC1C3,3.79,1.626,1.395,6.069,2.201,Cc1noc(C)c1S(=O)(=O)NC1C2CC3CC(C2)CC1C3,,False,unassigned stereo,Cc1ccc(C[n+]2oc(C)c(S(=O)(=O)NC3C4CC5CC(C4)CC3C5)c2C)cc1,N-benzyl pyridinium (Menshutkin),pyridinium,False,single reduction; parent reported irreversible,False,415.579,1.0,64.5,4.29,inherently-charged (azinium; no neutral form),1.0,29.0,False
D3TaLES,81WNMZ,Cc1nc(NC(=O)c2cccc(I)c2)ccc1I,2.26,0.5325,0.4259,6.813,1.762,Cc1nc(NC(=O)c2cccc(I)c2)ccc1I,,False,element not allowed: I,Cc1ccc(C[n+]2c(NC(=O)c3cccc(I)c3)ccc(I)c2C)cc1,N-benzyl pyridinium (Menshutkin),pyridinium,False,single reduction; parent reported irreversible,False,569.204,1.0,47.1,2.78,inherently-charged (azinium; no neutral form),1.0,26.0,True
D3TaLES,81PWQOHN,COc1ccc(COC(=O)C2C[C@H](C)O[C@@H](C)C2)cn1,3.13,0.8207,0.8872,5.739,1.828,COc1ccc(COC(=O)C2C[C@H](C)O[C@@H](C)C2)cn1,,False,unassigned stereo,COc1ccc(COC(=O)C2C[C@H](C)O[C@@H](C)C2)c[n+]1Cc1ccc(C)cc1,N-benzyl pyridinium (Menshutkin),pyridinium,False,single reduction; parent reported irreversible,False,384.496,1.0,69.7,3.61,inherently-charged (azinium; no neutral form),1.0,28.0,True
D3TaLES,81AWLO,Cc1c(O)n[nH]c1C(=O)NN=Cc1ccc(Cl)cc1Cl,2.68,1.191,2.145,6.81,2.178,Cc1c(O)n[nH]c1C(=O)NN=Cc1ccc(Cl)cc1Cl,,False,unassigned stereo,Cc1ccc(C[n+]2[nH]c(C(=O)NN=Cc3ccc(Cl)cc3Cl)c(C)c2O)cc1,N-benzyl pyridinium (Menshutkin),pyridinium,False,single reduction; parent reported irreversible,False,418.304,1.0,64.1,2.93,inherently-charged (azinium; no neutral form),1.0,28.0,True
D3TaLES,81PAPA,Cc1cnc(Cl)nc1Nc1cccc(I)c1,2.32,0.4464,0.3156,6.244,1.683,Cc1cnc(Cl)nc1Nc1cccc(I)c1,,False,element not allowed: I,Cc1ccc(C[n+]2cc(C)c(Nc3cccc(I)c3)nc2Cl)cc1,N-benzyl pyridinium (Menshutkin),pyridinium,False,single reduction; parent reported irreversible,False,450.731,1.0,59.5,2.78,inherently-charged (azinium; no neutral form),1.0,24.0,True
D3TaLES,81PAPA,Cc1cnc(Cl)nc1Nc1cccc(I)c1,2.32,0.4464,0.3156,6.244,1.683,Cc1cnc(Cl)nc1Nc1cccc(I)c1,,False,element not allowed: I,Cc1ccc(C[n+]2c(Cl)ncc(C)c2Nc2cccc(I)c2)cc1,N-benzyl pyridinium (Menshutkin),pyridinium,False,single reduction; parent reported irreversible,False,450.731,1.0,59.5,2.86,inherently-charged (azinium; no neutral form),1.0,24.0,True
D3TaLES,81YVBU,Nc1nccnc1C(=O)Nc1ccc(C23CC4CC(CC(C4)C2)C3)cc1,3.55,0.6851,0.5586,6.885,1.46,Nc1nccnc1C(=O)Nc1ccc(C23CC4CC(CC(C4)C2)C3)cc1,,False,unassigned stereo,Cc1ccc(C[n+]2ccnc(C(=O)Nc3ccc(C45CC6CC(CC(C6)C4)C5)cc3)c2N)cc1,N-benzyl pyridinium (Menshutkin),pyridinium,False,single reduction; parent reported irreversible,False,453.61,1.0,59.1,3.97,inherently-charged (azinium; no neutral form),1.0,34.0,True
D3TaLES,81YVBU,Nc1nccnc1C(=O)Nc1ccc(C23CC4CC(CC(C4)C2)C3)cc1,3.55,0.6851,0.5586,6.885,1.46,Nc1nccnc1C(=O)Nc1ccc(C23CC4CC(CC(C4)C2)C3)cc1,,False,unassigned stereo,Cc1ccc(C[n+]2ccnc(N)c2C(=O)Nc2ccc(C34CC5CC(CC(C5)C3)C4)cc2)cc1,N-benzyl pyridinium (Menshutkin),pyridinium,False,single reduction; parent reported irreversible,False,453.61,1.0,59.1,4.0,inherently-charged (azinium; no neutral form),1.0,34.0,True
D3TaLES,81LXXK,Cc1nc(N[C@H](C)C(=O)N2CCCC[C@@H]2C)ccc1I,3.25,,0.3545,6.848,1.065,Cc1nc(N[C@H](C)C(=O)N2CCCC[C@@H]2C)ccc1I,,False,element not allowed: I,Cc1ccc(C[n+]2c(N[C@H](C)C(=O)N3CCCC[C@@H]3C)ccc(I)c2C)cc1,N-benzyl pyridinium (Menshutkin),pyridinium,False,single reduction; parent reported irreversible,False,492.425,1.0,54.4,3.65,inherently-charged (azinium; no neutral form),1.0,28.0,False
D3TaLES,81KYOD,CC1CCC(CN(C)c2ncnc3[nH]cnc23)CC1,2.82,0.6379,0.2121,5.681,1.215,CC1CCC(CN(C)c2ncnc3[nH]cnc23)CC1,,False,unassigned stereo,Cc1ccc(C[n+]2cnc3[nH]cnc3c2N(C)CC2CCC(C)CC2)cc1,N-benzyl pyridinium (Menshutkin),pyridinium,False,single reduction; parent reported irreversible,False,364.517,1.0,73.5,3.13,inherently-charged (azinium; no neutral form),1.0,27.0,True
D3TaLES,81KYOD,CC1CCC(CN(C)c2ncnc3[nH]cnc23)CC1,2.82,0.6379,0.2121,5.681,1.215,CC1CCC(CN(C)c2ncnc3[nH]cnc23)CC1,,False,unassigned stereo,Cc1ccc(C[n+]2cnc(N(C)CC3CCC(C)CC3)c3nc[nH]c32)cc1,N-benzyl pyridinium (Menshutkin),pyridinium,False,single reduction; parent reported irreversible,False,364.517,1.0,73.5,3.1,inherently-charged (azinium; no neutral form),1.0,27.0,True
D3TaLES,81KYOD,CC1CCC(CN(C)c2ncnc3[nH]cnc23)CC1,2.82,0.6379,0.2121,5.681,1.215,CC1CCC(CN(C)c2ncnc3[nH]cnc23)CC1,,False,unassigned stereo,Cc1ccc(C[n+]2c[nH]c3ncnc(N(C)CC4CCC(C)CC4)c32)cc1,N-benzyl pyridinium (Menshutkin),pyridinium,False,single reduction; parent reported irreversible,False,364.517,1.0,73.5,3.04,inherently-charged (azinium; no neutral form),1.0,27.0,True
D3TaLES,81AQJC,Cc1nc(C(=O)NC2CCC(C(=O)OC(C)(C)C)CC2)c(=O)[nH]c1C,2.54,0.646,0.8781,6.969,1.621,Cc1nc(C(=O)NC2CCC(C(=O)OC(C)(C)C)CC2)c(=O)[nH]c1C,,False,unassigned stereo,Cc1ccc(C[n+]2c(C)c(C)[nH]c(=O)c2C(=O)NC2CCC(C(=O)OC(C)(C)C)CC2)cc1,N-benzyl pyridinium (Menshutkin),pyridinium,False,single reduction; parent reported irreversible,False,454.591,1.0,59.0,2.9,inherently-charged (azinium; no neutral form),1.0,33.0,True
D3TaLES,81LANN,O=C(CC12CC3CC(CC(C3)C1)C2)N1CCC(O)(c2ccccn2)CC1,3.8,0.6229,0.6293,5.88,1.95,O=C(CC12CC3CC(CC(C3)C1)C2)N1CCC(O)(c2ccccn2)CC1,,False,unassigned stereo,Cc1ccc(C[n+]2ccccc2C2(O)CCN(C(=O)CC34CC5CC(CC(C5)C3)C4)CC2)cc1,N-benzyl pyridinium (Menshutkin),pyridinium,False,single reduction; parent reported irreversible,False,459.654,1.0,58.3,4.12,inherently-charged (azinium; no neutral form),1.0,34.0,True
D3TaLES,81JSVD,Cc1nn(C)cc1[C@H](C)NC(=O)C1CCC(NC(=O)C2CCCC2)CC1,2.78,,0.3875,,1.773,Cc1nn(C)cc1[C@H](C)NC(=O)C1CCC(NC(=O)C2CCCC2)CC1,,False,unassigned stereo,Cc1ccc(C[n+]2c(C)c([C@H](C)NC(=O)C3CCC(NC(=O)C4CCCC4)CC3)cn2C)cc1,N-benzyl pyridinium (Menshutkin),pyridinium,False,single reduction; parent reported irreversible,False,465.662,1.0,57.6,3.36,inherently-charged (azinium; no neutral form),1.0,34.0,False
D3TaLES,81QVVK,Cc1nn(C(=O)Cn2cc(I)cn2)c(C)c1Br,2.89,,0.5758,,2.203,Cc1nn(C(=O)Cn2cc(I)cn2)c(C)c1Br,,False,element not allowed: I,Cc1ccc(C[n+]2c(C)c(Br)c(C)n2C(=O)Cn2cc(I)cn2)cc1,N-benzyl pyridinium (Menshutkin),pyridinium,False,single reduction; parent reported irreversible,False,514.185,1.0,52.1,3.29,inherently-charged (azinium; no neutral form),1.0,25.0,False
D3TaLES,81QVVK,Cc1nn(C(=O)Cn2cc(I)cn2)c(C)c1Br,2.89,,0.5758,,2.203,Cc1nn(C(=O)Cn2cc(I)cn2)c(C)c1Br,,False,element not allowed: I,Cc1ccc(C[n+]2cc(I)cn2CC(=O)n2nc(C)c(Br)c2C)cc1,N-benzyl pyridinium (Menshutkin),pyridinium,False,single reduction; parent reported irreversible,False,514.185,1.0,52.1,3.34,inherently-charged (azinium; no neutral form),1.0,25.0,False
D3TaLES,81SRFM,O[C@@H](Cc1ccccn1)c1ccccc1I,2.56,,1.157,,2.133,O[C@@H](Cc1ccccn1)c1ccccc1I,,False,element not allowed: I,Cc1ccc(C[n+]2ccccc2C[C@H](O)c2ccccc2I)cc1,N-benzyl pyridinium (Menshutkin),pyridinium,False,single reduction; parent reported irreversible,False,430.309,1.0,62.3,3.06,inherently-charged (azinium; no neutral form),1.0,24.0,False
D3TaLES,81ORWC,CC1CCC(Oc2cc(CNC(=O)[C@H](C)n3ccnc3)ccn2)CC1,3.04,3.144,0.9176,,1.891,CC1CCC(Oc2cc(CNC(=O)[C@H](C)n3ccnc3)ccn2)CC1,,False,unassigned stereo,Cc1ccc(C[n+]2ccn([C@@H](C)C(=O)NCc3ccnc(OC4CCC(C)CC4)c3)c2)cc1,N-benzyl pyridinium (Menshutkin),pyridinium,False,single reduction; parent reported irreversible,False,447.603,1.0,59.9,3.34,inherently-charged (azinium; no neutral form),1.0,33.0,False
D3TaLES,81ORWC,CC1CCC(Oc2cc(CNC(=O)[C@H](C)n3ccnc3)ccn2)CC1,3.04,3.144,0.9176,,1.891,CC1CCC(Oc2cc(CNC(=O)[C@H](C)n3ccnc3)ccn2)CC1,,False,unassigned stereo,Cc1ccc(C[n+]2ccc(CNC(=O)[C@H](C)n3ccnc3)cc2OC2CCC(C)CC2)cc1,N-benzyl pyridinium (Menshutkin),pyridinium,False,single reduction; parent reported irreversible,False,447.603,1.0,59.9,3.45,inherently-charged (azinium; no neutral form),1.0,33.0,False
D3TaLES,81GWBY,Cn1ccnc1[C@H](NC(=O)c1ccccc1I)c1cccc(F)c1,2.64,3.506,0.3068,7.311,1.825,Cn1ccnc1[C@H](NC(=O)c1ccccc1I)c1cccc(F)c1,,False,element not allowed: I,Cc1ccc(C[n+]2ccn(C)c2[C@H](NC(=O)c2ccccc2I)c2cccc(F)c2)cc1,N-benzyl pyridinium (Menshutkin),pyridinium,False,single reduction; parent reported irreversible,False,540.4,1.0,49.6,3.2,inherently-charged (azinium; no neutral form),1.0,32.0,False
D3TaLES,81JMUR,Cc1ccc(Oc2ncnc(NC34CC5CC(CC(C5)C3)C4)c2N)cc1,3.66,,0.7311,,0.622,Cc1ccc(Oc2ncnc(NC34CC5CC(CC(C5)C3)C4)c2N)cc1,,False,unassigned stereo,Cc1ccc(C[n+]2cnc(NC34CC5CC(CC(C5)C3)C4)c(N)c2Oc2ccc(C)cc2)cc1,N-benzyl pyridinium (Menshutkin),pyridinium,False,single reduction; parent reported irreversible,False,455.626,1.0,58.8,4.11,inherently-charged (azinium; no neutral form),1.0,34.0,False
D3TaLES,81JMUR,Cc1ccc(Oc2ncnc(NC34CC5CC(CC(C5)C3)C4)c2N)cc1,3.66,,0.7311,,0.622,Cc1ccc(Oc2ncnc(NC34CC5CC(CC(C5)C3)C4)c2N)cc1,,False,unassigned stereo,Cc1ccc(C[n+]2cnc(Oc3ccc(C)cc3)c(N)c2NC23CC4CC(CC(C4)C2)C3)cc1,N-benzyl pyridinium (Menshutkin),pyridinium,False,single reduction; parent reported irreversible,False,455.626,1.0,58.8,4.09,inherently-charged (azinium; no neutral form),1.0,34.0,False
D3TaLES,81UTJD,CC1CCC(Oc2cc(CNC(=O)N[C@H](C)CO)ccn2)CC1,2.86,0.9983,1.034,5.783,1.771,CC1CCC(Oc2cc(CNC(=O)N[C@H](C)CO)ccn2)CC1,,False,unassigned stereo,Cc1ccc(C[n+]2ccc(CNC(=O)N[C@H](C)CO)cc2OC2CCC(C)CC2)cc1,N-benzyl pyridinium (Menshutkin),pyridinium,False,single reduction; parent reported irreversible,False,426.581,1.0,62.8,3.32,inherently-charged (azinium; no neutral form),1.0,31.0,True
D3TaLES,81QNLV,CC(C)(C)OC(=O)C1CCC(NC(=O)C2CCN(c3cnccn3)CC2)CC1,2.42,0.7988,0.6671,6.048,1.174,CC(C)(C)OC(=O)C1CCC(NC(=O)C2CCN(c3cnccn3)CC2)CC1,,False,unassigned stereo,Cc1ccc(C[n+]2ccnc(N3CCC(C(=O)NC4CCC(C(=O)OC(C)(C)C)CC4)CC3)c2)cc1,N-benzyl pyridinium (Menshutkin),pyridinium,False,single reduction; parent reported irreversible,False,493.672,1.0,54.3,2.84,inherently-charged (azinium; no neutral form),1.0,36.0,True
D3TaLES,81QNLV,CC(C)(C)OC(=O)C1CCC(NC(=O)C2CCN(c3cnccn3)CC2)CC1,2.42,0.7988,0.6671,6.048,1.174,CC(C)(C)OC(=O)C1CCC(NC(=O)C2CCN(c3cnccn3)CC2)CC1,,False,unassigned stereo,Cc1ccc(C[n+]2ccncc2N2CCC(C(=O)NC3CCC(C(=O)OC(C)(C)C)CC3)CC2)cc1,N-benzyl pyridinium (Menshutkin),pyridinium,False,single reduction; parent reported irreversible,False,493.672,1.0,54.3,2.95,inherently-charged (azinium; no neutral form),1.0,36.0,True
D3TaLES,81UQBJ,CCCN1CCO[C@@H](c2nc(C)c(I)c(=O)[nH]2)C1,3.43,2.015,0.3994,6.483,0.9,CCCN1CCO[C@@H](c2nc(C)c(I)c(=O)[nH]2)C1,,False,element not allowed: I,CCCN1CCO[C@@H](c2[nH]c(=O)c(I)c(C)[n+]2Cc2ccc(C)cc2)C1,N-benzyl pyridinium (Menshutkin),pyridinium,False,single reduction; parent reported irreversible,False,468.359,1.0,57.2,3.55,inherently-charged (azinium; no neutral form),1.0,26.0,False
D3TaLES,81JBHL,C[C@@]12CC3CC(c4nc(C=O)c[nH]4)(C1)C[C@](C)(C3)C2,5.87,,,,,C[C@]12CC3CC(c4nc(C=O)c[nH]4)(C1)C[C@@](C)(C3)C2,,False,unassigned stereo,Cc1ccc(C[n+]2c(C=O)c[nH]c2C23CC4C[C@@](C)(C2)C[C@](C)(C4)C3)cc1,N-benzyl pyridinium (Menshutkin),pyridinium,False,single reduction; parent reported irreversible,False,363.525,1.0,73.7,5.61,inherently-charged (azinium; no neutral form),1.0,27.0,False
D3TaLES,81OZTFSG,CC(C)CC1(c2onc(N)c2I)CCCC1,3.33,,,,,CC(C)CC1(c2onc(N)c2I)CCCC1,,False,element not allowed: I,Cc1ccc(C[n+]2oc(C3(CC(C)C)CCCC3)c(I)c2N)cc1,N-benzyl pyridinium (Menshutkin),pyridinium,False,single reduction; parent reported irreversible,False,439.361,1.0,61.0,3.36,inherently-charged (azinium; no neutral form),1.0,24.0,False
D3TaLES,81NXIG,Cc1nc2cc(NC(=O)CCNC(=O)NC34CC5CC(CC(C5)C3)C4)ccc2o1,3.64,0.7461,0.7446,5.893,1.588,Cc1nc2cc(NC(=O)CCNC(=O)NC34CC5CC(CC(C5)C3)C4)ccc2o1,,False,unassigned stereo,Cc1ccc(C[n+]2c(C)oc3ccc(NC(=O)CCNC(=O)NC45CC6CC(CC(C6)C4)C5)cc32)cc1,N-benzyl pyridinium (Menshutkin),pyridinium,False,single reduction; parent reported irreversible,False,501.651,1.0,53.4,4.01,inherently-charged (azinium; no neutral form),1.0,37.0,True
D3TaLES,81NZDR,Cc1nc(NCc2ccc3c(c2)OCO3)ccc1I,2.33,3.07,0.3614,6.94,1.305,Cc1nc(NCc2ccc3c(c2)OCO3)ccc1I,,False,element not allowed: I,Cc1ccc(C[n+]2c(NCc3ccc4c(c3)OCO4)ccc(I)c2C)cc1,N-benzyl pyridinium (Menshutkin),pyridinium,False,single reduction; parent reported irreversible,False,473.334,1.0,56.6,2.81,inherently-charged (azinium; no neutral form),1.0,27.0,False
D3TaLES,06CCRL,COc1ccc(/C=N/NC(=O)CNC(=O)c2ccncc2)cc1I,2.22,1.506,0.9746,6.791,1.51,COc1ccc(/C=N/NC(=O)CNC(=O)c2ccncc2)cc1I,,False,element not allowed: I,COc1ccc(/C=N/NC(=O)CNC(=O)c2cc[n+](Cc3ccc(C)cc3)cc2)cc1I,N-benzyl pyridinium (Menshutkin),pyridinium,False,single reduction; parent reported irreversible,False,543.385,1.0,49.3,2.57,inherently-charged (azinium; no neutral form),1.0,32.0,False
D3TaLES,06YEUJ,COc1ccc(I)cc1S(=O)(=O)NCc1ccccn1,2.13,1.428,0.5874,6.52,1.693,COc1ccc(I)cc1S(=O)(=O)NCc1ccccn1,,False,element not allowed: I,COc1ccc(I)cc1S(=O)(=O)NCc1cccc[n+]1Cc1ccc(C)cc1,N-benzyl pyridinium (Menshutkin),pyridinium,False,single reduction; parent reported irreversible,False,509.389,1.0,52.6,2.63,inherently-charged (azinium; no neutral form),1.0,28.0,True
D3TaLES,06DZJY,COc1ccnc(NC(=O)C2CCC(NC(=O)C3CCCC3)CC2)c1,2.15,0.5088,0.5832,5.653,1.99,COc1ccnc(NC(=O)C2CCC(NC(=O)C3CCCC3)CC2)c1,,False,unassigned stereo,COc1cc[n+](Cc2ccc(C)cc2)c(NC(=O)C2CCC(NC(=O)C3CCCC3)CC2)c1,N-benzyl pyridinium (Menshutkin),pyridinium,False,single reduction; parent reported irreversible,False,450.603,1.0,59.5,2.69,inherently-charged (azinium; no neutral form),1.0,33.0,True
D3TaLES,06IQXZ,CS(=O)(=O)OCCN1C(=O)c2cccc3cccc(c23)C1=O,2.2,0.7014,,7.431,2.263,CS(=O)(=O)OCCN1C(=O)c2cccc3cccc(c23)C1=O,mono-imide,False,no graft handle,,,mono-imide,False,,,,,,,,,,True
D3TaLES,06QXSP,COC1CCN(CN2C(=O)c3ccccc3C2=O)CC1,2.07,0.6349,0.9978,7.203,1.302,COC1CCN(CN2C(=O)c3ccccc3C2=O)CC1,mono-imide,False,no graft handle,,,mono-imide,False,,,,,,,,,,True
D3TaLES,06ISUV,CN1C(=O)c2cc(Br)c3c4c(cc(Br)c(c24)C1=O)C(=O)N(C)C3=O,2.98,0.3801,0.8689,8.335,2.711,CN1C(=O)c2cc(Br)c3c4c(cc(Br)c(c24)C1=O)C(=O)N(C)C3=O,bis-imide,False,no graft handle,,,bis-imide,True,,,,,,,,,,True
D3TaLES,06WCNL,CCCN(CC#N)CN1C(=O)c2ccccc2C1=O,2.36,0.7074,0.6439,7.322,1.659,CCCN(CC#N)CN1C(=O)c2ccccc2C1=O,mono-imide,False,no graft handle,,,mono-imide,False,,,,,,,,,,True
D3TaLES,06CNUS,O=C(CCCN1C(=O)c2cccc3cccc(c23)C1=O)Nc1ccccc1SC(F)F,2.33,0.4826,0.8285,7.326,1.845,O=C(CCCN1C(=O)c2cccc3cccc(c23)C1=O)Nc1ccccc1SC(F)F,mono-imide,False,no graft handle,,,mono-imide,False,,,,,,,,,,True
D3TaLES,06THDW,O=C(COC(=O)c1cccc2c1C(=O)c1ccccc1C2=O)N[C@H]1CCS(=O)(=O)C1,2.79,0.8492,2.188,7.925,2.603,O=C(COC(=O)c1cccc2c1C(=O)c1ccccc1C2=O)N[C@H]1CCS(=O)(=O)C1,p-quinone,False,no graft handle,,,p-quinone,True,,,,,,,,,,True
D3TaLES,06SDPU,O=C1c2ccccc2C(=O)N1Cc1ccc(S(=O)(=O)Nc2ccccc2Cl)cc1,1.91,0.5704,1.223,7.288,1.758,O=C1c2ccccc2C(=O)N1Cc1ccc(S(=O)(=O)Nc2ccccc2Cl)cc1,mono-imide,False,no graft handle,,,mono-imide,False,,,,,,,,,,True
D3TaLES,06BRUK,COc1cc(CNC(=O)Nc2ccc3c(c2)C(=O)N(C)C3=O)ccc1OCc1ccccc1,2.09,0.5859,0.7259,7.056,1.146,COc1cc(CNC(=O)Nc2ccc3c(c2)C(=O)N(C)C3=O)ccc1OCc1ccccc1,mono-imide,False,no graft handle,,,mono-imide,False,,,,,,,,,,True
D3TaLES,06CDGO,O=C1c2ccccc2C(=O)N1CN1CCO[C@H](c2ccc(F)cc2)C1,2.6,0.7874,1.01,7.144,1.391,O=C1c2ccccc2C(=O)N1CN1CCO[C@H](c2ccc(F)cc2)C1,mono-imide,False,no graft handle,,,mono-imide,False,,,,,,,,,,True
D3TaLES,06CKFA,O=C(O[C@@H]1CCOC1=O)c1ccc2c(c1)C(=O)N(Cc1ccco1)C2=O,2.87,0.6776,1.177,7.551,1.855,O=C(O[C@@H]1CCOC1=O)c1ccc2c(c1)C(=O)N(Cc1ccco1)C2=O,mono-imide,False,no graft handle,,,mono-imide,False,,,,,,,,,,True
D3TaLES,06RZNL,C[C@H]1C[C@@H](C)CN(C(=O)COC(=O)CCCN2C(=O)c3cccc4cccc(c34)C2=O)C1,3.08,0.5007,1.117,7.333,2.022,C[C@@H]1C[C@H](C)CN(C(=O)COC(=O)CCCN2C(=O)c3cccc4cccc(c34)C2=O)C1,mono-imide,False,no graft handle,,,mono-imide,False,,,,,,,,,,True
D3TaLES,06ORXK,CCn1nccc1/C=C/C(=O)NC1CCC(C(=O)OC(C)(C)C)CC1,2.67,0.8959,1.096,6.645,1.972,CCn1nccc1/C=C/C(=O)NC1CCC(C(=O)OC(C)(C)C)CC1,,False,unassigned stereo,CCn1c(/C=C/C(=O)NC2CCC(C(=O)OC(C)(C)C)CC2)cc[n+]1Cc1ccc(C)cc1,N-benzyl pyridinium (Menshutkin),pyridinium,False,single reduction; parent reported irreversible,False,452.619,1.0,59.2,3.12,inherently-charged (azinium; no neutral form),1.0,33.0,True
D3TaLES,06ZATM,CC(C)(C(=O)NC1CCC(Oc2ccc(C#N)cn2)CC1)c1cccc(F)c1,2.58,,,6.233,,CC(C)(C(=O)NC1CCC(Oc2ccc(C#N)cn2)CC1)c1cccc(F)c1,,False,unassigned stereo,Cc1ccc(C[n+]2cc(C#N)ccc2OC2CCC(NC(=O)C(C)(C)c3cccc(F)c3)CC2)cc1,N-benzyl pyridinium (Menshutkin),pyridinium,False,single reduction; parent reported irreversible,False,486.611,1.0,55.1,3.03,inherently-charged (azinium; no neutral form),1.0,36.0,False
D3TaLES,06DQUJ,CC(C)c1ccc(NC(=O)C2CCC(CNS(=O)(=O)c3cccc4cccnc34)CC2)cc1,2.28,,,,,CC(C)c1ccc(NC(=O)C2CCC(CNS(=O)(=O)c3cccc4cccnc34)CC2)cc1,,False,unassigned stereo,Cc1ccc(C[n+]2cccc3cccc(S(=O)(=O)NCC4CCC(C(=O)Nc5ccc(C(C)C)cc5)CC4)c32)cc1,N-benzyl pyridinium (Menshutkin),pyridinium,False,single reduction; parent reported irreversible,False,570.779,1.0,47.0,2.79,inherently-charged (azinium; no neutral form),1.0,41.0,False
D3TaLES,06CTDO,CN1C(=O)c2ccc(C(=O)OCc3ccccc3)cc2C1=O,1.8,0.7681,2.485,7.496,2.609,CN1C(=O)c2ccc(C(=O)OCc3ccccc3)cc2C1=O,mono-imide,False,no graft handle,,,mono-imide,False,,,,,,,,,,True
D3TaLES,06SPFU,C[C@@H]1CC(Oc2ccc(CBr)nc2)C[C@@H](C)C1,3.37,5.025,0.6427,7.923,2.048,C[C@@H]1CC(Oc2ccc(CBr)nc2)C[C@@H](C)C1,,False,unassigned stereo,Cc1ccc(C[n+]2cc(OC3C[C@@H](C)C[C@H](C)C3)ccc2CBr)cc1,N-benzyl pyridinium (Menshutkin),pyridinium,False,single reduction; parent reported irreversible,False,403.384,1.0,66.4,3.68,inherently-charged (azinium; no neutral form),1.0,25.0,False
D3TaLES,06RCEL,CC(=O)Nc1ccc(Cl)c(NS(=O)(=O)c2ccc(CN3C(=O)c4ccccc4C3=O)cc2)c1,2.11,1.192,0.8207,7.087,1.54,CC(=O)Nc1ccc(Cl)c(NS(=O)(=O)c2ccc(CN3C(=O)c4ccccc4C3=O)cc2)c1,mono-imide,False,no graft handle,,,mono-imide,False,,,,,,,,,,True
D3TaLES,06TJTL,CC1CCN(C(=O)[C@H](C)OC(=O)c2cccc(CN3C(=O)c4ccccc4C3=O)c2)CC1,2.61,0.6522,1.025,7.217,2.058,CC1CCN(C(=O)[C@H](C)OC(=O)c2cccc(CN3C(=O)c4ccccc4C3=O)c2)CC1,mono-imide,False,no graft handle,,,mono-imide,False,,,,,,,,,,True
D3TaLES,06GTRJ,COc1ccc(CNC(=O)C2C[C@H](C)O[C@H](C)C2)cn1,3.23,0.9914,1.146,5.815,1.568,COc1ccc(CNC(=O)C2C[C@@H](C)O[C@@H](C)C2)cn1,,False,unassigned stereo,COc1ccc(CNC(=O)C2C[C@@H](C)O[C@@H](C)C2)c[n+]1Cc1ccc(C)cc1,N-benzyl pyridinium (Menshutkin),pyridinium,False,single reduction; parent reported irreversible,False,383.512,1.0,69.9,3.73,inherently-charged (azinium; no neutral form),1.0,28.0,True
D3TaLES,06OETG,O=C1c2cc(Cl)c(Cl)cc2C(=O)N1CN(C[C@@H]1CCCO1)C[C@@H]1CCCO1,3.34,0.59,0.8768,7.465,0.871,O=C1c2cc(Cl)c(Cl)cc2C(=O)N1CN(C[C@@H]1CCCO1)C[C@@H]1CCCO1,mono-imide,False,no graft handle,,,mono-imide,False,,,,,,,,,,True
D3TaLES,06ECYB,Cc1ccc(C(=O)NNC(=O)c2ccc3c(c2)C(=O)N(Cc2ccccc2)C3=O)cc1,1.95,0.7161,,7.477,,Cc1ccc(C(=O)NNC(=O)c2ccc3c(c2)C(=O)N(Cc2ccccc2)C3=O)cc1,mono-imide,False,no graft handle,,,mono-imide,False,,,,,,,,,,True
D3TaLES,06ZBEK,COc1ccccc1NCN1C(=O)c2ccc(F)cc2C1=O,2.02,0.6904,0.6161,7.317,0.863,COc1ccccc1NCN1C(=O)c2ccc(F)cc2C1=O,mono-imide,False,1e- family,COc1ccccc1N(Cc1ccc(C)cc1)CN1C(=O)c2ccc(F)cc2C1=O,N-benzyl (amine N-H),mono-imide,False,"single reversible wave only (N-alkyl phthalimides, Daub 2021)",False,404.441,1.0,66.3,2.29,neutral,0.0,30.0,True
D3TaLES,06XWBW,COC(=O)C[C@H](NC(=O)c1ccc2c(c1)C(=O)N(C)C2=O)c1ccc(Cl)cc1,2.57,0.6321,0.7191,7.351,2.225,COC(=O)C[C@H](NC(=O)c1ccc2c(c1)C(=O)N(C)C2=O)c1ccc(Cl)cc1,mono-imide,False,no graft handle,,,mono-imide,False,,,,,,,,,,True
D3TaLES,06RWAL,C[C@H]1CC(n2c(CCCl)nc3cccnc32)C[C@H](C)C1,3.33,0.4176,0.5127,6.081,1.998,C[C@H]1CC(n2c(CCCl)nc3cccnc32)C[C@H](C)C1,,False,unassigned stereo,Cc1ccc(C[n+]2c(CCCl)n(C3C[C@H](C)C[C@@H](C)C3)c3ncccc32)cc1,N-benzyl pyridinium (Menshutkin),pyridinium,False,single reduction; parent reported irreversible,False,396.986,1.0,67.5,3.8,inherently-charged (azinium; no neutral form),1.0,28.0,True
D3TaLES,06RWAL,C[C@H]1CC(n2c(CCCl)nc3cccnc32)C[C@H](C)C1,3.33,0.4176,0.5127,6.081,1.998,C[C@H]1CC(n2c(CCCl)nc3cccnc32)C[C@H](C)C1,,False,unassigned stereo,Cc1ccc(C[n+]2cccc3nc(CCCl)n(C4C[C@H](C)C[C@@H](C)C4)c32)cc1,N-benzyl pyridinium (Menshutkin),pyridinium,False,single reduction; parent reported irreversible,False,396.986,1.0,67.5,3.72,inherently-charged (azinium; no neutral form),1.0,28.0,True
D3TaLES,06RCSI,O=C(NC[C@H](O)COc1ccc(I)cc1)c1ccncc1,2.47,1.459,1.034,6.637,1.802,O=C(NC[C@H](O)COc1ccc(I)cc1)c1ccncc1,,False,element not allowed: I,Cc1ccc(C[n+]2ccc(C(=O)NC[C@H](O)COc3ccc(I)cc3)cc2)cc1,N-benzyl pyridinium (Menshutkin),pyridinium,False,single reduction; parent reported irreversible,False,503.36,1.0,53.2,2.84,inherently-charged (azinium; no neutral form),1.0,29.0,True
D3TaLES,06AUYW,N=C1SCC=C1c1nc2ccc(Br)cc2s1,3.21,0.55,,7.225,,N=C1SCC=C1c1nc2ccc(Br)cc2s1,,False,unassigned stereo,Cc1ccc(C[n+]2c(C3=CCSC3=N)sc3cc(Br)ccc32)cc1,N-benzyl pyridinium (Menshutkin),pyridinium,False,single reduction; parent reported irreversible,False,416.389,1.0,64.4,3.31,inherently-charged (azinium; no neutral form),1.0,24.0,True
D3TaLES,06QUHS,O=C(Nc1ncccc1I)[C@H]1C[C@H]2CC[C@@H]1C2,4.09,3.482,0.612,7.274,2.012,O=C(Nc1ncccc1I)[C@H]1C[C@H]2CC[C@@H]1C2,,False,element not allowed: I,Cc1ccc(C[n+]2cccc(I)c2NC(=O)[C@H]2C[C@H]3CC[C@@H]2C3)cc1,N-benzyl pyridinium (Menshutkin),pyridinium,False,single reduction; parent reported irreversible,False,447.34,1.0,59.9,4.43,inherently-charged (azinium; no neutral form),1.0,25.0,False
D3TaLES,06YAQY,CCCC[C@@H](NC(=O)C1CCC(O)CC1)c1cccnc1,2.65,0.6812,1.906,5.866,2.307,CCCC[C@@H](NC(=O)C1CCC(O)CC1)c1cccnc1,,False,unassigned stereo,CCCC[C@@H](NC(=O)C1CCC(O)CC1)c1ccc[n+](Cc2ccc(C)cc2)c1,N-benzyl pyridinium (Menshutkin),pyridinium,False,single reduction; parent reported irreversible,False,395.567,1.0,67.8,3.05,inherently-charged (azinium; no neutral form),1.0,29.0,True
D3TaLES,06KOPO,CCc1ccccc1NC(=O)CCCN1C(=O)c2cccc3cccc(c23)C1=O,2.06,0.9422,0.5725,7.492,1.623,CCc1ccccc1NC(=O)CCCN1C(=O)c2cccc3cccc(c23)C1=O,mono-imide,False,no graft handle,,,mono-imide,False,,,,,,,,,,True
D3TaLES,06MYJZ,CC1CCC(C)(NC(=O)Cc2cccc(OCc3cccnc3)c2)CC1,2.34,0.6834,1.318,5.833,1.78,CC1CCC(C)(NC(=O)Cc2cccc(OCc3cccnc3)c2)CC1,,False,unassigned stereo,Cc1ccc(C[n+]2cccc(COc3cccc(CC(=O)NC4(C)CCC(C)CC4)c3)c2)cc1,N-benzyl pyridinium (Menshutkin),pyridinium,False,single reduction; parent reported irreversible,False,457.638,1.0,58.6,2.71,inherently-charged (azinium; no neutral form),1.0,34.0,True
D3TaLES,06BIJA,O=C(OCC(=O)N1CCCC1)c1ccc2c(c1)C(=O)N(Cc1ccco1)C2=O,2.19,0.6842,1.309,7.516,2.011,O=C(OCC(=O)N1CCCC1)c1ccc2c(c1)C(=O)N(Cc1ccco1)C2=O,mono-imide,False,no graft handle,,,mono-imide,False,,,,,,,,,,True
D3TaLES,06GPQU,CN1C(=O)c2ccc(NC(=O)COc3ccc(Br)cc3Br)cc2C1=O,2.09,0.562,1.07,7.193,1.923,CN1C(=O)c2ccc(NC(=O)COc3ccc(Br)cc3Br)cc2C1=O,mono-imide,False,no graft handle,,,mono-imide,False,,,,,,,,,,True
D3TaLES,06LIXQ,O=C(C[S@@](=O)CCN1C(=O)c2ccccc2C1=O)Nc1cccc(F)c1,2.72,0.8249,0.9611,7.309,1.831,O=C(C[S@@](=O)CCN1C(=O)c2ccccc2C1=O)Nc1cccc(F)c1,mono-imide,False,no graft handle,,,mono-imide,False,,,,,,,,,,True
D3TaLES,06EZGB,N#Cc1ccc(OC2CCC(NC(=O)[C@H]3C[C@@H]4C=C[C@H]3C4)CC2)nc1,4.33,0.7804,0.4689,6.356,2.423,N#Cc1ccc(OC2CCC(NC(=O)[C@H]3C[C@@H]4C=C[C@H]3C4)CC2)nc1,,False,unassigned stereo,Cc1ccc(C[n+]2cc(C#N)ccc2OC2CCC(NC(=O)[C@H]3C[C@@H]4C=C[C@H]3C4)CC2)cc1,N-benzyl pyridinium (Menshutkin),pyridinium,False,single reduction; parent reported irreversible,False,442.583,1.0,60.6,4.71,inherently-charged (azinium; no neutral form),1.0,33.0,True
D3TaLES,06ZFGJ,O=C(OCCN1C(=O)c2ccccc2C1=O)c1ccco1,2.0,0.6899,0.4062,7.215,2.339,O=C(OCCN1C(=O)c2ccccc2C1=O)c1ccco1,mono-imide,False,no graft handle,,,mono-imide,False,,,,,,,,,,True
D3TaLES,06HNXN,C[C@@H](Oc1ccccc1Br)C(=O)Nc1cccc2c1C(=O)NC2=O,2.62,0.6086,0.7466,7.34,1.7,C[C@@H](Oc1ccccc1Br)C(=O)Nc1cccc2c1C(=O)NC2=O,mono-imide,False,1e- family,Cc1ccc(CN2C(=O)c3cccc(NC(=O)[C@@H](C)Oc4ccccc4Br)c3C2=O)cc1,N-benzyl (imide N-H),mono-imide,False,"single reversible wave only (N-alkyl phthalimides, Daub 2021)",False,493.357,1.0,54.3,2.62,neutral,0.0,32.0,True
D3TaLES,06GKKN,C=CCN(Cc1cccc(C#N)c1)CN1C(=O)c2ccccc2C1=O,2.35,0.6884,1.02,7.264,1.512,C=CCN(Cc1cccc(C#N)c1)CN1C(=O)c2ccccc2C1=O,mono-imide,False,no graft handle,,,mono-imide,False,,,,,,,,,,True
D3TaLES,06XTKN,Cc1cccc(NC(=O)COC(=O)c2ccc3c(c2)C(=O)N(Cc2ccccc2)C3=O)c1C,2.04,0.615,0.5319,7.615,1.567,Cc1cccc(NC(=O)COC(=O)c2ccc3c(c2)C(=O)N(Cc2ccccc2)C3=O)c1C,mono-imide,False,no graft handle,,,mono-imide,False,,,,,,,,,,True
D3TaLES,06QSOF,CN1C(=O)c2ccc(S(=O)(=O)NC3(C)Cc4ccccc4C3)cc2C1=O,2.58,0.7411,1.113,7.598,1.988,CN1C(=O)c2ccc(S(=O)(=O)NC3(C)Cc4ccccc4C3)cc2C1=O,mono-imide,False,no graft handle,,,mono-imide,False,,,,,,,,,,True
D3TaLES,06WIUD,Cc1cccc(C)c1OCC(=O)OCCN1C(=O)c2ccccc2C1=O,2.05,0.637,1.477,7.257,1.72,Cc1cccc(C)c1OCC(=O)OCCN1C(=O)c2ccccc2C1=O,mono-imide,False,no graft handle,,,mono-imide,False,,,,,,,,,,True
D3TaLES,06OHBC,CCC(=O)Nc1cccc2c1C(=O)N(C)C2=O,2.04,0.6317,0.515,7.269,2.075,CCC(=O)Nc1cccc2c1C(=O)N(C)C2=O,mono-imide,False,no graft handle,,,mono-imide,False,,,,,,,,,,True
D3TaLES,06YMFF,CC(=O)NC12C[C@H]3C[C@@H](C1)CC(C(=O)Nc1ccc(N(C)C)cn1)(C3)C2,4.88,0.7713,0.764,5.86,0.831,CC(=O)NC12C[C@H]3C[C@@H](C1)CC(C(=O)Nc1ccc(N(C)C)cn1)(C3)C2,,False,unassigned stereo,CC(=O)NC12C[C@H]3C[C@@H](C1)CC(C(=O)Nc1ccc(N(C)C)c[n+]1Cc1ccc(C)cc1)(C3)C2,N-benzyl pyridinium (Menshutkin),pyridinium,False,single reduction; parent reported irreversible,False,461.63,1.0,58.1,5.25,inherently-charged (azinium; no neutral form),1.0,34.0,True
D3TaLES,06KDEJ,Cc1cc(I)ccc1NC(=S)NC(=O)c1cccnc1,2.08,0.75,0.7827,7.038,1.773,Cc1cc(I)ccc1NC(=S)NC(=O)c1cccnc1,,False,element not allowed: I,Cc1ccc(C[n+]2cccc(C(=O)NC(=S)Nc3ccc(I)cc3C)c2)cc1,N-benzyl pyridinium (Menshutkin),pyridinium,False,single reduction; parent reported irreversible,False,502.401,1.0,53.3,2.47,inherently-charged (azinium; no neutral form),1.0,28.0,True
D3TaLES,06OJTISA,CN1C(=O)c2ccc(NC(=O)CSc3ccccc3Br)cc2C1=O,2.1,0.5571,0.3411,7.117,1.836,CN1C(=O)c2ccc(NC(=O)CSc3ccccc3Br)cc2C1=O,mono-imide,False,no graft handle,,,mono-imide,False,,,,,,,,,,True
D3TaLES,06XQCG,CN1C(=O)c2cccc3cc(S(=O)(=O)N4CCOCC4)cc(c23)C1=O,2.31,0.3971,0.912,7.64,1.832,CN1C(=O)c2cccc3cc(S(=O)(=O)N4CCOCC4)cc(c23)C1=O,mono-imide,False,no graft handle,,,mono-imide,False,,,,,,,,,,True
D3TaLES,06CDGV,O=C1c2ccccc2C(=O)N1CCn1cc(C(F)(F)F)ccc1=O,2.19,0.9991,0.5171,7.253,1.96,O=C1c2ccccc2C(=O)N1CCn1cc(C(F)(F)F)ccc1=O,mono-imide,False,no graft handle,,,mono-imide,False,,,,,,,,,,True
D3TaLES,06OTLB,COc1ccccc1NC(=O)NCN1C(=O)c2ccccc2C1=O,1.97,0.8372,0.636,7.271,1.137,COc1ccccc1NC(=O)NCN1C(=O)c2ccccc2C1=O,mono-imide,False,no graft handle,,,mono-imide,False,,,,,,,,,,True
D3TaLES,06HNGG,O=C1c2ccccc2C(=O)N1CC#CCO,2.28,0.8927,1.123,7.17,3.152,O=C1c2ccccc2C(=O)N1CC#CCO,mono-imide,False,1e- family,Cc1ccc(COCC#CCN2C(=O)c3ccccc3C2=O)cc1,"O-benzyl ether (phenol/enol, Williamson)",mono-imide,False,"single reversible wave only (N-alkyl phthalimides, Daub 2021)",False,319.36,1.0,83.9,2.25,neutral,0.0,24.0,True
D3TaLES,06PMWZ,C[C@H](OC(=O)c1ccc2c(c1)C(=O)N(Cc1ccco1)C2=O)C(=O)Nc1ccc(F)cc1,2.62,2.45,,,,C[C@H](OC(=O)c1ccc2c(c1)C(=O)N(Cc1ccco1)C2=O)C(=O)Nc1ccc(F)cc1,mono-imide,False,no graft handle,,,mono-imide,False,,,,,,,,,,False
D3TaLES,81TIOO,Fc1cc(F)c(I)cn1,2.9,3.071,0.3822,7.274,2.69,Fc1cc(F)c(I)cn1,,False,element not allowed: I,Cc1ccc(C[n+]2cc(I)c(F)cc2F)cc1,N-benzyl pyridinium (Menshutkin),pyridinium,False,single reduction; parent reported irreversible,False,346.138,1.0,77.4,2.92,inherently-charged (azinium; no neutral form),1.0,17.0,False
D3TaLES,81CMDC,CN1C(=O)c2cccc3cc(S(=O)(=O)NCCCO)cc(c23)C1=O,2.36,0.5419,0.3784,7.654,2.415,CN1C(=O)c2cccc3cc(S(=O)(=O)NCCCO)cc(c23)C1=O,mono-imide,False,1e- family,Cc1ccc(COCCCNS(=O)(=O)c2cc3c4c(cccc4c2)C(=O)N(C)C3=O)cc1,"O-benzyl ether (phenol/enol, Williamson)",mono-imide,False,"single reversible wave only (N-alkyl phthalimides, Daub 2021)",False,452.532,1.0,59.2,2.39,neutral,0.0,32.0,True
D3TaLES,81MOIO,O=C1c2cccc3cccc(c23)C(=O)N1CCS(=O)(=O)OCC(F)(F)F,2.54,,,,,O=C1c2cccc3cccc(c23)C(=O)N1CCS(=O)(=O)OCC(F)(F)F,mono-imide,False,no graft handle,,,mono-imide,False,,,,,,,,,,False
D3TaLES,81ILKG,C[C@@H]1CC(Nc2cccc(OCCn3cccn3)c2)C[C@H](C)O1,3.31,1.419,0.573,5.116,0.902,C[C@@H]1CC(Nc2cccc(OCCn3cccn3)c2)C[C@H](C)O1,,False,unassigned stereo,Cc1ccc(C[n+]2cccn2CCOc2cccc(NC3C[C@@H](C)O[C@@H](C)C3)c2)cc1,N-benzyl pyridinium (Menshutkin),pyridinium,False,single reduction; parent reported irreversible,False,420.577,1.0,63.7,3.87,inherently-charged (azinium; no neutral form),1.0,31.0,True
D3TaLES,81AJRT,CC(C)(NS(=O)(=O)c1ccc2c(c1)C(=O)NC2=O)c1ccc(Br)cc1,,0.7062,1.003,7.51,2.249,CC(C)(NS(=O)(=O)c1ccc2c(c1)C(=O)NC2=O)c1ccc(Br)cc1,mono-imide,False,1e- family,Cc1ccc(CN2C(=O)c3ccc(S(=O)(=O)NC(C)(C)c4ccc(Br)cc4)cc3C2=O)cc1,N-benzyl (imide N-H),mono-imide,False,"single reversible wave only (N-alkyl phthalimides, Daub 2021)",False,527.44,1.0,50.8,2.36,neutral,0.0,33.0,True
D3TaLES,81WNHH,C[C@H]1CC(C(=O)Nc2ccc(OCc3cccnc3)c(Cl)c2)C[C@H](C)O1,,4.584,0.6709,6.953,1.375,C[C@H]1CC(C(=O)Nc2ccc(OCc3cccnc3)c(Cl)c2)C[C@H](C)O1,,False,unassigned stereo,Cc1ccc(C[n+]2cccc(COc3ccc(NC(=O)C4C[C@H](C)O[C@@H](C)C4)cc3Cl)c2)cc1,N-benzyl pyridinium (Menshutkin),pyridinium,False,single reduction; parent reported irreversible,False,480.028,1.0,55.8,3.35,inherently-charged (azinium; no neutral form),1.0,34.0,False
D3TaLES,81DUGG,O=C1c2cccc3cccc(c23)C(=O)N1CCN1CCN(Sc2ccc(Cl)cc2)CC1,,0.4386,,7.381,0.849,O=C1c2cccc3cccc(c23)C(=O)N1CCN1CCN(Sc2ccc(Cl)cc2)CC1,mono-imide,False,no graft handle,,,mono-imide,False,,,,,,,,,,True
D3TaLES,81JQFV,Cc1cc(C)n(CC(=O)NNC(=O)c2cccc(I)c2)n1,,1.35,1.443,6.6,3.137,Cc1cc(C)n(CC(=O)NNC(=O)c2cccc(I)c2)n1,,False,element not allowed: I,Cc1ccc(C[n+]2c(C)cc(C)n2CC(=O)NNC(=O)c2cccc(I)c2)cc1,N-benzyl pyridinium (Menshutkin),pyridinium,False,single reduction; parent reported irreversible,False,503.364,1.0,53.2,2.95,inherently-charged (azinium; no neutral form),1.0,29.0,True
D3TaLES,81GJYB,Cc1cncc(C(=O)O[C@H](C)C(=O)NC2CCC(C)CC2)c1,,0.7923,0.4481,6.816,2.386,Cc1cncc(C(=O)O[C@H](C)C(=O)NC2CCC(C)CC2)c1,,False,unassigned stereo,Cc1ccc(C[n+]2cc(C)cc(C(=O)O[C@H](C)C(=O)NC3CCC(C)CC3)c2)cc1,N-benzyl pyridinium (Menshutkin),pyridinium,False,single reduction; parent reported irreversible,False,409.55,1.0,65.4,2.99,inherently-charged (azinium; no neutral form),1.0,30.0,True
D3TaLES,10UEUJ,CC1(C)CC(N2C(=O)c3cccc4cccc(c34)C2=O)CC(C)(C)N1,2.55,0.3947,0.8696,7.407,1.148,CC1(C)CC(N2C(=O)c3cccc4cccc(c34)C2=O)CC(C)(C)N1,mono-imide,False,1e- family,Cc1ccc(CN2C(C)(C)CC(N3C(=O)c4cccc5cccc(c45)C3=O)CC2(C)C)cc1,N-benzyl (amine N-H),mono-imide,False,"single reversible wave only (N-alkyl phthalimides, Daub 2021)",False,440.587,1.0,60.8,2.66,neutral,0.0,33.0,True
D3TaLES,10MDLL,CC1(C)CC(N2C(=O)c3ccc4ccccc4c3C2=O)CC(C)(C)N1,2.58,0.5084,0.8671,7.514,1.192,CC1(C)CC(N2C(=O)c3ccc4ccccc4c3C2=O)CC(C)(C)N1,mono-imide,False,1e- family,Cc1ccc(CN2C(C)(C)CC(N3C(=O)c4ccc5ccccc5c4C3=O)CC2(C)C)cc1,N-benzyl (amine N-H),mono-imide,False,"single reversible wave only (N-alkyl phthalimides, Daub 2021)",False,440.587,1.0,60.8,2.68,neutral,0.0,33.0,True
D3TaLES,10HCAC,CC1(C)CC(N2C(=O)c3cc4ccccc4cc3C2=O)CC(C)(C)N1,2.54,0.5816,0.8047,7.136,1.063,CC1(C)CC(N2C(=O)c3cc4ccccc4cc3C2=O)CC(C)(C)N1,mono-imide,False,1e- family,Cc1ccc(CN2C(C)(C)CC(N3C(=O)c4cc5ccccc5cc4C3=O)CC2(C)C)cc1,N-benzyl (amine N-H),mono-imide,False,"single reversible wave only (N-alkyl phthalimides, Daub 2021)",False,440.587,1.0,60.8,2.65,neutral,0.0,33.0,True
D3TaLES,07LRRS,CC1(C)CC(O)CC(C)(C)N1[O],3.02,1.491,0.9341,6.424,0.943,CC1(C)CC(O)CC(C)(C)N1[O],nitroxide,False,1e- family,Cc1ccc(COC2CC(C)(C)N([O])C(C)(C)C2)cc1,"O-benzyl ether (phenol/enol, Williamson)",nitroxide,False,1e- oxidation (catholyte),True,276.4,1.0,97.0,2.48,neutral,0.0,20.0,True
D3TaLES,11TVYP,COC1CC(C)(C)N([O])C(C)(C)C1,2.97,,,,,COC1CC(C)(C)N([O])C(C)(C)C1,nitroxide,False,no graft handle,,,nitroxide,False,,,,,,,,,,False
D3TaLES,07QZLX,CC1=C(CCC(=O)O)c2cc3nc(cc4[nH]c(cc5[nH]c(cc1n2)c(C)c5C(C)O)c(C)c4C(C)O)C(C)=C3CCC(=O)O,6.18,0.5335,0.6635,7.706,0.626,CC1=C(CCC(=O)O)c2cc3nc(cc4[nH]c(cc5[nH]c(cc1n2)c(C)c5C(C)O)c(C)c4C(C)O)C(C)=C3CCC(=O)O,,False,unassigned stereo,CC1=C(CCC(=O)O)c2cc3[n+](Cc4ccc(C)cc4)c(cc4[nH]c(cc5[nH]c(cc1n2)c(C)c5C(C)O)c(C)c4C(C)O)C(C)=C3CCC(=O)O,N-benzyl pyridinium (Menshutkin),pyridinium,False,single reduction; parent reported irreversible,False,703.86,1.0,38.1,6.39,inherently-charged (azinium; no neutral form),1.0,52.0,True
D3TaLES,07QZLX,CC1=C(CCC(=O)O)c2cc3nc(cc4[nH]c(cc5[nH]c(cc1n2)c(C)c5C(C)O)c(C)c4C(C)O)C(C)=C3CCC(=O)O,6.18,0.5335,0.6635,7.706,0.626,CC1=C(CCC(=O)O)c2cc3nc(cc4[nH]c(cc5[nH]c(cc1n2)c(C)c5C(C)O)c(C)c4C(C)O)C(C)=C3CCC(=O)O,,False,unassigned stereo,CC1=C(CCC(=O)O)c2cc3[n+](Cc4ccc(C)cc4)c(cc4[nH]c(cc5[nH]c(cc1n2)c(C(C)O)c5C)c(C(C)O)c4C)C(C)=C3CCC(=O)O,N-benzyl pyridinium (Menshutkin),pyridinium,False,single reduction; parent reported irreversible,False,703.86,1.0,38.1,6.39,inherently-charged (azinium; no neutral form),1.0,52.0,True
D3TaLES,02WLHN,NC1NC(=O)c2ncn(COCCO)c2N1,3.84,2.574,1.016,5.284,0.773,NC1NC(=O)c2ncn(COCCO)c2N1,,False,unassigned stereo,Cc1ccc(C[n+]2cn(COCCO)c3c2C(=O)NC(N)N3)cc1,N-benzyl pyridinium (Menshutkin),pyridinium,False,single reduction; parent reported irreversible,False,332.384,1.0,80.6,3.83,inherently-charged (azinium; no neutral form),1.0,24.0,False
D3TaLES,02DKRF,NC1NCc2ncn(COCCO)c2N1,4.15,1.614,1.073,4.978,0.251,NC1NCc2ncn(COCCO)c2N1,,False,unassigned stereo,Cc1ccc(C[n+]2cn(COCCO)c3c2CNC(N)N3)cc1,N-benzyl pyridinium (Menshutkin),pyridinium,False,single reduction; parent reported irreversible,False,318.401,1.0,84.2,3.95,inherently-charged (azinium; no neutral form),1.0,23.0,False
